tournament_id,edition_year,year,team_id,team,team_code,confederation,group,coach,player_name,position,pos_code,jersey_number,date_of_birth,club,caps,goals,is_captain,is_final_squad,source_url,source_as_of
WC-2026,2026,2026,CZE,Czechia,CZE,UEFA,A,Miroslav Koubek,David Douděra,defender,DF,,1998-05-31,Slavia Prague,15,2,FALSE,FALSE,https://en.wikipedia.org/wiki/2026_FIFA_World_Cup_squads,2026-05-22
WC-2026,2026,2026,CZE,Czechia,CZE,UEFA,A,Miroslav Koubek,David Jurásek,defender,DF,,2000-08-07,Slavia Prague,16,1,FALSE,FALSE,https://en.wikipedia.org/wiki/2026_FIFA_World_Cup_squads,2026-05-22
WC-2026,2026,2026,CZE,Czechia,CZE,UEFA,A,Miroslav Koubek,David Zima,defender,DF,,2000-11-08,Slavia Prague,24,1,FALSE,FALSE,https://en.wikipedia.org/wiki/2026_FIFA_World_Cup_squads,2026-05-22
WC-2026,2026,2026,CZE,Czechia,CZE,UEFA,A,Miroslav Koubek,Jaroslav Zelený,defender,DF,,1992-08-20,Sparta Prague,21,0,FALSE,FALSE,https://en.wikipedia.org/wiki/2026_FIFA_World_Cup_squads,2026-05-22
WC-2026,2026,2026,CZE,Czechia,CZE,UEFA,A,Miroslav Koubek,Ladislav Krejčí,defender,DF,,1999-04-20,Wolverhampton Wanderers,25,5,TRUE,FALSE,https://en.wikipedia.org/wiki/2026_FIFA_World_Cup_squads,2026-05-22
WC-2026,2026,2026,CZE,Czechia,CZE,UEFA,A,Miroslav Koubek,Robin Hranáč,defender,DF,,2000-01-29,TSG Hoffenheim,12,1,FALSE,FALSE,https://en.wikipedia.org/wiki/2026_FIFA_World_Cup_squads,2026-05-22
WC-2026,2026,2026,CZE,Czechia,CZE,UEFA,A,Miroslav Koubek,Tomáš Holeš,defender,DF,,1993-03-31,Slavia Prague,39,2,FALSE,FALSE,https://en.wikipedia.org/wiki/2026_FIFA_World_Cup_squads,2026-05-22
WC-2026,2026,2026,CZE,Czechia,CZE,UEFA,A,Miroslav Koubek,Vladimír Coufal,defender,DF,,1992-08-22,TSG Hoffenheim,61,2,FALSE,FALSE,https://en.wikipedia.org/wiki/2026_FIFA_World_Cup_squads,2026-05-22
WC-2026,2026,2026,CZE,Czechia,CZE,UEFA,A,Miroslav Koubek,Štěpán Chaloupek,defender,DF,,2003-03-08,Slavia Prague,3,0,FALSE,FALSE,https://en.wikipedia.org/wiki/2026_FIFA_World_Cup_squads,2026-05-22
WC-2026,2026,2026,CZE,Czechia,CZE,UEFA,A,Miroslav Koubek,Adam Hložek,forward,FW,,2002-07-25,TSG Hoffenheim,41,4,FALSE,FALSE,https://en.wikipedia.org/wiki/2026_FIFA_World_Cup_squads,2026-05-22
WC-2026,2026,2026,CZE,Czechia,CZE,UEFA,A,Miroslav Koubek,Christophe Kabongo,forward,FW,,2003-08-27,Mladá Boleslav,0,0,FALSE,FALSE,https://en.wikipedia.org/wiki/2026_FIFA_World_Cup_squads,2026-05-22
WC-2026,2026,2026,CZE,Czechia,CZE,UEFA,A,Miroslav Koubek,Jan Kuchta,forward,FW,,1997-01-08,Sparta Prague,30,3,FALSE,FALSE,https://en.wikipedia.org/wiki/2026_FIFA_World_Cup_squads,2026-05-22
WC-2026,2026,2026,CZE,Czechia,CZE,UEFA,A,Miroslav Koubek,Mojmír Chytil,forward,FW,,1999-04-29,Slavia Prague,21,6,FALSE,FALSE,https://en.wikipedia.org/wiki/2026_FIFA_World_Cup_squads,2026-05-22
WC-2026,2026,2026,CZE,Czechia,CZE,UEFA,A,Miroslav Koubek,Patrik Schick,forward,FW,,1996-01-24,Bayer Leverkusen,52,25,FALSE,FALSE,https://en.wikipedia.org/wiki/2026_FIFA_World_Cup_squads,2026-05-22
WC-2026,2026,2026,CZE,Czechia,CZE,UEFA,A,Miroslav Koubek,Tomáš Chorý,forward,FW,,1995-01-26,Slavia Prague,21,6,FALSE,FALSE,https://en.wikipedia.org/wiki/2026_FIFA_World_Cup_squads,2026-05-22
WC-2026,2026,2026,CZE,Czechia,CZE,UEFA,A,Miroslav Koubek,Jindřich Staněk,goalkeeper,GK,,1996-04-27,Slavia Prague,14,0,FALSE,FALSE,https://en.wikipedia.org/wiki/2026_FIFA_World_Cup_squads,2026-05-22
WC-2026,2026,2026,CZE,Czechia,CZE,UEFA,A,Miroslav Koubek,Lukáš Horníček,goalkeeper,GK,,2002-07-13,Braga,0,0,FALSE,FALSE,https://en.wikipedia.org/wiki/2026_FIFA_World_Cup_squads,2026-05-22
WC-2026,2026,2026,CZE,Czechia,CZE,UEFA,A,Miroslav Koubek,Matěj Kovář,goalkeeper,GK,,2000-05-17,PSV Eindhoven,19,0,FALSE,FALSE,https://en.wikipedia.org/wiki/2026_FIFA_World_Cup_squads,2026-05-22
WC-2026,2026,2026,CZE,Czechia,CZE,UEFA,A,Miroslav Koubek,Alexandr Sojka,midfielder,MF,,2003-04-02,Viktoria Plzeň,0,0,FALSE,FALSE,https://en.wikipedia.org/wiki/2026_FIFA_World_Cup_squads,2026-05-22
WC-2026,2026,2026,CZE,Czechia,CZE,UEFA,A,Miroslav Koubek,Denis Višinský,midfielder,MF,,2003-03-21,Viktoria Plzeň,0,0,FALSE,FALSE,https://en.wikipedia.org/wiki/2026_FIFA_World_Cup_squads,2026-05-22
WC-2026,2026,2026,CZE,Czechia,CZE,UEFA,A,Miroslav Koubek,Hugo Sochůrek,midfielder,MF,,2008-06-07,Sparta Prague,0,0,FALSE,FALSE,https://en.wikipedia.org/wiki/2026_FIFA_World_Cup_squads,2026-05-22
WC-2026,2026,2026,CZE,Czechia,CZE,UEFA,A,Miroslav Koubek,Lukáš Provod,midfielder,MF,,1996-10-23,Slavia Prague,37,3,FALSE,FALSE,https://en.wikipedia.org/wiki/2026_FIFA_World_Cup_squads,2026-05-22
WC-2026,2026,2026,CZE,Czechia,CZE,UEFA,A,Miroslav Koubek,Lukáš Červ,midfielder,MF,,2001-04-10,Viktoria Plzeň,15,2,FALSE,FALSE,https://en.wikipedia.org/wiki/2026_FIFA_World_Cup_squads,2026-05-22
WC-2026,2026,2026,CZE,Czechia,CZE,UEFA,A,Miroslav Koubek,Michal Sadílek,midfielder,MF,,1999-05-31,Slavia Prague,33,1,FALSE,FALSE,https://en.wikipedia.org/wiki/2026_FIFA_World_Cup_squads,2026-05-22
WC-2026,2026,2026,CZE,Czechia,CZE,UEFA,A,Miroslav Koubek,Pavel Bucha,midfielder,MF,,1998-03-11,FC Cincinnati,0,0,FALSE,FALSE,https://en.wikipedia.org/wiki/2026_FIFA_World_Cup_squads,2026-05-22
WC-2026,2026,2026,CZE,Czechia,CZE,UEFA,A,Miroslav Koubek,Pavel Šulc,midfielder,MF,,2000-12-29,Lyon,20,5,FALSE,FALSE,https://en.wikipedia.org/wiki/2026_FIFA_World_Cup_squads,2026-05-22
WC-2026,2026,2026,CZE,Czechia,CZE,UEFA,A,Miroslav Koubek,Tomáš Ladra,midfielder,MF,,1997-05-24,Viktoria Plzeň,1,0,FALSE,FALSE,https://en.wikipedia.org/wiki/2026_FIFA_World_Cup_squads,2026-05-22
WC-2026,2026,2026,CZE,Czechia,CZE,UEFA,A,Miroslav Koubek,Tomáš Souček,midfielder,MF,,1995-02-27,West Ham United,89,17,FALSE,FALSE,https://en.wikipedia.org/wiki/2026_FIFA_World_Cup_squads,2026-05-22
WC-2026,2026,2026,CZE,Czechia,CZE,UEFA,A,Miroslav Koubek,Vladimír Darida,midfielder,MF,,1990-08-08,Hradec Králové,78,8,FALSE,FALSE,https://en.wikipedia.org/wiki/2026_FIFA_World_Cup_squads,2026-05-22
WC-2026,2026,2026,KOR,Korea Republic,KOR,AFC,A,Hong Myung-bo,Cho Yu-min,defender,DF,,1996-11-17,Sharjah,18,0,FALSE,TRUE,https://en.wikipedia.org/wiki/2026_FIFA_World_Cup_squads,2026-05-22
WC-2026,2026,2026,KOR,Korea Republic,KOR,AFC,A,Hong Myung-bo,Jens Castrop,defender,DF,,2003-07-29,Borussia Mönchengladbach,5,0,FALSE,TRUE,https://en.wikipedia.org/wiki/2026_FIFA_World_Cup_squads,2026-05-22
WC-2026,2026,2026,KOR,Korea Republic,KOR,AFC,A,Hong Myung-bo,Kim Min-jae,defender,DF,,1996-11-15,Bayern Munich,77,4,FALSE,TRUE,https://en.wikipedia.org/wiki/2026_FIFA_World_Cup_squads,2026-05-22
WC-2026,2026,2026,KOR,Korea Republic,KOR,AFC,A,Hong Myung-bo,Kim Moon-hwan,defender,DF,,1995-08-01,Daejeon Hana Citizen,34,0,FALSE,TRUE,https://en.wikipedia.org/wiki/2026_FIFA_World_Cup_squads,2026-05-22
WC-2026,2026,2026,KOR,Korea Republic,KOR,AFC,A,Hong Myung-bo,Kim Tae-hyeon,defender,DF,,2000-09-17,Kashima Antlers,7,0,FALSE,TRUE,https://en.wikipedia.org/wiki/2026_FIFA_World_Cup_squads,2026-05-22
WC-2026,2026,2026,KOR,Korea Republic,KOR,AFC,A,Hong Myung-bo,Lee Han-beom,defender,DF,,2002-06-17,Midtjylland,6,0,FALSE,TRUE,https://en.wikipedia.org/wiki/2026_FIFA_World_Cup_squads,2026-05-22
WC-2026,2026,2026,KOR,Korea Republic,KOR,AFC,A,Hong Myung-bo,Lee Ki-hyuk,defender,DF,,2000-07-07,Gangwon FC,1,0,FALSE,TRUE,https://en.wikipedia.org/wiki/2026_FIFA_World_Cup_squads,2026-05-22
WC-2026,2026,2026,KOR,Korea Republic,KOR,AFC,A,Hong Myung-bo,Lee Tae-seok,defender,DF,,2002-07-28,Austria Wien,14,1,FALSE,TRUE,https://en.wikipedia.org/wiki/2026_FIFA_World_Cup_squads,2026-05-22
WC-2026,2026,2026,KOR,Korea Republic,KOR,AFC,A,Hong Myung-bo,Park Jin-seob,defender,DF,,1995-10-23,Zhejiang FC,12,1,FALSE,TRUE,https://en.wikipedia.org/wiki/2026_FIFA_World_Cup_squads,2026-05-22
WC-2026,2026,2026,KOR,Korea Republic,KOR,AFC,A,Hong Myung-bo,Seol Young-woo,defender,DF,,1998-12-05,Red Star Belgrade,32,0,FALSE,TRUE,https://en.wikipedia.org/wiki/2026_FIFA_World_Cup_squads,2026-05-22
WC-2026,2026,2026,KOR,Korea Republic,KOR,AFC,A,Hong Myung-bo,Cho Gue-sung,forward,FW,,1998-01-25,Midtjylland,42,10,FALSE,TRUE,https://en.wikipedia.org/wiki/2026_FIFA_World_Cup_squads,2026-05-22
WC-2026,2026,2026,KOR,Korea Republic,KOR,AFC,A,Hong Myung-bo,Oh Hyeon-gyu,forward,FW,,2001-04-12,Beşiktaş,26,6,FALSE,TRUE,https://en.wikipedia.org/wiki/2026_FIFA_World_Cup_squads,2026-05-22
WC-2026,2026,2026,KOR,Korea Republic,KOR,AFC,A,Hong Myung-bo,Son Heung-min,forward,FW,,1992-07-08,Los Angeles FC,142,54,TRUE,TRUE,https://en.wikipedia.org/wiki/2026_FIFA_World_Cup_squads,2026-05-22
WC-2026,2026,2026,KOR,Korea Republic,KOR,AFC,A,Hong Myung-bo,Jo Hyeon-woo,goalkeeper,GK,,1991-09-25,Ulsan HD,47,0,FALSE,TRUE,https://en.wikipedia.org/wiki/2026_FIFA_World_Cup_squads,2026-05-22
WC-2026,2026,2026,KOR,Korea Republic,KOR,AFC,A,Hong Myung-bo,Kim Seung-gyu,goalkeeper,GK,,1990-09-30,FC Tokyo,85,0,FALSE,TRUE,https://en.wikipedia.org/wiki/2026_FIFA_World_Cup_squads,2026-05-22
WC-2026,2026,2026,KOR,Korea Republic,KOR,AFC,A,Hong Myung-bo,Song Bum-keun,goalkeeper,GK,,1997-10-15,Jeonbuk Hyundai Motors,2,0,FALSE,TRUE,https://en.wikipedia.org/wiki/2026_FIFA_World_Cup_squads,2026-05-22
WC-2026,2026,2026,KOR,Korea Republic,KOR,AFC,A,Hong Myung-bo,Bae Jun-ho,midfielder,MF,,2003-08-21,Stoke City,12,2,FALSE,TRUE,https://en.wikipedia.org/wiki/2026_FIFA_World_Cup_squads,2026-05-22
WC-2026,2026,2026,KOR,Korea Republic,KOR,AFC,A,Hong Myung-bo,Eom Ji-sung,midfielder,MF,,2002-05-09,Swansea City,8,2,FALSE,TRUE,https://en.wikipedia.org/wiki/2026_FIFA_World_Cup_squads,2026-05-22
WC-2026,2026,2026,KOR,Korea Republic,KOR,AFC,A,Hong Myung-bo,Hwang Hee-chan,midfielder,MF,,1996-01-26,Wolverhampton Wanderers,77,16,FALSE,TRUE,https://en.wikipedia.org/wiki/2026_FIFA_World_Cup_squads,2026-05-22
WC-2026,2026,2026,KOR,Korea Republic,KOR,AFC,A,Hong Myung-bo,Hwang In-beom,midfielder,MF,,1996-09-20,Feyenoord,71,6,FALSE,TRUE,https://en.wikipedia.org/wiki/2026_FIFA_World_Cup_squads,2026-05-22
WC-2026,2026,2026,KOR,Korea Republic,KOR,AFC,A,Hong Myung-bo,Kim Jin-gyu,midfielder,MF,,1997-02-24,Jeonbuk Hyundai Motors,20,3,FALSE,TRUE,https://en.wikipedia.org/wiki/2026_FIFA_World_Cup_squads,2026-05-22
WC-2026,2026,2026,KOR,Korea Republic,KOR,AFC,A,Hong Myung-bo,Lee Dong-gyeong,midfielder,MF,,1997-09-20,Ulsan HD,16,3,FALSE,TRUE,https://en.wikipedia.org/wiki/2026_FIFA_World_Cup_squads,2026-05-22
WC-2026,2026,2026,KOR,Korea Republic,KOR,AFC,A,Hong Myung-bo,Lee Jae-sung,midfielder,MF,,1992-08-10,Mainz 05,103,15,FALSE,TRUE,https://en.wikipedia.org/wiki/2026_FIFA_World_Cup_squads,2026-05-22
WC-2026,2026,2026,KOR,Korea Republic,KOR,AFC,A,Hong Myung-bo,Lee Kang-in,midfielder,MF,,2001-02-19,Paris Saint-Germain,46,11,FALSE,TRUE,https://en.wikipedia.org/wiki/2026_FIFA_World_Cup_squads,2026-05-22
WC-2026,2026,2026,KOR,Korea Republic,KOR,AFC,A,Hong Myung-bo,Paik Seung-ho,midfielder,MF,,1997-03-17,Birmingham City,25,3,FALSE,TRUE,https://en.wikipedia.org/wiki/2026_FIFA_World_Cup_squads,2026-05-22
WC-2026,2026,2026,KOR,Korea Republic,KOR,AFC,A,Hong Myung-bo,Yang Hyun-jun,midfielder,MF,,2002-05-25,Celtic,8,0,FALSE,TRUE,https://en.wikipedia.org/wiki/2026_FIFA_World_Cup_squads,2026-05-22
WC-2026,2026,2026,MEX,Mexico,MEX,CONCACAF,A,Javier Aguirre,Alejandro Gómez,defender,DF,,2002-01-31,Tijuana,1,0,FALSE,FALSE,https://en.wikipedia.org/wiki/2026_FIFA_World_Cup_squads,2026-05-22
WC-2026,2026,2026,MEX,Mexico,MEX,CONCACAF,A,Javier Aguirre,Bryan González,defender,DF,,2003-04-10,Guadalajara,2,0,FALSE,FALSE,https://en.wikipedia.org/wiki/2026_FIFA_World_Cup_squads,2026-05-22
WC-2026,2026,2026,MEX,Mexico,MEX,CONCACAF,A,Javier Aguirre,César Montes,defender,DF,,1997-02-24,Lokomotiv Moscow,65,4,FALSE,FALSE,https://en.wikipedia.org/wiki/2026_FIFA_World_Cup_squads,2026-05-22
WC-2026,2026,2026,MEX,Mexico,MEX,CONCACAF,A,Javier Aguirre,Denzell García,defender,DF,,2003-08-15,Juárez,2,0,FALSE,FALSE,https://en.wikipedia.org/wiki/2026_FIFA_World_Cup_squads,2026-05-22
WC-2026,2026,2026,MEX,Mexico,MEX,CONCACAF,A,Javier Aguirre,Eduardo Águila,defender,DF,,2002-05-17,Atlético San Luis,1,0,FALSE,FALSE,https://en.wikipedia.org/wiki/2026_FIFA_World_Cup_squads,2026-05-22
WC-2026,2026,2026,MEX,Mexico,MEX,CONCACAF,A,Javier Aguirre,Everardo López,defender,DF,,2005-03-23,Toluca,3,0,FALSE,FALSE,https://en.wikipedia.org/wiki/2026_FIFA_World_Cup_squads,2026-05-22
WC-2026,2026,2026,MEX,Mexico,MEX,CONCACAF,A,Javier Aguirre,Israel Reyes,defender,DF,,2000-05-23,América,31,2,FALSE,FALSE,https://en.wikipedia.org/wiki/2026_FIFA_World_Cup_squads,2026-05-22
WC-2026,2026,2026,MEX,Mexico,MEX,CONCACAF,A,Javier Aguirre,Jesús Alberto Angulo,defender,DF,,1998-01-30,UANL,19,0,FALSE,FALSE,https://en.wikipedia.org/wiki/2026_FIFA_World_Cup_squads,2026-05-22
WC-2026,2026,2026,MEX,Mexico,MEX,CONCACAF,A,Javier Aguirre,Jesús Gallardo,defender,DF,,1994-08-15,Toluca,118,3,FALSE,FALSE,https://en.wikipedia.org/wiki/2026_FIFA_World_Cup_squads,2026-05-22
WC-2026,2026,2026,MEX,Mexico,MEX,CONCACAF,A,Javier Aguirre,Johan Vásquez,defender,DF,,1998-10-22,Genoa,44,1,FALSE,FALSE,https://en.wikipedia.org/wiki/2026_FIFA_World_Cup_squads,2026-05-22
WC-2026,2026,2026,MEX,Mexico,MEX,CONCACAF,A,Javier Aguirre,Jorge Sánchez,defender,DF,,1997-12-10,PAOK,56,3,FALSE,FALSE,https://en.wikipedia.org/wiki/2026_FIFA_World_Cup_squads,2026-05-22
WC-2026,2026,2026,MEX,Mexico,MEX,CONCACAF,A,Javier Aguirre,Julián Araujo,defender,DF,,2001-08-13,Celtic,16,0,FALSE,FALSE,https://en.wikipedia.org/wiki/2026_FIFA_World_Cup_squads,2026-05-22
WC-2026,2026,2026,MEX,Mexico,MEX,CONCACAF,A,Javier Aguirre,Luis Rey,defender,DF,,2002-09-14,Puebla,0,0,FALSE,FALSE,https://en.wikipedia.org/wiki/2026_FIFA_World_Cup_squads,2026-05-22
WC-2026,2026,2026,MEX,Mexico,MEX,CONCACAF,A,Javier Aguirre,Mateo Chávez,defender,DF,,2004-05-11,AZ,7,0,FALSE,FALSE,https://en.wikipedia.org/wiki/2026_FIFA_World_Cup_squads,2026-05-22
WC-2026,2026,2026,MEX,Mexico,MEX,CONCACAF,A,Javier Aguirre,Ramón Juárez,defender,DF,,2001-05-03,América,2,0,FALSE,FALSE,https://en.wikipedia.org/wiki/2026_FIFA_World_Cup_squads,2026-05-22
WC-2026,2026,2026,MEX,Mexico,MEX,CONCACAF,A,Javier Aguirre,Richard Ledezma,defender,DF,,2000-09-06,Guadalajara,3,1,FALSE,FALSE,https://en.wikipedia.org/wiki/2026_FIFA_World_Cup_squads,2026-05-22
WC-2026,2026,2026,MEX,Mexico,MEX,CONCACAF,A,Javier Aguirre,Víctor Guzmán,defender,DF,,2002-03-07,Monterrey,6,0,FALSE,FALSE,https://en.wikipedia.org/wiki/2026_FIFA_World_Cup_squads,2026-05-22
WC-2026,2026,2026,MEX,Mexico,MEX,CONCACAF,A,Javier Aguirre,Alexis Vega,forward,FW,,1997-11-25,Toluca,49,7,FALSE,FALSE,https://en.wikipedia.org/wiki/2026_FIFA_World_Cup_squads,2026-05-22
WC-2026,2026,2026,MEX,Mexico,MEX,CONCACAF,A,Javier Aguirre,Armando González,forward,FW,,2003-04-20,Guadalajara,6,1,FALSE,FALSE,https://en.wikipedia.org/wiki/2026_FIFA_World_Cup_squads,2026-05-22
WC-2026,2026,2026,MEX,Mexico,MEX,CONCACAF,A,Javier Aguirre,César Huerta,forward,FW,,2000-12-03,Anderlecht,25,3,FALSE,FALSE,https://en.wikipedia.org/wiki/2026_FIFA_World_Cup_squads,2026-05-22
WC-2026,2026,2026,MEX,Mexico,MEX,CONCACAF,A,Javier Aguirre,Germán Berterame,forward,FW,,1998-11-13,Inter Miami CF,9,2,FALSE,FALSE,https://en.wikipedia.org/wiki/2026_FIFA_World_Cup_squads,2026-05-22
WC-2026,2026,2026,MEX,Mexico,MEX,CONCACAF,A,Javier Aguirre,Guillermo Martínez,forward,FW,,1995-03-15,UNAM,9,2,FALSE,FALSE,https://en.wikipedia.org/wiki/2026_FIFA_World_Cup_squads,2026-05-22
WC-2026,2026,2026,MEX,Mexico,MEX,CONCACAF,A,Javier Aguirre,Julián Quiñones,forward,FW,,1997-03-24,Al-Qadsiah,20,2,FALSE,FALSE,https://en.wikipedia.org/wiki/2026_FIFA_World_Cup_squads,2026-05-22
WC-2026,2026,2026,MEX,Mexico,MEX,CONCACAF,A,Javier Aguirre,Raúl Jiménez,forward,FW,,1991-05-05,Fulham,123,44,FALSE,FALSE,https://en.wikipedia.org/wiki/2026_FIFA_World_Cup_squads,2026-05-22
WC-2026,2026,2026,MEX,Mexico,MEX,CONCACAF,A,Javier Aguirre,Santiago Giménez,forward,FW,,2001-04-18,Milan,46,6,FALSE,FALSE,https://en.wikipedia.org/wiki/2026_FIFA_World_Cup_squads,2026-05-22
WC-2026,2026,2026,MEX,Mexico,MEX,CONCACAF,A,Javier Aguirre,Alex Padilla,goalkeeper,GK,,2003-09-01,Athletic Bilbao,0,0,FALSE,FALSE,https://en.wikipedia.org/wiki/2026_FIFA_World_Cup_squads,2026-05-22
WC-2026,2026,2026,MEX,Mexico,MEX,CONCACAF,A,Javier Aguirre,Carlos Acevedo,goalkeeper,GK,,1996-04-19,Santos Laguna,6,0,FALSE,FALSE,https://en.wikipedia.org/wiki/2026_FIFA_World_Cup_squads,2026-05-22
WC-2026,2026,2026,MEX,Mexico,MEX,CONCACAF,A,Javier Aguirre,Carlos Moreno,goalkeeper,GK,,1998-01-29,Pachuca,0,0,FALSE,FALSE,https://en.wikipedia.org/wiki/2026_FIFA_World_Cup_squads,2026-05-22
WC-2026,2026,2026,MEX,Mexico,MEX,CONCACAF,A,Javier Aguirre,Guillermo Ochoa,goalkeeper,GK,,1985-07-13,AEL Limassol,151,0,FALSE,FALSE,https://en.wikipedia.org/wiki/2026_FIFA_World_Cup_squads,2026-05-22
WC-2026,2026,2026,MEX,Mexico,MEX,CONCACAF,A,Javier Aguirre,José Antonio Rodríguez,goalkeeper,GK,,1992-07-04,Tijuana,2,0,FALSE,FALSE,https://en.wikipedia.org/wiki/2026_FIFA_World_Cup_squads,2026-05-22
WC-2026,2026,2026,MEX,Mexico,MEX,CONCACAF,A,Javier Aguirre,Raúl Rangel,goalkeeper,GK,,2000-02-25,Guadalajara,11,0,FALSE,FALSE,https://en.wikipedia.org/wiki/2026_FIFA_World_Cup_squads,2026-05-22
WC-2026,2026,2026,MEX,Mexico,MEX,CONCACAF,A,Javier Aguirre,Alexis Gutiérrez,midfielder,MF,,2001-02-26,América,5,0,FALSE,FALSE,https://en.wikipedia.org/wiki/2026_FIFA_World_Cup_squads,2026-05-22
WC-2026,2026,2026,MEX,Mexico,MEX,CONCACAF,A,Javier Aguirre,Alexéi Domínguez,midfielder,MF,,2005-01-03,Pachuca,0,0,FALSE,FALSE,https://en.wikipedia.org/wiki/2026_FIFA_World_Cup_squads,2026-05-22
WC-2026,2026,2026,MEX,Mexico,MEX,CONCACAF,A,Javier Aguirre,Brian Gutiérrez,midfielder,MF,,2003-06-17,Guadalajara,5,1,FALSE,FALSE,https://en.wikipedia.org/wiki/2026_FIFA_World_Cup_squads,2026-05-22
WC-2026,2026,2026,MEX,Mexico,MEX,CONCACAF,A,Javier Aguirre,Carlos Rodríguez,midfielder,MF,,1997-01-03,Cruz Azul,67,0,FALSE,FALSE,https://en.wikipedia.org/wiki/2026_FIFA_World_Cup_squads,2026-05-22
WC-2026,2026,2026,MEX,Mexico,MEX,CONCACAF,A,Javier Aguirre,Diego Lainez,midfielder,MF,,2000-06-09,UANL,33,3,FALSE,FALSE,https://en.wikipedia.org/wiki/2026_FIFA_World_Cup_squads,2026-05-22
WC-2026,2026,2026,MEX,Mexico,MEX,CONCACAF,A,Javier Aguirre,Edson Álvarez,midfielder,MF,,1997-10-24,Fenerbahçe,95,7,TRUE,FALSE,https://en.wikipedia.org/wiki/2026_FIFA_World_Cup_squads,2026-05-22
WC-2026,2026,2026,MEX,Mexico,MEX,CONCACAF,A,Javier Aguirre,Efraín Álvarez,midfielder,MF,,2002-06-19,Guadalajara,7,1,FALSE,FALSE,https://en.wikipedia.org/wiki/2026_FIFA_World_Cup_squads,2026-05-22
WC-2026,2026,2026,MEX,Mexico,MEX,CONCACAF,A,Javier Aguirre,Elías Montiel,midfielder,MF,,2005-10-07,Pachuca,0,0,FALSE,FALSE,https://en.wikipedia.org/wiki/2026_FIFA_World_Cup_squads,2026-05-22
WC-2026,2026,2026,MEX,Mexico,MEX,CONCACAF,A,Javier Aguirre,Gilberto Mora,midfielder,MF,,2008-10-14,Tijuana,5,0,FALSE,FALSE,https://en.wikipedia.org/wiki/2026_FIFA_World_Cup_squads,2026-05-22
WC-2026,2026,2026,MEX,Mexico,MEX,CONCACAF,A,Javier Aguirre,Isaías Violante,midfielder,MF,,2003-10-20,América,0,0,FALSE,FALSE,https://en.wikipedia.org/wiki/2026_FIFA_World_Cup_squads,2026-05-22
WC-2026,2026,2026,MEX,Mexico,MEX,CONCACAF,A,Javier Aguirre,Jeremy Márquez,midfielder,MF,,2000-06-21,Cruz Azul,0,0,FALSE,FALSE,https://en.wikipedia.org/wiki/2026_FIFA_World_Cup_squads,2026-05-22
WC-2026,2026,2026,MEX,Mexico,MEX,CONCACAF,A,Javier Aguirre,Jesús Ricardo Angulo,midfielder,MF,,1997-02-20,Toluca,3,1,FALSE,FALSE,https://en.wikipedia.org/wiki/2026_FIFA_World_Cup_squads,2026-05-22
WC-2026,2026,2026,MEX,Mexico,MEX,CONCACAF,A,Javier Aguirre,Jordán Carrillo,midfielder,MF,,2001-11-30,UNAM,2,0,FALSE,FALSE,https://en.wikipedia.org/wiki/2026_FIFA_World_Cup_squads,2026-05-22
WC-2026,2026,2026,MEX,Mexico,MEX,CONCACAF,A,Javier Aguirre,Jorge Ruvalcaba,midfielder,MF,,2001-07-23,New York Red Bulls,1,0,FALSE,FALSE,https://en.wikipedia.org/wiki/2026_FIFA_World_Cup_squads,2026-05-22
WC-2026,2026,2026,MEX,Mexico,MEX,CONCACAF,A,Javier Aguirre,Kevin Castañeda,midfielder,MF,,1999-10-28,Tijuana,2,0,FALSE,FALSE,https://en.wikipedia.org/wiki/2026_FIFA_World_Cup_squads,2026-05-22
WC-2026,2026,2026,MEX,Mexico,MEX,CONCACAF,A,Javier Aguirre,Luis Chávez,midfielder,MF,,1996-01-15,Dynamo Moscow,42,4,FALSE,FALSE,https://en.wikipedia.org/wiki/2026_FIFA_World_Cup_squads,2026-05-22
WC-2026,2026,2026,MEX,Mexico,MEX,CONCACAF,A,Javier Aguirre,Luis Romo,midfielder,MF,,1995-06-05,Guadalajara,60,4,FALSE,FALSE,https://en.wikipedia.org/wiki/2026_FIFA_World_Cup_squads,2026-05-22
WC-2026,2026,2026,MEX,Mexico,MEX,CONCACAF,A,Javier Aguirre,Marcel Ruiz,midfielder,MF,,2000-10-26,Toluca,17,0,FALSE,FALSE,https://en.wikipedia.org/wiki/2026_FIFA_World_Cup_squads,2026-05-22
WC-2026,2026,2026,MEX,Mexico,MEX,CONCACAF,A,Javier Aguirre,Obed Vargas,midfielder,MF,,2005-08-05,Atlético Madrid,5,0,FALSE,FALSE,https://en.wikipedia.org/wiki/2026_FIFA_World_Cup_squads,2026-05-22
WC-2026,2026,2026,MEX,Mexico,MEX,CONCACAF,A,Javier Aguirre,Orbelín Pineda,midfielder,MF,,1996-03-24,AEK Athens,90,12,FALSE,FALSE,https://en.wikipedia.org/wiki/2026_FIFA_World_Cup_squads,2026-05-22
WC-2026,2026,2026,MEX,Mexico,MEX,CONCACAF,A,Javier Aguirre,Roberto Alvarado,midfielder,MF,,1998-09-07,Guadalajara,65,5,FALSE,FALSE,https://en.wikipedia.org/wiki/2026_FIFA_World_Cup_squads,2026-05-22
WC-2026,2026,2026,MEX,Mexico,MEX,CONCACAF,A,Javier Aguirre,Álvaro Fidalgo,midfielder,MF,,1997-04-09,Real Betis,2,0,FALSE,FALSE,https://en.wikipedia.org/wiki/2026_FIFA_World_Cup_squads,2026-05-22
WC-2026,2026,2026,MEX,Mexico,MEX,CONCACAF,A,Javier Aguirre,Érick Sánchez,midfielder,MF,,1999-09-27,América,38,3,FALSE,FALSE,https://en.wikipedia.org/wiki/2026_FIFA_World_Cup_squads,2026-05-22
WC-2026,2026,2026,MEX,Mexico,MEX,CONCACAF,A,Javier Aguirre,Érik Lira,midfielder,MF,,2000-05-08,Cruz Azul,22,0,FALSE,FALSE,https://en.wikipedia.org/wiki/2026_FIFA_World_Cup_squads,2026-05-22
WC-2026,2026,2026,RSA,South Africa,RSA,CAF,A,Hugo Broos,Aubrey Modiba,defender,DF,,1995-07-22,Mamelodi Sundowns,44,3,FALSE,FALSE,https://en.wikipedia.org/wiki/2026_FIFA_World_Cup_squads,2026-05-22
WC-2026,2026,2026,RSA,South Africa,RSA,CAF,A,Hugo Broos,Bradley Cross,defender,DF,,2001-01-30,Kaizer Chiefs,0,0,FALSE,FALSE,https://en.wikipedia.org/wiki/2026_FIFA_World_Cup_squads,2026-05-22
WC-2026,2026,2026,RSA,South Africa,RSA,CAF,A,Hugo Broos,Ime Okon,defender,DF,,2004-02-20,Hannover 96,7,1,FALSE,FALSE,https://en.wikipedia.org/wiki/2026_FIFA_World_Cup_squads,2026-05-22
WC-2026,2026,2026,RSA,South Africa,RSA,CAF,A,Hugo Broos,Khuliso Mudau,defender,DF,,1995-04-26,Mamelodi Sundowns,32,1,FALSE,FALSE,https://en.wikipedia.org/wiki/2026_FIFA_World_Cup_squads,2026-05-22
WC-2026,2026,2026,RSA,South Africa,RSA,CAF,A,Hugo Broos,Khulumani Ndamane,defender,DF,,2004-02-05,Mamelodi Sundowns,5,0,FALSE,FALSE,https://en.wikipedia.org/wiki/2026_FIFA_World_Cup_squads,2026-05-22
WC-2026,2026,2026,RSA,South Africa,RSA,CAF,A,Hugo Broos,Mbekezeli Mbokazi,defender,DF,,2005-09-19,Chicago Fire,10,1,FALSE,FALSE,https://en.wikipedia.org/wiki/2026_FIFA_World_Cup_squads,2026-05-22
WC-2026,2026,2026,RSA,South Africa,RSA,CAF,A,Hugo Broos,Nkosinathi Sibisi,defender,DF,,1995-09-22,Orlando Pirates,19,0,FALSE,FALSE,https://en.wikipedia.org/wiki/2026_FIFA_World_Cup_squads,2026-05-22
WC-2026,2026,2026,RSA,South Africa,RSA,CAF,A,Hugo Broos,Olwethu Makhanya,defender,DF,,2004-04-30,Philadelphia Union,0,0,FALSE,FALSE,https://en.wikipedia.org/wiki/2026_FIFA_World_Cup_squads,2026-05-22
WC-2026,2026,2026,RSA,South Africa,RSA,CAF,A,Hugo Broos,Samukele Kabini,defender,DF,,2004-03-15,Molde,5,0,FALSE,FALSE,https://en.wikipedia.org/wiki/2026_FIFA_World_Cup_squads,2026-05-22
WC-2026,2026,2026,RSA,South Africa,RSA,CAF,A,Hugo Broos,Thabang Matuludi,defender,DF,,1999-01-14,Polokwane City,2,0,FALSE,FALSE,https://en.wikipedia.org/wiki/2026_FIFA_World_Cup_squads,2026-05-22
WC-2026,2026,2026,RSA,South Africa,RSA,CAF,A,Hugo Broos,Thabiso Monyane,defender,DF,,2000-04-30,Kaizer Chiefs,2,0,FALSE,FALSE,https://en.wikipedia.org/wiki/2026_FIFA_World_Cup_squads,2026-05-22
WC-2026,2026,2026,RSA,South Africa,RSA,CAF,A,Hugo Broos,Evidence Makgopa,forward,FW,,2000-06-05,Orlando Pirates,26,6,FALSE,FALSE,https://en.wikipedia.org/wiki/2026_FIFA_World_Cup_squads,2026-05-22
WC-2026,2026,2026,RSA,South Africa,RSA,CAF,A,Hugo Broos,Iqraam Rayners,forward,FW,,1995-12-19,Mamelodi Sundowns,13,4,FALSE,FALSE,https://en.wikipedia.org/wiki/2026_FIFA_World_Cup_squads,2026-05-22
WC-2026,2026,2026,RSA,South Africa,RSA,CAF,A,Hugo Broos,Kamogelo Sebelebele,forward,FW,,2002-07-21,Orlando Pirates,2,0,FALSE,FALSE,https://en.wikipedia.org/wiki/2026_FIFA_World_Cup_squads,2026-05-22
WC-2026,2026,2026,RSA,South Africa,RSA,CAF,A,Hugo Broos,Lyle Foster,forward,FW,,2000-05-09,Burnley,26,10,FALSE,FALSE,https://en.wikipedia.org/wiki/2026_FIFA_World_Cup_squads,2026-05-22
WC-2026,2026,2026,RSA,South Africa,RSA,CAF,A,Hugo Broos,Oswin Appollis,forward,FW,,2001-08-25,Orlando Pirates,25,8,FALSE,FALSE,https://en.wikipedia.org/wiki/2026_FIFA_World_Cup_squads,2026-05-22
WC-2026,2026,2026,RSA,South Africa,RSA,CAF,A,Hugo Broos,Patrick Maswanganyi,forward,FW,,1998-04-04,Orlando Pirates,5,2,FALSE,FALSE,https://en.wikipedia.org/wiki/2026_FIFA_World_Cup_squads,2026-05-22
WC-2026,2026,2026,RSA,South Africa,RSA,CAF,A,Hugo Broos,Relebohile Mofokeng,forward,FW,,2004-10-23,Orlando Pirates,12,0,FALSE,FALSE,https://en.wikipedia.org/wiki/2026_FIFA_World_Cup_squads,2026-05-22
WC-2026,2026,2026,RSA,South Africa,RSA,CAF,A,Hugo Broos,Thapelo Maseko,forward,FW,,2003-11-11,AEL Limassol,9,1,FALSE,FALSE,https://en.wikipedia.org/wiki/2026_FIFA_World_Cup_squads,2026-05-22
WC-2026,2026,2026,RSA,South Africa,RSA,CAF,A,Hugo Broos,Thapelo Morena,forward,FW,,1993-08-06,Mamelodi Sundowns,33,3,FALSE,FALSE,https://en.wikipedia.org/wiki/2026_FIFA_World_Cup_squads,2026-05-22
WC-2026,2026,2026,RSA,South Africa,RSA,CAF,A,Hugo Broos,Tshepang Moremi,forward,FW,,2000-10-02,Orlando Pirates,9,1,FALSE,FALSE,https://en.wikipedia.org/wiki/2026_FIFA_World_Cup_squads,2026-05-22
WC-2026,2026,2026,RSA,South Africa,RSA,CAF,A,Hugo Broos,Brandon Petersen,goalkeeper,GK,,1994-09-22,Kaizer Chiefs,0,0,FALSE,FALSE,https://en.wikipedia.org/wiki/2026_FIFA_World_Cup_squads,2026-05-22
WC-2026,2026,2026,RSA,South Africa,RSA,CAF,A,Hugo Broos,Ricardo Goss,goalkeeper,GK,,1994-04-02,Siwelele,4,0,FALSE,FALSE,https://en.wikipedia.org/wiki/2026_FIFA_World_Cup_squads,2026-05-22
WC-2026,2026,2026,RSA,South Africa,RSA,CAF,A,Hugo Broos,Ronwen Williams,goalkeeper,GK,,1992-01-21,Mamelodi Sundowns,62,0,TRUE,FALSE,https://en.wikipedia.org/wiki/2026_FIFA_World_Cup_squads,2026-05-22
WC-2026,2026,2026,RSA,South Africa,RSA,CAF,A,Hugo Broos,Sipho Chaine,goalkeeper,GK,,1996-12-14,Orlando Pirates,3,0,FALSE,FALSE,https://en.wikipedia.org/wiki/2026_FIFA_World_Cup_squads,2026-05-22
WC-2026,2026,2026,RSA,South Africa,RSA,CAF,A,Hugo Broos,Brooklyn Poggenpoel,midfielder,MF,,1999-10-03,Durban City,0,0,FALSE,FALSE,https://en.wikipedia.org/wiki/2026_FIFA_World_Cup_squads,2026-05-22
WC-2026,2026,2026,RSA,South Africa,RSA,CAF,A,Hugo Broos,Jayden Adams,midfielder,MF,,2001-05-05,Mamelodi Sundowns,4,0,FALSE,FALSE,https://en.wikipedia.org/wiki/2026_FIFA_World_Cup_squads,2026-05-22
WC-2026,2026,2026,RSA,South Africa,RSA,CAF,A,Hugo Broos,Lebohang Maboe,midfielder,MF,,1994-09-17,Kaizer Chiefs,17,3,FALSE,FALSE,https://en.wikipedia.org/wiki/2026_FIFA_World_Cup_squads,2026-05-22
WC-2026,2026,2026,RSA,South Africa,RSA,CAF,A,Hugo Broos,Sphephelo Sithole,midfielder,MF,,1999-03-03,Tondela,27,1,FALSE,FALSE,https://en.wikipedia.org/wiki/2026_FIFA_World_Cup_squads,2026-05-22
WC-2026,2026,2026,RSA,South Africa,RSA,CAF,A,Hugo Broos,Teboho Mokoena,midfielder,MF,,1997-01-24,Mamelodi Sundowns,51,9,FALSE,FALSE,https://en.wikipedia.org/wiki/2026_FIFA_World_Cup_squads,2026-05-22
WC-2026,2026,2026,RSA,South Africa,RSA,CAF,A,Hugo Broos,Thalente Mbatha,midfielder,MF,,2000-03-06,Orlando Pirates,14,3,FALSE,FALSE,https://en.wikipedia.org/wiki/2026_FIFA_World_Cup_squads,2026-05-22
WC-2026,2026,2026,RSA,South Africa,RSA,CAF,A,Hugo Broos,Themba Zwane,midfielder,MF,,1989-08-03,Mamelodi Sundowns,53,12,FALSE,FALSE,https://en.wikipedia.org/wiki/2026_FIFA_World_Cup_squads,2026-05-22
WC-2026,2026,2026,BIH,Bosnia and Herzegovina,BIH,UEFA,B,Sergej Barbarez,Amar Dedić,defender,DF,,2002-08-18,Benfica,26,1,FALSE,TRUE,https://en.wikipedia.org/wiki/2026_FIFA_World_Cup_squads,2026-05-22
WC-2026,2026,2026,BIH,Bosnia and Herzegovina,BIH,UEFA,B,Sergej Barbarez,Dennis Hadžikadunić,defender,DF,,1998-07-09,Sampdoria,30,0,FALSE,TRUE,https://en.wikipedia.org/wiki/2026_FIFA_World_Cup_squads,2026-05-22
WC-2026,2026,2026,BIH,Bosnia and Herzegovina,BIH,UEFA,B,Sergej Barbarez,Nidal Čelik,defender,DF,,2006-07-17,Lens,0,0,FALSE,TRUE,https://en.wikipedia.org/wiki/2026_FIFA_World_Cup_squads,2026-05-22
WC-2026,2026,2026,BIH,Bosnia and Herzegovina,BIH,UEFA,B,Sergej Barbarez,Nihad Mujakić,defender,DF,,1998-04-15,Gaziantep,10,1,FALSE,TRUE,https://en.wikipedia.org/wiki/2026_FIFA_World_Cup_squads,2026-05-22
WC-2026,2026,2026,BIH,Bosnia and Herzegovina,BIH,UEFA,B,Sergej Barbarez,Nikola Katić,defender,DF,,1996-10-10,Schalke 04,15,1,FALSE,TRUE,https://en.wikipedia.org/wiki/2026_FIFA_World_Cup_squads,2026-05-22
WC-2026,2026,2026,BIH,Bosnia and Herzegovina,BIH,UEFA,B,Sergej Barbarez,Sead Kolašinac,defender,DF,,1993-06-20,Atalanta,64,0,FALSE,TRUE,https://en.wikipedia.org/wiki/2026_FIFA_World_Cup_squads,2026-05-22
WC-2026,2026,2026,BIH,Bosnia and Herzegovina,BIH,UEFA,B,Sergej Barbarez,Stjepan Radeljić,defender,DF,,1997-09-05,Rijeka,4,0,FALSE,TRUE,https://en.wikipedia.org/wiki/2026_FIFA_World_Cup_squads,2026-05-22
WC-2026,2026,2026,BIH,Bosnia and Herzegovina,BIH,UEFA,B,Sergej Barbarez,Tarik Muharemović,defender,DF,,2003-02-28,Sassuolo,12,1,FALSE,TRUE,https://en.wikipedia.org/wiki/2026_FIFA_World_Cup_squads,2026-05-22
WC-2026,2026,2026,BIH,Bosnia and Herzegovina,BIH,UEFA,B,Sergej Barbarez,Edin Džeko,forward,FW,,1986-03-17,Schalke 04,148,73,TRUE,TRUE,https://en.wikipedia.org/wiki/2026_FIFA_World_Cup_squads,2026-05-22
WC-2026,2026,2026,BIH,Bosnia and Herzegovina,BIH,UEFA,B,Sergej Barbarez,Ermedin Demirović,forward,FW,,1998-03-25,VfB Stuttgart,38,4,FALSE,TRUE,https://en.wikipedia.org/wiki/2026_FIFA_World_Cup_squads,2026-05-22
WC-2026,2026,2026,BIH,Bosnia and Herzegovina,BIH,UEFA,B,Sergej Barbarez,Haris Tabaković,forward,FW,,1994-06-20,Borussia Mönchengladbach,10,4,FALSE,TRUE,https://en.wikipedia.org/wiki/2026_FIFA_World_Cup_squads,2026-05-22
WC-2026,2026,2026,BIH,Bosnia and Herzegovina,BIH,UEFA,B,Sergej Barbarez,Jovo Lukić,forward,FW,,1998-11-28,Universitatea Cluj,1,0,FALSE,TRUE,https://en.wikipedia.org/wiki/2026_FIFA_World_Cup_squads,2026-05-22
WC-2026,2026,2026,BIH,Bosnia and Herzegovina,BIH,UEFA,B,Sergej Barbarez,Samed Baždar,forward,FW,,2004-01-31,Jagiellonia Białystok,11,1,FALSE,TRUE,https://en.wikipedia.org/wiki/2026_FIFA_World_Cup_squads,2026-05-22
WC-2026,2026,2026,BIH,Bosnia and Herzegovina,BIH,UEFA,B,Sergej Barbarez,Martin Zlomislić,goalkeeper,GK,,1998-08-16,Rijeka,2,0,FALSE,TRUE,https://en.wikipedia.org/wiki/2026_FIFA_World_Cup_squads,2026-05-22
WC-2026,2026,2026,BIH,Bosnia and Herzegovina,BIH,UEFA,B,Sergej Barbarez,Nikola Vasilj,goalkeeper,GK,,1995-12-02,FC St. Pauli,25,0,FALSE,TRUE,https://en.wikipedia.org/wiki/2026_FIFA_World_Cup_squads,2026-05-22
WC-2026,2026,2026,BIH,Bosnia and Herzegovina,BIH,UEFA,B,Sergej Barbarez,Osman Hadžikić,goalkeeper,GK,,1996-03-12,Slaven Belupo,0,0,FALSE,TRUE,https://en.wikipedia.org/wiki/2026_FIFA_World_Cup_squads,2026-05-22
WC-2026,2026,2026,BIH,Bosnia and Herzegovina,BIH,UEFA,B,Sergej Barbarez,Amar Memić,midfielder,MF,,2001-01-20,Viktoria Plzeň,11,1,FALSE,TRUE,https://en.wikipedia.org/wiki/2026_FIFA_World_Cup_squads,2026-05-22
WC-2026,2026,2026,BIH,Bosnia and Herzegovina,BIH,UEFA,B,Sergej Barbarez,Amir Hadžiahmetović,midfielder,MF,,1997-03-08,Hull City,34,0,FALSE,TRUE,https://en.wikipedia.org/wiki/2026_FIFA_World_Cup_squads,2026-05-22
WC-2026,2026,2026,BIH,Bosnia and Herzegovina,BIH,UEFA,B,Sergej Barbarez,Armin Gigović,midfielder,MF,,2002-04-06,Young Boys,18,1,FALSE,TRUE,https://en.wikipedia.org/wiki/2026_FIFA_World_Cup_squads,2026-05-22
WC-2026,2026,2026,BIH,Bosnia and Herzegovina,BIH,UEFA,B,Sergej Barbarez,Benjamin Tahirović,midfielder,MF,,2003-03-03,Brøndby,26,2,FALSE,TRUE,https://en.wikipedia.org/wiki/2026_FIFA_World_Cup_squads,2026-05-22
WC-2026,2026,2026,BIH,Bosnia and Herzegovina,BIH,UEFA,B,Sergej Barbarez,Dženis Burnić,midfielder,MF,,1998-05-22,Karlsruher SC,18,0,FALSE,TRUE,https://en.wikipedia.org/wiki/2026_FIFA_World_Cup_squads,2026-05-22
WC-2026,2026,2026,BIH,Bosnia and Herzegovina,BIH,UEFA,B,Sergej Barbarez,Ermin Mahmić,midfielder,MF,,2005-03-14,Slovan Liberec,0,0,FALSE,TRUE,https://en.wikipedia.org/wiki/2026_FIFA_World_Cup_squads,2026-05-22
WC-2026,2026,2026,BIH,Bosnia and Herzegovina,BIH,UEFA,B,Sergej Barbarez,Esmir Bajraktarević,midfielder,MF,,2005-03-10,PSV Eindhoven,14,1,FALSE,TRUE,https://en.wikipedia.org/wiki/2026_FIFA_World_Cup_squads,2026-05-22
WC-2026,2026,2026,BIH,Bosnia and Herzegovina,BIH,UEFA,B,Sergej Barbarez,Ivan Bašić,midfielder,MF,,2002-04-30,Astana,15,0,FALSE,TRUE,https://en.wikipedia.org/wiki/2026_FIFA_World_Cup_squads,2026-05-22
WC-2026,2026,2026,BIH,Bosnia and Herzegovina,BIH,UEFA,B,Sergej Barbarez,Ivan Šunjić,midfielder,MF,,1996-10-09,Pafos,11,0,FALSE,TRUE,https://en.wikipedia.org/wiki/2026_FIFA_World_Cup_squads,2026-05-22
WC-2026,2026,2026,BIH,Bosnia and Herzegovina,BIH,UEFA,B,Sergej Barbarez,Kerim Alajbegović,midfielder,MF,,2007-09-21,Red Bull Salzburg,8,1,FALSE,TRUE,https://en.wikipedia.org/wiki/2026_FIFA_World_Cup_squads,2026-05-22
WC-2026,2026,2026,QAT,Qatar,QAT,AFC,B,Julen Lopetegui,Al-Hashmi Al-Hussain,defender,DF,,2003-08-15,Al-Arabi,6,0,FALSE,FALSE,https://en.wikipedia.org/wiki/2026_FIFA_World_Cup_squads,2026-05-22
WC-2026,2026,2026,QAT,Qatar,QAT,AFC,B,Julen Lopetegui,Ayoub Al-Oui,defender,DF,,2005-03-11,Al-Gharafa,4,0,FALSE,FALSE,https://en.wikipedia.org/wiki/2026_FIFA_World_Cup_squads,2026-05-22
WC-2026,2026,2026,QAT,Qatar,QAT,AFC,B,Julen Lopetegui,Bassam Al-Rawi,defender,DF,,1997-12-16,Al-Duhail,70,2,FALSE,FALSE,https://en.wikipedia.org/wiki/2026_FIFA_World_Cup_squads,2026-05-22
WC-2026,2026,2026,QAT,Qatar,QAT,AFC,B,Julen Lopetegui,Boualem Khoukhi,defender,DF,,1990-07-09,Al-Sadd,114,20,FALSE,FALSE,https://en.wikipedia.org/wiki/2026_FIFA_World_Cup_squads,2026-05-22
WC-2026,2026,2026,QAT,Qatar,QAT,AFC,B,Julen Lopetegui,Homam Ahmed,defender,DF,,1999-08-25,Cultural Leonesa,66,3,FALSE,FALSE,https://en.wikipedia.org/wiki/2026_FIFA_World_Cup_squads,2026-05-22
WC-2026,2026,2026,QAT,Qatar,QAT,AFC,B,Julen Lopetegui,Issa Laye,defender,DF,,1997-12-22,Al-Arabi,2,0,FALSE,FALSE,https://en.wikipedia.org/wiki/2026_FIFA_World_Cup_squads,2026-05-22
WC-2026,2026,2026,QAT,Qatar,QAT,AFC,B,Julen Lopetegui,Lucas Mendes,defender,DF,,1990-07-03,Al-Wakrah,24,1,FALSE,FALSE,https://en.wikipedia.org/wiki/2026_FIFA_World_Cup_squads,2026-05-22
WC-2026,2026,2026,QAT,Qatar,QAT,AFC,B,Julen Lopetegui,Niall Mason,defender,DF,,1997-01-10,Qatar SC,0,0,FALSE,FALSE,https://en.wikipedia.org/wiki/2026_FIFA_World_Cup_squads,2026-05-22
WC-2026,2026,2026,QAT,Qatar,QAT,AFC,B,Julen Lopetegui,Pedro Miguel,defender,DF,,1990-08-06,Al-Sadd,97,3,FALSE,FALSE,https://en.wikipedia.org/wiki/2026_FIFA_World_Cup_squads,2026-05-22
WC-2026,2026,2026,QAT,Qatar,QAT,AFC,B,Julen Lopetegui,Rayyan Al-Ali,defender,DF,,2006-03-26,Al-Gharafa,0,0,FALSE,FALSE,https://en.wikipedia.org/wiki/2026_FIFA_World_Cup_squads,2026-05-22
WC-2026,2026,2026,QAT,Qatar,QAT,AFC,B,Julen Lopetegui,Sultan Al-Brake,defender,DF,,1996-04-07,Al-Duhail,16,0,FALSE,FALSE,https://en.wikipedia.org/wiki/2026_FIFA_World_Cup_squads,2026-05-22
WC-2026,2026,2026,QAT,Qatar,QAT,AFC,B,Julen Lopetegui,Tarek Salman,defender,DF,,1997-12-05,Al-Sadd,90,0,FALSE,FALSE,https://en.wikipedia.org/wiki/2026_FIFA_World_Cup_squads,2026-05-22
WC-2026,2026,2026,QAT,Qatar,QAT,AFC,B,Julen Lopetegui,Ahmed Al-Ganehi,forward,FW,,2000-09-22,Al-Gharafa,13,1,FALSE,FALSE,https://en.wikipedia.org/wiki/2026_FIFA_World_Cup_squads,2026-05-22
WC-2026,2026,2026,QAT,Qatar,QAT,AFC,B,Julen Lopetegui,Ahmed Alaaeldin,forward,FW,,1993-01-31,Al-Rayyan,66,9,FALSE,FALSE,https://en.wikipedia.org/wiki/2026_FIFA_World_Cup_squads,2026-05-22
WC-2026,2026,2026,QAT,Qatar,QAT,AFC,B,Julen Lopetegui,Akram Afif,forward,FW,,1996-11-18,Al-Sadd,123,39,FALSE,FALSE,https://en.wikipedia.org/wiki/2026_FIFA_World_Cup_squads,2026-05-22
WC-2026,2026,2026,QAT,Qatar,QAT,AFC,B,Julen Lopetegui,Almoez Ali,forward,FW,,1996-08-19,Al-Duhail,114,55,FALSE,FALSE,https://en.wikipedia.org/wiki/2026_FIFA_World_Cup_squads,2026-05-22
WC-2026,2026,2026,QAT,Qatar,QAT,AFC,B,Julen Lopetegui,Edmilson Junior,forward,FW,,1994-08-19,Al-Duhail,14,0,FALSE,FALSE,https://en.wikipedia.org/wiki/2026_FIFA_World_Cup_squads,2026-05-22
WC-2026,2026,2026,QAT,Qatar,QAT,AFC,B,Julen Lopetegui,Hassan Al-Haydos,forward,FW,,1990-12-11,Al-Sadd,184,41,TRUE,FALSE,https://en.wikipedia.org/wiki/2026_FIFA_World_Cup_squads,2026-05-22
WC-2026,2026,2026,QAT,Qatar,QAT,AFC,B,Julen Lopetegui,Mohammed Muntari,forward,FW,,1993-12-20,Al-Gharafa,67,16,FALSE,FALSE,https://en.wikipedia.org/wiki/2026_FIFA_World_Cup_squads,2026-05-22
WC-2026,2026,2026,QAT,Qatar,QAT,AFC,B,Julen Lopetegui,Mubarak Shanan,forward,FW,,2004-02-20,Al-Duhail,2,0,FALSE,FALSE,https://en.wikipedia.org/wiki/2026_FIFA_World_Cup_squads,2026-05-22
WC-2026,2026,2026,QAT,Qatar,QAT,AFC,B,Julen Lopetegui,Sebastián Soria,forward,FW,,1983-11-08,Qatar SC,124,39,FALSE,FALSE,https://en.wikipedia.org/wiki/2026_FIFA_World_Cup_squads,2026-05-22
WC-2026,2026,2026,QAT,Qatar,QAT,AFC,B,Julen Lopetegui,Yusuf Abdurisag,forward,FW,,1999-08-06,Al-Wakrah,37,3,FALSE,FALSE,https://en.wikipedia.org/wiki/2026_FIFA_World_Cup_squads,2026-05-22
WC-2026,2026,2026,QAT,Qatar,QAT,AFC,B,Julen Lopetegui,Fahad Younis,goalkeeper,GK,,1994-07-30,Al-Sailiya,0,0,FALSE,FALSE,https://en.wikipedia.org/wiki/2026_FIFA_World_Cup_squads,2026-05-22
WC-2026,2026,2026,QAT,Qatar,QAT,AFC,B,Julen Lopetegui,Mahmud Abunada,goalkeeper,GK,,2000-02-05,Al-Rayyan,3,0,FALSE,FALSE,https://en.wikipedia.org/wiki/2026_FIFA_World_Cup_squads,2026-05-22
WC-2026,2026,2026,QAT,Qatar,QAT,AFC,B,Julen Lopetegui,Meshaal Barsham,goalkeeper,GK,,1998-02-14,Al-Sadd,52,0,FALSE,FALSE,https://en.wikipedia.org/wiki/2026_FIFA_World_Cup_squads,2026-05-22
WC-2026,2026,2026,QAT,Qatar,QAT,AFC,B,Julen Lopetegui,Salah Zakaria,goalkeeper,GK,,1999-04-24,Al-Duhail,8,0,FALSE,FALSE,https://en.wikipedia.org/wiki/2026_FIFA_World_Cup_squads,2026-05-22
WC-2026,2026,2026,QAT,Qatar,QAT,AFC,B,Julen Lopetegui,Shehab Ellethy,goalkeeper,GK,,2000-04-18,Al-Shahaniya,1,0,FALSE,FALSE,https://en.wikipedia.org/wiki/2026_FIFA_World_Cup_squads,2026-05-22
WC-2026,2026,2026,QAT,Qatar,QAT,AFC,B,Julen Lopetegui,Abdulaziz Hatem,midfielder,MF,,1990-10-28,Al-Rayyan,116,11,FALSE,FALSE,https://en.wikipedia.org/wiki/2026_FIFA_World_Cup_squads,2026-05-22
WC-2026,2026,2026,QAT,Qatar,QAT,AFC,B,Julen Lopetegui,Ahmed Fathy,midfielder,MF,,1993-01-25,Al-Arabi,46,0,FALSE,FALSE,https://en.wikipedia.org/wiki/2026_FIFA_World_Cup_squads,2026-05-22
WC-2026,2026,2026,QAT,Qatar,QAT,AFC,B,Julen Lopetegui,Assim Madibo,midfielder,MF,,1996-10-22,Al-Wakrah,49,0,FALSE,FALSE,https://en.wikipedia.org/wiki/2026_FIFA_World_Cup_squads,2026-05-22
WC-2026,2026,2026,QAT,Qatar,QAT,AFC,B,Julen Lopetegui,Jassem Gaber,midfielder,MF,,2002-02-20,Al-Rayyan,31,1,FALSE,FALSE,https://en.wikipedia.org/wiki/2026_FIFA_World_Cup_squads,2026-05-22
WC-2026,2026,2026,QAT,Qatar,QAT,AFC,B,Julen Lopetegui,Karim Boudiaf,midfielder,MF,,1990-09-16,Al-Duhail,116,5,FALSE,FALSE,https://en.wikipedia.org/wiki/2026_FIFA_World_Cup_squads,2026-05-22
WC-2026,2026,2026,QAT,Qatar,QAT,AFC,B,Julen Lopetegui,Mohamed Al-Mannai,midfielder,MF,,2003-10-30,Al-Shamal,8,0,FALSE,FALSE,https://en.wikipedia.org/wiki/2026_FIFA_World_Cup_squads,2026-05-22
WC-2026,2026,2026,QAT,Qatar,QAT,AFC,B,Julen Lopetegui,Mohammed Waad,midfielder,MF,,1999-09-18,Al-Shamal,49,0,FALSE,FALSE,https://en.wikipedia.org/wiki/2026_FIFA_World_Cup_squads,2026-05-22
WC-2026,2026,2026,QAT,Qatar,QAT,AFC,B,Julen Lopetegui,Tahsin Jamshid,midfielder,MF,,2006-06-16,Al-Duhail,1,0,FALSE,FALSE,https://en.wikipedia.org/wiki/2026_FIFA_World_Cup_squads,2026-05-22
WC-2026,2026,2026,SUI,Switzerland,SUI,UEFA,B,Murat Yakin,Aurèle Amenda,defender,DF,,2003-07-31,Eintracht Frankfurt,6,0,FALSE,TRUE,https://en.wikipedia.org/wiki/2026_FIFA_World_Cup_squads,2026-05-22
WC-2026,2026,2026,SUI,Switzerland,SUI,UEFA,B,Murat Yakin,Eray Cömert,defender,DF,,1998-02-04,Valencia,20,0,FALSE,TRUE,https://en.wikipedia.org/wiki/2026_FIFA_World_Cup_squads,2026-05-22
WC-2026,2026,2026,SUI,Switzerland,SUI,UEFA,B,Murat Yakin,Luca Jaquez,defender,DF,,2003-06-02,VfB Stuttgart,2,0,FALSE,TRUE,https://en.wikipedia.org/wiki/2026_FIFA_World_Cup_squads,2026-05-22
WC-2026,2026,2026,SUI,Switzerland,SUI,UEFA,B,Murat Yakin,Manuel Akanji,defender,DF,,1995-07-19,Inter Milan,79,4,FALSE,TRUE,https://en.wikipedia.org/wiki/2026_FIFA_World_Cup_squads,2026-05-22
WC-2026,2026,2026,SUI,Switzerland,SUI,UEFA,B,Murat Yakin,Miro Muheim,defender,DF,,1998-03-24,Hamburger SV,8,0,FALSE,TRUE,https://en.wikipedia.org/wiki/2026_FIFA_World_Cup_squads,2026-05-22
WC-2026,2026,2026,SUI,Switzerland,SUI,UEFA,B,Murat Yakin,Nico Elvedi,defender,DF,,1996-09-30,Borussia Mönchengladbach,65,3,FALSE,TRUE,https://en.wikipedia.org/wiki/2026_FIFA_World_Cup_squads,2026-05-22
WC-2026,2026,2026,SUI,Switzerland,SUI,UEFA,B,Murat Yakin,Ricardo Rodriguez,defender,DF,,1992-08-25,Real Betis,136,9,FALSE,TRUE,https://en.wikipedia.org/wiki/2026_FIFA_World_Cup_squads,2026-05-22
WC-2026,2026,2026,SUI,Switzerland,SUI,UEFA,B,Murat Yakin,Silvan Widmer,defender,DF,,1993-03-05,Mainz 05,58,5,FALSE,TRUE,https://en.wikipedia.org/wiki/2026_FIFA_World_Cup_squads,2026-05-22
WC-2026,2026,2026,SUI,Switzerland,SUI,UEFA,B,Murat Yakin,Breel Embolo,forward,FW,,1997-02-14,Rennes,85,23,FALSE,TRUE,https://en.wikipedia.org/wiki/2026_FIFA_World_Cup_squads,2026-05-22
WC-2026,2026,2026,SUI,Switzerland,SUI,UEFA,B,Murat Yakin,Cedric Itten,forward,FW,,1996-12-27,Fortuna Düsseldorf,13,5,FALSE,TRUE,https://en.wikipedia.org/wiki/2026_FIFA_World_Cup_squads,2026-05-22
WC-2026,2026,2026,SUI,Switzerland,SUI,UEFA,B,Murat Yakin,Dan Ndoye,forward,FW,,2000-10-25,Nottingham Forest,29,6,FALSE,TRUE,https://en.wikipedia.org/wiki/2026_FIFA_World_Cup_squads,2026-05-22
WC-2026,2026,2026,SUI,Switzerland,SUI,UEFA,B,Murat Yakin,Noah Okafor,forward,FW,,2000-05-24,Leeds United,24,2,FALSE,TRUE,https://en.wikipedia.org/wiki/2026_FIFA_World_Cup_squads,2026-05-22
WC-2026,2026,2026,SUI,Switzerland,SUI,UEFA,B,Murat Yakin,Rubén Vargas,forward,FW,,1998-08-05,Sevilla,60,11,FALSE,TRUE,https://en.wikipedia.org/wiki/2026_FIFA_World_Cup_squads,2026-05-22
WC-2026,2026,2026,SUI,Switzerland,SUI,UEFA,B,Murat Yakin,Zeki Amdouni,forward,FW,,2000-12-04,Burnley,27,11,FALSE,TRUE,https://en.wikipedia.org/wiki/2026_FIFA_World_Cup_squads,2026-05-22
WC-2026,2026,2026,SUI,Switzerland,SUI,UEFA,B,Murat Yakin,Gregor Kobel,goalkeeper,GK,,1997-12-06,Borussia Dortmund,20,0,FALSE,TRUE,https://en.wikipedia.org/wiki/2026_FIFA_World_Cup_squads,2026-05-22
WC-2026,2026,2026,SUI,Switzerland,SUI,UEFA,B,Murat Yakin,Marvin Keller,goalkeeper,GK,,2002-07-03,Young Boys,0,0,FALSE,TRUE,https://en.wikipedia.org/wiki/2026_FIFA_World_Cup_squads,2026-05-22
WC-2026,2026,2026,SUI,Switzerland,SUI,UEFA,B,Murat Yakin,Yvon Mvogo,goalkeeper,GK,,1994-06-06,Lorient,12,0,FALSE,TRUE,https://en.wikipedia.org/wiki/2026_FIFA_World_Cup_squads,2026-05-22
WC-2026,2026,2026,SUI,Switzerland,SUI,UEFA,B,Murat Yakin,Ardon Jashari,midfielder,MF,,2002-07-30,Milan,6,0,FALSE,TRUE,https://en.wikipedia.org/wiki/2026_FIFA_World_Cup_squads,2026-05-22
WC-2026,2026,2026,SUI,Switzerland,SUI,UEFA,B,Murat Yakin,Christian Fassnacht,midfielder,MF,,1993-11-11,Young Boys,21,4,FALSE,TRUE,https://en.wikipedia.org/wiki/2026_FIFA_World_Cup_squads,2026-05-22
WC-2026,2026,2026,SUI,Switzerland,SUI,UEFA,B,Murat Yakin,Denis Zakaria,midfielder,MF,,1996-11-20,Monaco,63,3,FALSE,TRUE,https://en.wikipedia.org/wiki/2026_FIFA_World_Cup_squads,2026-05-22
WC-2026,2026,2026,SUI,Switzerland,SUI,UEFA,B,Murat Yakin,Djibril Sow,midfielder,MF,,1997-02-06,Sevilla,50,0,FALSE,TRUE,https://en.wikipedia.org/wiki/2026_FIFA_World_Cup_squads,2026-05-22
WC-2026,2026,2026,SUI,Switzerland,SUI,UEFA,B,Murat Yakin,Fabian Rieder,midfielder,MF,,2002-02-16,FC Augsburg,27,1,FALSE,TRUE,https://en.wikipedia.org/wiki/2026_FIFA_World_Cup_squads,2026-05-22
WC-2026,2026,2026,SUI,Switzerland,SUI,UEFA,B,Murat Yakin,Granit Xhaka,midfielder,MF,,1992-09-27,Sunderland,144,16,TRUE,TRUE,https://en.wikipedia.org/wiki/2026_FIFA_World_Cup_squads,2026-05-22
WC-2026,2026,2026,SUI,Switzerland,SUI,UEFA,B,Murat Yakin,Johan Manzambi,midfielder,MF,,2005-10-14,SC Freiburg,10,3,FALSE,TRUE,https://en.wikipedia.org/wiki/2026_FIFA_World_Cup_squads,2026-05-22
WC-2026,2026,2026,SUI,Switzerland,SUI,UEFA,B,Murat Yakin,Michel Aebischer,midfielder,MF,,1997-01-06,Pisa,38,2,FALSE,TRUE,https://en.wikipedia.org/wiki/2026_FIFA_World_Cup_squads,2026-05-22
WC-2026,2026,2026,SUI,Switzerland,SUI,UEFA,B,Murat Yakin,Remo Freuler,midfielder,MF,,1992-04-15,Bologna,86,11,FALSE,TRUE,https://en.wikipedia.org/wiki/2026_FIFA_World_Cup_squads,2026-05-22
WC-2026,2026,2026,BRA,Brazil,BRA,CONMEBOL,C,Carlo Ancelotti,Alex Sandro,defender,DF,,1991-01-26,Flamengo,43,2,FALSE,TRUE,https://en.wikipedia.org/wiki/2026_FIFA_World_Cup_squads,2026-05-22
WC-2026,2026,2026,BRA,Brazil,BRA,CONMEBOL,C,Carlo Ancelotti,Bremer,defender,DF,,1997-03-18,Juventus,6,1,FALSE,TRUE,https://en.wikipedia.org/wiki/2026_FIFA_World_Cup_squads,2026-05-22
WC-2026,2026,2026,BRA,Brazil,BRA,CONMEBOL,C,Carlo Ancelotti,Danilo Luiz,defender,DF,,1991-07-15,Flamengo,68,1,FALSE,TRUE,https://en.wikipedia.org/wiki/2026_FIFA_World_Cup_squads,2026-05-22
WC-2026,2026,2026,BRA,Brazil,BRA,CONMEBOL,C,Carlo Ancelotti,Douglas Santos,defender,DF,,1994-03-22,Zenit Saint Petersburg,5,0,FALSE,TRUE,https://en.wikipedia.org/wiki/2026_FIFA_World_Cup_squads,2026-05-22
WC-2026,2026,2026,BRA,Brazil,BRA,CONMEBOL,C,Carlo Ancelotti,Gabriel Magalhães,defender,DF,,1997-12-19,Arsenal,17,1,FALSE,TRUE,https://en.wikipedia.org/wiki/2026_FIFA_World_Cup_squads,2026-05-22
WC-2026,2026,2026,BRA,Brazil,BRA,CONMEBOL,C,Carlo Ancelotti,Léo Pereira,defender,DF,,1996-01-31,Flamengo,2,0,FALSE,TRUE,https://en.wikipedia.org/wiki/2026_FIFA_World_Cup_squads,2026-05-22
WC-2026,2026,2026,BRA,Brazil,BRA,CONMEBOL,C,Carlo Ancelotti,Marquinhos,defender,DF,,1994-05-14,Paris Saint-Germain,104,7,FALSE,TRUE,https://en.wikipedia.org/wiki/2026_FIFA_World_Cup_squads,2026-05-22
WC-2026,2026,2026,BRA,Brazil,BRA,CONMEBOL,C,Carlo Ancelotti,Roger Ibañez,defender,DF,,1998-11-23,Al-Ahli,5,0,FALSE,TRUE,https://en.wikipedia.org/wiki/2026_FIFA_World_Cup_squads,2026-05-22
WC-2026,2026,2026,BRA,Brazil,BRA,CONMEBOL,C,Carlo Ancelotti,Wesley,defender,DF,,2003-09-06,Roma,6,0,FALSE,TRUE,https://en.wikipedia.org/wiki/2026_FIFA_World_Cup_squads,2026-05-22
WC-2026,2026,2026,BRA,Brazil,BRA,CONMEBOL,C,Carlo Ancelotti,Endrick,forward,FW,,2006-07-21,Lyon,15,3,FALSE,TRUE,https://en.wikipedia.org/wiki/2026_FIFA_World_Cup_squads,2026-05-22
WC-2026,2026,2026,BRA,Brazil,BRA,CONMEBOL,C,Carlo Ancelotti,Gabriel Martinelli,forward,FW,,2001-06-18,Arsenal,22,4,FALSE,TRUE,https://en.wikipedia.org/wiki/2026_FIFA_World_Cup_squads,2026-05-22
WC-2026,2026,2026,BRA,Brazil,BRA,CONMEBOL,C,Carlo Ancelotti,Igor Thiago,forward,FW,,2001-06-26,Brentford,2,1,FALSE,TRUE,https://en.wikipedia.org/wiki/2026_FIFA_World_Cup_squads,2026-05-22
WC-2026,2026,2026,BRA,Brazil,BRA,CONMEBOL,C,Carlo Ancelotti,Luiz Henrique,forward,FW,,2001-01-02,Zenit Saint Petersburg,13,2,FALSE,TRUE,https://en.wikipedia.org/wiki/2026_FIFA_World_Cup_squads,2026-05-22
WC-2026,2026,2026,BRA,Brazil,BRA,CONMEBOL,C,Carlo Ancelotti,Matheus Cunha,forward,FW,,1999-05-27,Manchester United,21,1,FALSE,TRUE,https://en.wikipedia.org/wiki/2026_FIFA_World_Cup_squads,2026-05-22
WC-2026,2026,2026,BRA,Brazil,BRA,CONMEBOL,C,Carlo Ancelotti,Neymar,forward,FW,,1992-02-05,Santos,128,79,FALSE,TRUE,https://en.wikipedia.org/wiki/2026_FIFA_World_Cup_squads,2026-05-22
WC-2026,2026,2026,BRA,Brazil,BRA,CONMEBOL,C,Carlo Ancelotti,Raphinha,forward,FW,,1996-12-14,Barcelona,37,11,FALSE,TRUE,https://en.wikipedia.org/wiki/2026_FIFA_World_Cup_squads,2026-05-22
WC-2026,2026,2026,BRA,Brazil,BRA,CONMEBOL,C,Carlo Ancelotti,Rayan,forward,FW,,2006-08-03,Bournemouth,1,0,FALSE,TRUE,https://en.wikipedia.org/wiki/2026_FIFA_World_Cup_squads,2026-05-22
WC-2026,2026,2026,BRA,Brazil,BRA,CONMEBOL,C,Carlo Ancelotti,Vinícius Júnior,forward,FW,,2000-07-12,Real Madrid,47,8,FALSE,TRUE,https://en.wikipedia.org/wiki/2026_FIFA_World_Cup_squads,2026-05-22
WC-2026,2026,2026,BRA,Brazil,BRA,CONMEBOL,C,Carlo Ancelotti,Alisson,goalkeeper,GK,,1992-10-02,Liverpool,76,0,FALSE,TRUE,https://en.wikipedia.org/wiki/2026_FIFA_World_Cup_squads,2026-05-22
WC-2026,2026,2026,BRA,Brazil,BRA,CONMEBOL,C,Carlo Ancelotti,Ederson,goalkeeper,GK,,1993-08-17,Fenerbahçe,31,0,FALSE,TRUE,https://en.wikipedia.org/wiki/2026_FIFA_World_Cup_squads,2026-05-22
WC-2026,2026,2026,BRA,Brazil,BRA,CONMEBOL,C,Carlo Ancelotti,Weverton,goalkeeper,GK,,1987-12-13,Grêmio,10,0,FALSE,TRUE,https://en.wikipedia.org/wiki/2026_FIFA_World_Cup_squads,2026-05-22
WC-2026,2026,2026,BRA,Brazil,BRA,CONMEBOL,C,Carlo Ancelotti,Bruno Guimarães,midfielder,MF,,1997-11-16,Newcastle United,41,2,FALSE,TRUE,https://en.wikipedia.org/wiki/2026_FIFA_World_Cup_squads,2026-05-22
WC-2026,2026,2026,BRA,Brazil,BRA,CONMEBOL,C,Carlo Ancelotti,Casemiro,midfielder,MF,,1992-02-23,Manchester United,84,8,TRUE,TRUE,https://en.wikipedia.org/wiki/2026_FIFA_World_Cup_squads,2026-05-22
WC-2026,2026,2026,BRA,Brazil,BRA,CONMEBOL,C,Carlo Ancelotti,Danilo Santos,midfielder,MF,,2001-04-29,Botafogo,2,1,FALSE,TRUE,https://en.wikipedia.org/wiki/2026_FIFA_World_Cup_squads,2026-05-22
WC-2026,2026,2026,BRA,Brazil,BRA,CONMEBOL,C,Carlo Ancelotti,Fabinho,midfielder,MF,,1993-10-23,Al-Ittihad,31,0,FALSE,TRUE,https://en.wikipedia.org/wiki/2026_FIFA_World_Cup_squads,2026-05-22
WC-2026,2026,2026,BRA,Brazil,BRA,CONMEBOL,C,Carlo Ancelotti,Lucas Paquetá,midfielder,MF,,1997-08-27,Flamengo,61,12,FALSE,TRUE,https://en.wikipedia.org/wiki/2026_FIFA_World_Cup_squads,2026-05-22
WC-2026,2026,2026,HAI,Haiti,HAI,CONCACAF,C,Sébastien Migné,Carlens Arcus,defender,DF,,1996-06-28,Angers,51,1,FALSE,TRUE,https://en.wikipedia.org/wiki/2026_FIFA_World_Cup_squads,2026-05-22
WC-2026,2026,2026,HAI,Haiti,HAI,CONCACAF,C,Sébastien Migné,Duke Lacroix,defender,DF,,1993-10-14,Colorado Springs Switchbacks,14,2,FALSE,TRUE,https://en.wikipedia.org/wiki/2026_FIFA_World_Cup_squads,2026-05-22
WC-2026,2026,2026,HAI,Haiti,HAI,CONCACAF,C,Sébastien Migné,Hannes Delcroix,defender,DF,,1999-02-28,Lugano,5,0,FALSE,TRUE,https://en.wikipedia.org/wiki/2026_FIFA_World_Cup_squads,2026-05-22
WC-2026,2026,2026,HAI,Haiti,HAI,CONCACAF,C,Sébastien Migné,Jean-Kévin Duverne,defender,DF,,1997-07-12,Gent,15,1,FALSE,TRUE,https://en.wikipedia.org/wiki/2026_FIFA_World_Cup_squads,2026-05-22
WC-2026,2026,2026,HAI,Haiti,HAI,CONCACAF,C,Sébastien Migné,Keeto Thermoncy,defender,DF,,2006-03-29,Young Boys,1,0,FALSE,TRUE,https://en.wikipedia.org/wiki/2026_FIFA_World_Cup_squads,2026-05-22
WC-2026,2026,2026,HAI,Haiti,HAI,CONCACAF,C,Sébastien Migné,Martin Expérience,defender,DF,,1999-03-09,Nancy,19,0,FALSE,TRUE,https://en.wikipedia.org/wiki/2026_FIFA_World_Cup_squads,2026-05-22
WC-2026,2026,2026,HAI,Haiti,HAI,CONCACAF,C,Sébastien Migné,Ricardo Adé,defender,DF,,1990-05-21,LDU Quito,57,2,FALSE,TRUE,https://en.wikipedia.org/wiki/2026_FIFA_World_Cup_squads,2026-05-22
WC-2026,2026,2026,HAI,Haiti,HAI,CONCACAF,C,Sébastien Migné,Wilguens Paugain,defender,DF,,2001-08-24,Zulte Waregem,6,0,FALSE,TRUE,https://en.wikipedia.org/wiki/2026_FIFA_World_Cup_squads,2026-05-22
WC-2026,2026,2026,HAI,Haiti,HAI,CONCACAF,C,Sébastien Migné,Derrick Etienne Jr.,forward,FW,,1996-11-25,Toronto FC,46,8,FALSE,TRUE,https://en.wikipedia.org/wiki/2026_FIFA_World_Cup_squads,2026-05-22
WC-2026,2026,2026,HAI,Haiti,HAI,CONCACAF,C,Sébastien Migné,Duckens Nazon,forward,FW,,1994-04-07,Esteghlal,76,44,FALSE,TRUE,https://en.wikipedia.org/wiki/2026_FIFA_World_Cup_squads,2026-05-22
WC-2026,2026,2026,HAI,Haiti,HAI,CONCACAF,C,Sébastien Migné,Frantzdy Pierrot,forward,FW,,1995-03-29,Çaykur Rizespor,49,33,FALSE,TRUE,https://en.wikipedia.org/wiki/2026_FIFA_World_Cup_squads,2026-05-22
WC-2026,2026,2026,HAI,Haiti,HAI,CONCACAF,C,Sébastien Migné,Josué Casimir,forward,FW,,2001-09-24,Auxerre,5,0,FALSE,TRUE,https://en.wikipedia.org/wiki/2026_FIFA_World_Cup_squads,2026-05-22
WC-2026,2026,2026,HAI,Haiti,HAI,CONCACAF,C,Sébastien Migné,Lenny Joseph,forward,FW,,2000-10-12,Ferencváros,0,0,FALSE,TRUE,https://en.wikipedia.org/wiki/2026_FIFA_World_Cup_squads,2026-05-22
WC-2026,2026,2026,HAI,Haiti,HAI,CONCACAF,C,Sébastien Migné,Louicius Deedson,forward,FW,,2001-02-11,FC Dallas,30,10,FALSE,TRUE,https://en.wikipedia.org/wiki/2026_FIFA_World_Cup_squads,2026-05-22
WC-2026,2026,2026,HAI,Haiti,HAI,CONCACAF,C,Sébastien Migné,Ruben Providence,forward,FW,,2001-07-07,Almere City,13,2,FALSE,TRUE,https://en.wikipedia.org/wiki/2026_FIFA_World_Cup_squads,2026-05-22
WC-2026,2026,2026,HAI,Haiti,HAI,CONCACAF,C,Sébastien Migné,Wilson Isidor,forward,FW,,2000-08-27,Sunderland,2,1,FALSE,TRUE,https://en.wikipedia.org/wiki/2026_FIFA_World_Cup_squads,2026-05-22
WC-2026,2026,2026,HAI,Haiti,HAI,CONCACAF,C,Sébastien Migné,Yassin Fortuné,forward,FW,,1999-01-30,Vizela,3,0,FALSE,TRUE,https://en.wikipedia.org/wiki/2026_FIFA_World_Cup_squads,2026-05-22
WC-2026,2026,2026,HAI,Haiti,HAI,CONCACAF,C,Sébastien Migné,Alexandre Pierre,goalkeeper,GK,,2001-02-25,Sochaux,14,0,FALSE,TRUE,https://en.wikipedia.org/wiki/2026_FIFA_World_Cup_squads,2026-05-22
WC-2026,2026,2026,HAI,Haiti,HAI,CONCACAF,C,Sébastien Migné,Johny Placide,goalkeeper,GK,,1988-01-29,Bastia,79,0,TRUE,TRUE,https://en.wikipedia.org/wiki/2026_FIFA_World_Cup_squads,2026-05-22
WC-2026,2026,2026,HAI,Haiti,HAI,CONCACAF,C,Sébastien Migné,Josué Duverger,goalkeeper,GK,,2000-04-27,Cosmos Koblenz,6,0,FALSE,TRUE,https://en.wikipedia.org/wiki/2026_FIFA_World_Cup_squads,2026-05-22
WC-2026,2026,2026,HAI,Haiti,HAI,CONCACAF,C,Sébastien Migné,Carl Sainté,midfielder,MF,,2002-08-09,El Paso Locomotive FC,25,0,FALSE,TRUE,https://en.wikipedia.org/wiki/2026_FIFA_World_Cup_squads,2026-05-22
WC-2026,2026,2026,HAI,Haiti,HAI,CONCACAF,C,Sébastien Migné,Danley Jean Jacques,midfielder,MF,,2000-05-20,Philadelphia Union,28,6,FALSE,TRUE,https://en.wikipedia.org/wiki/2026_FIFA_World_Cup_squads,2026-05-22
WC-2026,2026,2026,HAI,Haiti,HAI,CONCACAF,C,Sébastien Migné,Dominique Simon,midfielder,MF,,2000-07-29,Tatran Prešov,0,0,FALSE,TRUE,https://en.wikipedia.org/wiki/2026_FIFA_World_Cup_squads,2026-05-22
WC-2026,2026,2026,HAI,Haiti,HAI,CONCACAF,C,Sébastien Migné,Jean-Ricner Bellegarde,midfielder,MF,,1998-06-27,Wolverhampton Wanderers,8,0,FALSE,TRUE,https://en.wikipedia.org/wiki/2026_FIFA_World_Cup_squads,2026-05-22
WC-2026,2026,2026,HAI,Haiti,HAI,CONCACAF,C,Sébastien Migné,Leverton Pierre,midfielder,MF,,1998-03-09,Vizela,33,0,FALSE,TRUE,https://en.wikipedia.org/wiki/2026_FIFA_World_Cup_squads,2026-05-22
WC-2026,2026,2026,HAI,Haiti,HAI,CONCACAF,C,Sébastien Migné,Woodensky Pierre,midfielder,MF,,2004-12-30,Violette,1,0,FALSE,TRUE,https://en.wikipedia.org/wiki/2026_FIFA_World_Cup_squads,2026-05-22
WC-2026,2026,2026,SCO,Scotland,SCO,UEFA,C,Steve Clarke,Aaron Hickey,defender,DF,,2002-06-10,Brentford,19,0,FALSE,TRUE,https://en.wikipedia.org/wiki/2026_FIFA_World_Cup_squads,2026-05-22
WC-2026,2026,2026,SCO,Scotland,SCO,UEFA,C,Steve Clarke,Andy Robertson,defender,DF,,1994-03-11,Liverpool,92,4,TRUE,TRUE,https://en.wikipedia.org/wiki/2026_FIFA_World_Cup_squads,2026-05-22
WC-2026,2026,2026,SCO,Scotland,SCO,UEFA,C,Steve Clarke,Anthony Ralston,defender,DF,,1998-11-16,Celtic,25,1,FALSE,TRUE,https://en.wikipedia.org/wiki/2026_FIFA_World_Cup_squads,2026-05-22
WC-2026,2026,2026,SCO,Scotland,SCO,UEFA,C,Steve Clarke,Dominic Hyam,defender,DF,,1995-12-20,Wrexham,2,0,FALSE,TRUE,https://en.wikipedia.org/wiki/2026_FIFA_World_Cup_squads,2026-05-22
WC-2026,2026,2026,SCO,Scotland,SCO,UEFA,C,Steve Clarke,Grant Hanley,defender,DF,,1991-11-20,Hibernian,66,2,FALSE,TRUE,https://en.wikipedia.org/wiki/2026_FIFA_World_Cup_squads,2026-05-22
WC-2026,2026,2026,SCO,Scotland,SCO,UEFA,C,Steve Clarke,Jack Hendry,defender,DF,,1995-05-07,Al-Ettifaq,37,3,FALSE,TRUE,https://en.wikipedia.org/wiki/2026_FIFA_World_Cup_squads,2026-05-22
WC-2026,2026,2026,SCO,Scotland,SCO,UEFA,C,Steve Clarke,John Souttar,defender,DF,,1996-09-25,Rangers,22,2,FALSE,TRUE,https://en.wikipedia.org/wiki/2026_FIFA_World_Cup_squads,2026-05-22
WC-2026,2026,2026,SCO,Scotland,SCO,UEFA,C,Steve Clarke,Kieran Tierney,defender,DF,,1997-06-05,Celtic,55,2,FALSE,TRUE,https://en.wikipedia.org/wiki/2026_FIFA_World_Cup_squads,2026-05-22
WC-2026,2026,2026,SCO,Scotland,SCO,UEFA,C,Steve Clarke,Nathan Patterson,defender,DF,,2001-10-16,Everton,25,1,FALSE,TRUE,https://en.wikipedia.org/wiki/2026_FIFA_World_Cup_squads,2026-05-22
WC-2026,2026,2026,SCO,Scotland,SCO,UEFA,C,Steve Clarke,Scott McKenna,defender,DF,,1996-11-12,Dinamo Zagreb,49,1,FALSE,TRUE,https://en.wikipedia.org/wiki/2026_FIFA_World_Cup_squads,2026-05-22
WC-2026,2026,2026,SCO,Scotland,SCO,UEFA,C,Steve Clarke,Ché Adams,forward,FW,,1996-07-13,Torino,46,11,FALSE,TRUE,https://en.wikipedia.org/wiki/2026_FIFA_World_Cup_squads,2026-05-22
WC-2026,2026,2026,SCO,Scotland,SCO,UEFA,C,Steve Clarke,George Hirst,forward,FW,,1999-02-15,Ipswich Town,8,1,FALSE,TRUE,https://en.wikipedia.org/wiki/2026_FIFA_World_Cup_squads,2026-05-22
WC-2026,2026,2026,SCO,Scotland,SCO,UEFA,C,Steve Clarke,Lawrence Shankland,forward,FW,,1995-08-10,Heart of Midlothian,18,4,FALSE,TRUE,https://en.wikipedia.org/wiki/2026_FIFA_World_Cup_squads,2026-05-22
WC-2026,2026,2026,SCO,Scotland,SCO,UEFA,C,Steve Clarke,Lyndon Dykes,forward,FW,,1995-10-07,Charlton Athletic,50,10,FALSE,TRUE,https://en.wikipedia.org/wiki/2026_FIFA_World_Cup_squads,2026-05-22
WC-2026,2026,2026,SCO,Scotland,SCO,UEFA,C,Steve Clarke,Ross Stewart,forward,FW,,1996-07-11,Southampton,2,0,FALSE,TRUE,https://en.wikipedia.org/wiki/2026_FIFA_World_Cup_squads,2026-05-22
WC-2026,2026,2026,SCO,Scotland,SCO,UEFA,C,Steve Clarke,Angus Gunn,goalkeeper,GK,,1996-01-22,Nottingham Forest,21,0,FALSE,TRUE,https://en.wikipedia.org/wiki/2026_FIFA_World_Cup_squads,2026-05-22
WC-2026,2026,2026,SCO,Scotland,SCO,UEFA,C,Steve Clarke,Craig Gordon,goalkeeper,GK,,1982-12-31,Heart of Midlothian,83,0,FALSE,TRUE,https://en.wikipedia.org/wiki/2026_FIFA_World_Cup_squads,2026-05-22
WC-2026,2026,2026,SCO,Scotland,SCO,UEFA,C,Steve Clarke,Liam Kelly,goalkeeper,GK,,1996-01-23,Rangers,2,0,FALSE,TRUE,https://en.wikipedia.org/wiki/2026_FIFA_World_Cup_squads,2026-05-22
WC-2026,2026,2026,SCO,Scotland,SCO,UEFA,C,Steve Clarke,Ben Gannon-Doak,midfielder,MF,,2005-11-11,Bournemouth,12,1,FALSE,TRUE,https://en.wikipedia.org/wiki/2026_FIFA_World_Cup_squads,2026-05-22
WC-2026,2026,2026,SCO,Scotland,SCO,UEFA,C,Steve Clarke,Billy Gilmour,midfielder,MF,,2001-06-11,Napoli,45,2,FALSE,TRUE,https://en.wikipedia.org/wiki/2026_FIFA_World_Cup_squads,2026-05-22
WC-2026,2026,2026,SCO,Scotland,SCO,UEFA,C,Steve Clarke,Findlay Curtis,midfielder,MF,,2006-06-09,Kilmarnock,1,0,FALSE,TRUE,https://en.wikipedia.org/wiki/2026_FIFA_World_Cup_squads,2026-05-22
WC-2026,2026,2026,SCO,Scotland,SCO,UEFA,C,Steve Clarke,John McGinn,midfielder,MF,,1994-10-18,Aston Villa,85,20,FALSE,TRUE,https://en.wikipedia.org/wiki/2026_FIFA_World_Cup_squads,2026-05-22
WC-2026,2026,2026,SCO,Scotland,SCO,UEFA,C,Steve Clarke,Kenny McLean,midfielder,MF,,1992-01-08,Norwich City,56,3,FALSE,TRUE,https://en.wikipedia.org/wiki/2026_FIFA_World_Cup_squads,2026-05-22
WC-2026,2026,2026,SCO,Scotland,SCO,UEFA,C,Steve Clarke,Lewis Ferguson,midfielder,MF,,1999-08-24,Bologna,23,1,FALSE,TRUE,https://en.wikipedia.org/wiki/2026_FIFA_World_Cup_squads,2026-05-22
WC-2026,2026,2026,SCO,Scotland,SCO,UEFA,C,Steve Clarke,Ryan Christie,midfielder,MF,,1995-02-22,Bournemouth,66,9,FALSE,TRUE,https://en.wikipedia.org/wiki/2026_FIFA_World_Cup_squads,2026-05-22
WC-2026,2026,2026,SCO,Scotland,SCO,UEFA,C,Steve Clarke,Scott McTominay,midfielder,MF,,1996-12-08,Napoli,69,14,FALSE,TRUE,https://en.wikipedia.org/wiki/2026_FIFA_World_Cup_squads,2026-05-22
WC-2026,2026,2026,PAR,Paraguay,PAR,CONMEBOL,D,Gustavo Alfaro,Agustín Sández,defender,DF,,2001-01-16,Rosario Central,5,0,FALSE,FALSE,https://en.wikipedia.org/wiki/2026_FIFA_World_Cup_squads,2026-05-22
WC-2026,2026,2026,PAR,Paraguay,PAR,CONMEBOL,D,Gustavo Alfaro,Alan Benítez,defender,DF,,1994-01-25,Libertad,8,0,FALSE,FALSE,https://en.wikipedia.org/wiki/2026_FIFA_World_Cup_squads,2026-05-22
WC-2026,2026,2026,PAR,Paraguay,PAR,CONMEBOL,D,Gustavo Alfaro,Alan Núñez,defender,DF,,2004-10-01,Nacional,0,0,FALSE,FALSE,https://en.wikipedia.org/wiki/2026_FIFA_World_Cup_squads,2026-05-22
WC-2026,2026,2026,PAR,Paraguay,PAR,CONMEBOL,D,Gustavo Alfaro,Alcides Benítez,defender,DF,,2002-06-08,Belgrano,0,0,FALSE,FALSE,https://en.wikipedia.org/wiki/2026_FIFA_World_Cup_squads,2026-05-22
WC-2026,2026,2026,PAR,Paraguay,PAR,CONMEBOL,D,Gustavo Alfaro,Alexandro Maidana,defender,DF,,2005-07-26,Talleres,1,0,FALSE,FALSE,https://en.wikipedia.org/wiki/2026_FIFA_World_Cup_squads,2026-05-22
WC-2026,2026,2026,PAR,Paraguay,PAR,CONMEBOL,D,Gustavo Alfaro,Blas Riveros,defender,DF,,1998-02-03,Cerro Porteño,15,0,FALSE,FALSE,https://en.wikipedia.org/wiki/2026_FIFA_World_Cup_squads,2026-05-22
WC-2026,2026,2026,PAR,Paraguay,PAR,CONMEBOL,D,Gustavo Alfaro,Diego León,defender,DF,,2007-04-03,Manchester United,1,0,FALSE,FALSE,https://en.wikipedia.org/wiki/2026_FIFA_World_Cup_squads,2026-05-22
WC-2026,2026,2026,PAR,Paraguay,PAR,CONMEBOL,D,Gustavo Alfaro,Fabián Balbuena,defender,DF,,1991-08-23,Grêmio,47,2,FALSE,FALSE,https://en.wikipedia.org/wiki/2026_FIFA_World_Cup_squads,2026-05-22
WC-2026,2026,2026,PAR,Paraguay,PAR,CONMEBOL,D,Gustavo Alfaro,Gustavo Gómez,defender,DF,,1993-05-06,Palmeiras,88,4,TRUE,FALSE,https://en.wikipedia.org/wiki/2026_FIFA_World_Cup_squads,2026-05-22
WC-2026,2026,2026,PAR,Paraguay,PAR,CONMEBOL,D,Gustavo Alfaro,Gustavo Velázquez,defender,DF,,1991-04-17,Cerro Porteño,12,1,FALSE,FALSE,https://en.wikipedia.org/wiki/2026_FIFA_World_Cup_squads,2026-05-22
WC-2026,2026,2026,PAR,Paraguay,PAR,CONMEBOL,D,Gustavo Alfaro,José Canale,defender,DF,,1996-07-20,Lanús,1,0,FALSE,FALSE,https://en.wikipedia.org/wiki/2026_FIFA_World_Cup_squads,2026-05-22
WC-2026,2026,2026,PAR,Paraguay,PAR,CONMEBOL,D,Gustavo Alfaro,Juan José Cáceres,defender,DF,,2000-06-01,Dynamo Moscow,16,0,FALSE,FALSE,https://en.wikipedia.org/wiki/2026_FIFA_World_Cup_squads,2026-05-22
WC-2026,2026,2026,PAR,Paraguay,PAR,CONMEBOL,D,Gustavo Alfaro,Júnior Alonso,defender,DF,,1993-02-09,Atlético Mineiro,70,3,FALSE,FALSE,https://en.wikipedia.org/wiki/2026_FIFA_World_Cup_squads,2026-05-22
WC-2026,2026,2026,PAR,Paraguay,PAR,CONMEBOL,D,Gustavo Alfaro,Mateo Gamarra,defender,DF,,2000-10-20,Cruzeiro,3,0,FALSE,FALSE,https://en.wikipedia.org/wiki/2026_FIFA_World_Cup_squads,2026-05-22
WC-2026,2026,2026,PAR,Paraguay,PAR,CONMEBOL,D,Gustavo Alfaro,Omar Alderete,defender,DF,,1996-12-26,Sunderland,35,3,FALSE,FALSE,https://en.wikipedia.org/wiki/2026_FIFA_World_Cup_squads,2026-05-22
WC-2026,2026,2026,PAR,Paraguay,PAR,CONMEBOL,D,Gustavo Alfaro,Ronaldo Dejesús,defender,DF,,2001-04-21,Lanús,0,0,FALSE,FALSE,https://en.wikipedia.org/wiki/2026_FIFA_World_Cup_squads,2026-05-22
WC-2026,2026,2026,PAR,Paraguay,PAR,CONMEBOL,D,Gustavo Alfaro,Saúl Salcedo,defender,DF,,1997-08-28,Newell's Old Boys,2,0,FALSE,FALSE,https://en.wikipedia.org/wiki/2026_FIFA_World_Cup_squads,2026-05-22
WC-2026,2026,2026,PAR,Paraguay,PAR,CONMEBOL,D,Gustavo Alfaro,Adam Bareiro,forward,FW,,1996-07-26,Boca Juniors,8,0,FALSE,FALSE,https://en.wikipedia.org/wiki/2026_FIFA_World_Cup_squads,2026-05-22
WC-2026,2026,2026,PAR,Paraguay,PAR,CONMEBOL,D,Gustavo Alfaro,Adrián Alcaraz,forward,FW,,1999-09-28,Olimpia,0,0,FALSE,FALSE,https://en.wikipedia.org/wiki/2026_FIFA_World_Cup_squads,2026-05-22
WC-2026,2026,2026,PAR,Paraguay,PAR,CONMEBOL,D,Gustavo Alfaro,Antonio Sanabria,forward,FW,,1996-03-04,Cremonese,47,7,FALSE,FALSE,https://en.wikipedia.org/wiki/2026_FIFA_World_Cup_squads,2026-05-22
WC-2026,2026,2026,PAR,Paraguay,PAR,CONMEBOL,D,Gustavo Alfaro,Carlos González,forward,FW,,1993-02-04,Independiente del Valle,15,0,FALSE,FALSE,https://en.wikipedia.org/wiki/2026_FIFA_World_Cup_squads,2026-05-22
WC-2026,2026,2026,PAR,Paraguay,PAR,CONMEBOL,D,Gustavo Alfaro,Gabriel Ávalos,forward,FW,,1991-07-09,Independiente,22,2,FALSE,FALSE,https://en.wikipedia.org/wiki/2026_FIFA_World_Cup_squads,2026-05-22
WC-2026,2026,2026,PAR,Paraguay,PAR,CONMEBOL,D,Gustavo Alfaro,Gustavo Caballero,forward,FW,,2001-09-21,Portsmouth,2,1,FALSE,FALSE,https://en.wikipedia.org/wiki/2026_FIFA_World_Cup_squads,2026-05-22
WC-2026,2026,2026,PAR,Paraguay,PAR,CONMEBOL,D,Gustavo Alfaro,Isidro Pitta,forward,FW,,1999-08-14,Red Bull Bragantino,5,0,FALSE,FALSE,https://en.wikipedia.org/wiki/2026_FIFA_World_Cup_squads,2026-05-22
WC-2026,2026,2026,PAR,Paraguay,PAR,CONMEBOL,D,Gustavo Alfaro,Julio Enciso,forward,FW,,2004-01-23,Strasbourg,31,4,FALSE,FALSE,https://en.wikipedia.org/wiki/2026_FIFA_World_Cup_squads,2026-05-22
WC-2026,2026,2026,PAR,Paraguay,PAR,CONMEBOL,D,Gustavo Alfaro,Lorenzo Melgarejo,forward,FW,,1990-08-10,Libertad,5,0,FALSE,FALSE,https://en.wikipedia.org/wiki/2026_FIFA_World_Cup_squads,2026-05-22
WC-2026,2026,2026,PAR,Paraguay,PAR,CONMEBOL,D,Gustavo Alfaro,Robert Morales,forward,FW,,1999-03-17,UNAM,2,1,FALSE,FALSE,https://en.wikipedia.org/wiki/2026_FIFA_World_Cup_squads,2026-05-22
WC-2026,2026,2026,PAR,Paraguay,PAR,CONMEBOL,D,Gustavo Alfaro,Rodney Redes,forward,FW,,2000-02-22,LDU Quito,0,0,FALSE,FALSE,https://en.wikipedia.org/wiki/2026_FIFA_World_Cup_squads,2026-05-22
WC-2026,2026,2026,PAR,Paraguay,PAR,CONMEBOL,D,Gustavo Alfaro,Ronaldo Martínez,forward,FW,,1996-04-25,Talleres,4,0,FALSE,FALSE,https://en.wikipedia.org/wiki/2026_FIFA_World_Cup_squads,2026-05-22
WC-2026,2026,2026,PAR,Paraguay,PAR,CONMEBOL,D,Gustavo Alfaro,Álex Arce,forward,FW,,1995-06-16,Independiente Rivadavia,14,1,FALSE,FALSE,https://en.wikipedia.org/wiki/2026_FIFA_World_Cup_squads,2026-05-22
WC-2026,2026,2026,PAR,Paraguay,PAR,CONMEBOL,D,Gustavo Alfaro,Ángel Romero,forward,FW,,1992-07-04,Boca Juniors,51,8,FALSE,FALSE,https://en.wikipedia.org/wiki/2026_FIFA_World_Cup_squads,2026-05-22
WC-2026,2026,2026,PAR,Paraguay,PAR,CONMEBOL,D,Gustavo Alfaro,Óscar Romero,forward,FW,,1992-07-04,Huracán,55,4,FALSE,FALSE,https://en.wikipedia.org/wiki/2026_FIFA_World_Cup_squads,2026-05-22
WC-2026,2026,2026,PAR,Paraguay,PAR,CONMEBOL,D,Gustavo Alfaro,Carlos Coronel,goalkeeper,GK,,1996-12-29,São Paulo,9,0,FALSE,FALSE,https://en.wikipedia.org/wiki/2026_FIFA_World_Cup_squads,2026-05-22
WC-2026,2026,2026,PAR,Paraguay,PAR,CONMEBOL,D,Gustavo Alfaro,Gastón Olveira,goalkeeper,GK,,1993-04-21,Olimpia,1,0,FALSE,FALSE,https://en.wikipedia.org/wiki/2026_FIFA_World_Cup_squads,2026-05-22
WC-2026,2026,2026,PAR,Paraguay,PAR,CONMEBOL,D,Gustavo Alfaro,Gatito Fernández,goalkeeper,GK,,1988-03-29,Cerro Porteño,30,0,FALSE,FALSE,https://en.wikipedia.org/wiki/2026_FIFA_World_Cup_squads,2026-05-22
WC-2026,2026,2026,PAR,Paraguay,PAR,CONMEBOL,D,Gustavo Alfaro,Juan Espínola,goalkeeper,GK,,1994-11-02,Barracas Central,1,0,FALSE,FALSE,https://en.wikipedia.org/wiki/2026_FIFA_World_Cup_squads,2026-05-22
WC-2026,2026,2026,PAR,Paraguay,PAR,CONMEBOL,D,Gustavo Alfaro,Orlando Gill,goalkeeper,GK,,2000-06-11,San Lorenzo,5,0,FALSE,FALSE,https://en.wikipedia.org/wiki/2026_FIFA_World_Cup_squads,2026-05-22
WC-2026,2026,2026,PAR,Paraguay,PAR,CONMEBOL,D,Gustavo Alfaro,Santiago Rojas,goalkeeper,GK,,1996-04-05,Nacional,2,0,FALSE,FALSE,https://en.wikipedia.org/wiki/2026_FIFA_World_Cup_squads,2026-05-22
WC-2026,2026,2026,PAR,Paraguay,PAR,CONMEBOL,D,Gustavo Alfaro,Andrés Cubas,midfielder,MF,,1996-05-22,Vancouver Whitecaps FC,32,0,FALSE,FALSE,https://en.wikipedia.org/wiki/2026_FIFA_World_Cup_squads,2026-05-22
WC-2026,2026,2026,PAR,Paraguay,PAR,CONMEBOL,D,Gustavo Alfaro,Braian Ojeda,midfielder,MF,,2000-07-27,Orlando City SC,16,0,FALSE,FALSE,https://en.wikipedia.org/wiki/2026_FIFA_World_Cup_squads,2026-05-22
WC-2026,2026,2026,PAR,Paraguay,PAR,CONMEBOL,D,Gustavo Alfaro,Damián Bobadilla,midfielder,MF,,2001-07-11,São Paulo,19,1,FALSE,FALSE,https://en.wikipedia.org/wiki/2026_FIFA_World_Cup_squads,2026-05-22
WC-2026,2026,2026,PAR,Paraguay,PAR,CONMEBOL,D,Gustavo Alfaro,Diego González,midfielder,MF,,2003-01-07,Atlas,4,0,FALSE,FALSE,https://en.wikipedia.org/wiki/2026_FIFA_World_Cup_squads,2026-05-22
WC-2026,2026,2026,PAR,Paraguay,PAR,CONMEBOL,D,Gustavo Alfaro,Diego Gómez,midfielder,MF,,2003-03-27,Brighton & Hove Albion,23,3,FALSE,FALSE,https://en.wikipedia.org/wiki/2026_FIFA_World_Cup_squads,2026-05-22
WC-2026,2026,2026,PAR,Paraguay,PAR,CONMEBOL,D,Gustavo Alfaro,Enso González,midfielder,MF,,2005-01-20,Wolverhampton Wanderers,0,0,FALSE,FALSE,https://en.wikipedia.org/wiki/2026_FIFA_World_Cup_squads,2026-05-22
WC-2026,2026,2026,PAR,Paraguay,PAR,CONMEBOL,D,Gustavo Alfaro,Hugo Cuenca,midfielder,MF,,2005-01-08,Burgos,3,0,FALSE,FALSE,https://en.wikipedia.org/wiki/2026_FIFA_World_Cup_squads,2026-05-22
WC-2026,2026,2026,PAR,Paraguay,PAR,CONMEBOL,D,Gustavo Alfaro,Kaku,midfielder,MF,,1995-01-11,Al Ain,32,5,FALSE,FALSE,https://en.wikipedia.org/wiki/2026_FIFA_World_Cup_squads,2026-05-22
WC-2026,2026,2026,PAR,Paraguay,PAR,CONMEBOL,D,Gustavo Alfaro,Lucas Romero,midfielder,MF,,2002-08-29,Universidad de Chile,2,0,FALSE,FALSE,https://en.wikipedia.org/wiki/2026_FIFA_World_Cup_squads,2026-05-22
WC-2026,2026,2026,PAR,Paraguay,PAR,CONMEBOL,D,Gustavo Alfaro,Mathías Villasanti,midfielder,MF,,1997-01-24,Grêmio,51,0,FALSE,FALSE,https://en.wikipedia.org/wiki/2026_FIFA_World_Cup_squads,2026-05-22
WC-2026,2026,2026,PAR,Paraguay,PAR,CONMEBOL,D,Gustavo Alfaro,Matías Galarza,midfielder,MF,,2002-02-11,Atlanta United FC,14,2,FALSE,FALSE,https://en.wikipedia.org/wiki/2026_FIFA_World_Cup_squads,2026-05-22
WC-2026,2026,2026,PAR,Paraguay,PAR,CONMEBOL,D,Gustavo Alfaro,Maurício,midfielder,MF,,2001-06-22,Palmeiras,2,0,FALSE,FALSE,https://en.wikipedia.org/wiki/2026_FIFA_World_Cup_squads,2026-05-22
WC-2026,2026,2026,PAR,Paraguay,PAR,CONMEBOL,D,Gustavo Alfaro,Miguel Almirón,midfielder,MF,,1994-02-10,Atlanta United FC,75,9,FALSE,FALSE,https://en.wikipedia.org/wiki/2026_FIFA_World_Cup_squads,2026-05-22
WC-2026,2026,2026,PAR,Paraguay,PAR,CONMEBOL,D,Gustavo Alfaro,Ramón Sosa,midfielder,MF,,1999-08-31,Palmeiras,28,1,FALSE,FALSE,https://en.wikipedia.org/wiki/2026_FIFA_World_Cup_squads,2026-05-22
WC-2026,2026,2026,PAR,Paraguay,PAR,CONMEBOL,D,Gustavo Alfaro,Robert Piris Da Motta,midfielder,MF,,1994-07-26,Cerro Porteño,9,0,FALSE,FALSE,https://en.wikipedia.org/wiki/2026_FIFA_World_Cup_squads,2026-05-22
WC-2026,2026,2026,PAR,Paraguay,PAR,CONMEBOL,D,Gustavo Alfaro,Rubén Lezcano,midfielder,MF,,2004-02-09,Olimpia,0,0,FALSE,FALSE,https://en.wikipedia.org/wiki/2026_FIFA_World_Cup_squads,2026-05-22
WC-2026,2026,2026,PAR,Paraguay,PAR,CONMEBOL,D,Gustavo Alfaro,Álvaro Campuzano,midfielder,MF,,1995-06-12,Libertad,4,0,FALSE,FALSE,https://en.wikipedia.org/wiki/2026_FIFA_World_Cup_squads,2026-05-22
WC-2026,2026,2026,TUR,Türkiye,TUR,UEFA,D,Vincenzo Montella,Abdülkerim Bardakcı,defender,DF,,1994-09-07,Galatasaray,26,2,FALSE,FALSE,https://en.wikipedia.org/wiki/2026_FIFA_World_Cup_squads,2026-05-22
WC-2026,2026,2026,TUR,Türkiye,TUR,UEFA,D,Vincenzo Montella,Ahmetcan Kaplan,defender,DF,,2003-01-16,NEC,0,0,FALSE,FALSE,https://en.wikipedia.org/wiki/2026_FIFA_World_Cup_squads,2026-05-22
WC-2026,2026,2026,TUR,Türkiye,TUR,UEFA,D,Vincenzo Montella,Eren Elmalı,defender,DF,,2000-07-07,Galatasaray,21,0,FALSE,FALSE,https://en.wikipedia.org/wiki/2026_FIFA_World_Cup_squads,2026-05-22
WC-2026,2026,2026,TUR,Türkiye,TUR,UEFA,D,Vincenzo Montella,Ferdi Kadıoğlu,defender,DF,,1999-10-07,Brighton & Hove Albion,30,2,FALSE,FALSE,https://en.wikipedia.org/wiki/2026_FIFA_World_Cup_squads,2026-05-22
WC-2026,2026,2026,TUR,Türkiye,TUR,UEFA,D,Vincenzo Montella,Merih Demiral,defender,DF,,1998-03-05,Al-Ahli,61,6,FALSE,FALSE,https://en.wikipedia.org/wiki/2026_FIFA_World_Cup_squads,2026-05-22
WC-2026,2026,2026,TUR,Türkiye,TUR,UEFA,D,Vincenzo Montella,Mert Müldür,defender,DF,,1999-04-03,Fenerbahçe,43,3,FALSE,FALSE,https://en.wikipedia.org/wiki/2026_FIFA_World_Cup_squads,2026-05-22
WC-2026,2026,2026,TUR,Türkiye,TUR,UEFA,D,Vincenzo Montella,Mustafa Eskihellaç,defender,DF,,1997-05-05,Trabzonspor,3,0,FALSE,FALSE,https://en.wikipedia.org/wiki/2026_FIFA_World_Cup_squads,2026-05-22
WC-2026,2026,2026,TUR,Türkiye,TUR,UEFA,D,Vincenzo Montella,Ozan Kabak,defender,DF,,2000-03-25,TSG Hoffenheim,28,2,FALSE,FALSE,https://en.wikipedia.org/wiki/2026_FIFA_World_Cup_squads,2026-05-22
WC-2026,2026,2026,TUR,Türkiye,TUR,UEFA,D,Vincenzo Montella,Samet Akaydin,defender,DF,,1994-05-13,Çaykur Rizespor,18,1,FALSE,FALSE,https://en.wikipedia.org/wiki/2026_FIFA_World_Cup_squads,2026-05-22
WC-2026,2026,2026,TUR,Türkiye,TUR,UEFA,D,Vincenzo Montella,Yusuf Akçiçek,defender,DF,,2006-01-25,Al-Hilal,3,0,FALSE,FALSE,https://en.wikipedia.org/wiki/2026_FIFA_World_Cup_squads,2026-05-22
WC-2026,2026,2026,TUR,Türkiye,TUR,UEFA,D,Vincenzo Montella,Zeki Çelik,defender,DF,,1997-02-17,Roma,59,3,FALSE,FALSE,https://en.wikipedia.org/wiki/2026_FIFA_World_Cup_squads,2026-05-22
WC-2026,2026,2026,TUR,Türkiye,TUR,UEFA,D,Vincenzo Montella,Çağlar Söyüncü,defender,DF,,1996-05-23,Fenerbahçe,59,2,FALSE,FALSE,https://en.wikipedia.org/wiki/2026_FIFA_World_Cup_squads,2026-05-22
WC-2026,2026,2026,TUR,Türkiye,TUR,UEFA,D,Vincenzo Montella,Aral Şimşir,forward,FW,,2002-06-19,Midtjylland,0,0,FALSE,FALSE,https://en.wikipedia.org/wiki/2026_FIFA_World_Cup_squads,2026-05-22
WC-2026,2026,2026,TUR,Türkiye,TUR,UEFA,D,Vincenzo Montella,Arda Güler,forward,FW,,2005-02-25,Real Madrid,28,6,FALSE,FALSE,https://en.wikipedia.org/wiki/2026_FIFA_World_Cup_squads,2026-05-22
WC-2026,2026,2026,TUR,Türkiye,TUR,UEFA,D,Vincenzo Montella,Barış Alper Yılmaz,forward,FW,,2000-05-23,Galatasaray,33,2,FALSE,FALSE,https://en.wikipedia.org/wiki/2026_FIFA_World_Cup_squads,2026-05-22
WC-2026,2026,2026,TUR,Türkiye,TUR,UEFA,D,Vincenzo Montella,Can Uzun,forward,FW,,2005-11-11,Eintracht Frankfurt,4,0,FALSE,FALSE,https://en.wikipedia.org/wiki/2026_FIFA_World_Cup_squads,2026-05-22
WC-2026,2026,2026,TUR,Türkiye,TUR,UEFA,D,Vincenzo Montella,Deniz Gül,forward,FW,,2004-07-02,Porto,6,1,FALSE,FALSE,https://en.wikipedia.org/wiki/2026_FIFA_World_Cup_squads,2026-05-22
WC-2026,2026,2026,TUR,Türkiye,TUR,UEFA,D,Vincenzo Montella,Kenan Yıldız,forward,FW,,2005-05-04,Juventus,28,5,FALSE,FALSE,https://en.wikipedia.org/wiki/2026_FIFA_World_Cup_squads,2026-05-22
WC-2026,2026,2026,TUR,Türkiye,TUR,UEFA,D,Vincenzo Montella,Kerem Aktürkoğlu,forward,FW,,1998-10-21,Fenerbahçe,51,15,FALSE,FALSE,https://en.wikipedia.org/wiki/2026_FIFA_World_Cup_squads,2026-05-22
WC-2026,2026,2026,TUR,Türkiye,TUR,UEFA,D,Vincenzo Montella,Oğuz Aydın,forward,FW,,2000-10-27,Fenerbahçe,9,0,FALSE,FALSE,https://en.wikipedia.org/wiki/2026_FIFA_World_Cup_squads,2026-05-22
WC-2026,2026,2026,TUR,Türkiye,TUR,UEFA,D,Vincenzo Montella,Yunus Akgün,forward,FW,,2000-07-07,Galatasaray,17,3,FALSE,FALSE,https://en.wikipedia.org/wiki/2026_FIFA_World_Cup_squads,2026-05-22
WC-2026,2026,2026,TUR,Türkiye,TUR,UEFA,D,Vincenzo Montella,Yusuf Sarı,forward,FW,,1998-11-20,İstanbul Başakşehir,6,1,FALSE,FALSE,https://en.wikipedia.org/wiki/2026_FIFA_World_Cup_squads,2026-05-22
WC-2026,2026,2026,TUR,Türkiye,TUR,UEFA,D,Vincenzo Montella,İrfan Can Kahveci,forward,FW,,1995-07-15,Kasımpaşa,45,6,FALSE,FALSE,https://en.wikipedia.org/wiki/2026_FIFA_World_Cup_squads,2026-05-22
WC-2026,2026,2026,TUR,Türkiye,TUR,UEFA,D,Vincenzo Montella,Altay Bayındır,goalkeeper,GK,,1998-04-14,Manchester United,11,0,FALSE,FALSE,https://en.wikipedia.org/wiki/2026_FIFA_World_Cup_squads,2026-05-22
WC-2026,2026,2026,TUR,Türkiye,TUR,UEFA,D,Vincenzo Montella,Ersin Destanoğlu,goalkeeper,GK,,2001-01-01,Beşiktaş,0,0,FALSE,FALSE,https://en.wikipedia.org/wiki/2026_FIFA_World_Cup_squads,2026-05-22
WC-2026,2026,2026,TUR,Türkiye,TUR,UEFA,D,Vincenzo Montella,Mert Günok,goalkeeper,GK,,1989-03-01,Fenerbahçe,37,0,FALSE,FALSE,https://en.wikipedia.org/wiki/2026_FIFA_World_Cup_squads,2026-05-22
WC-2026,2026,2026,TUR,Türkiye,TUR,UEFA,D,Vincenzo Montella,Muhammed Şengezer,goalkeeper,GK,,1997-01-05,İstanbul Başakşehir,0,0,FALSE,FALSE,https://en.wikipedia.org/wiki/2026_FIFA_World_Cup_squads,2026-05-22
WC-2026,2026,2026,TUR,Türkiye,TUR,UEFA,D,Vincenzo Montella,Uğurcan Çakır,goalkeeper,GK,,1996-04-05,Galatasaray,38,0,FALSE,FALSE,https://en.wikipedia.org/wiki/2026_FIFA_World_Cup_squads,2026-05-22
WC-2026,2026,2026,TUR,Türkiye,TUR,UEFA,D,Vincenzo Montella,Atakan Karazor,midfielder,MF,,1996-10-13,VfB Stuttgart,2,0,FALSE,FALSE,https://en.wikipedia.org/wiki/2026_FIFA_World_Cup_squads,2026-05-22
WC-2026,2026,2026,TUR,Türkiye,TUR,UEFA,D,Vincenzo Montella,Demir Ege Tıknaz,midfielder,MF,,2004-08-17,Braga,1,0,FALSE,FALSE,https://en.wikipedia.org/wiki/2026_FIFA_World_Cup_squads,2026-05-22
WC-2026,2026,2026,TUR,Türkiye,TUR,UEFA,D,Vincenzo Montella,Hakan Çalhanoğlu,midfielder,MF,,1994-02-08,Inter Milan,104,22,TRUE,FALSE,https://en.wikipedia.org/wiki/2026_FIFA_World_Cup_squads,2026-05-22
WC-2026,2026,2026,TUR,Türkiye,TUR,UEFA,D,Vincenzo Montella,Kaan Ayhan,midfielder,MF,,1994-11-10,Galatasaray,72,5,FALSE,FALSE,https://en.wikipedia.org/wiki/2026_FIFA_World_Cup_squads,2026-05-22
WC-2026,2026,2026,TUR,Türkiye,TUR,UEFA,D,Vincenzo Montella,Orkun Kökçü,midfielder,MF,,2000-12-29,Beşiktaş,48,3,FALSE,FALSE,https://en.wikipedia.org/wiki/2026_FIFA_World_Cup_squads,2026-05-22
WC-2026,2026,2026,TUR,Türkiye,TUR,UEFA,D,Vincenzo Montella,Salih Özcan,midfielder,MF,,1998-01-11,Borussia Dortmund,28,1,FALSE,FALSE,https://en.wikipedia.org/wiki/2026_FIFA_World_Cup_squads,2026-05-22
WC-2026,2026,2026,TUR,Türkiye,TUR,UEFA,D,Vincenzo Montella,İsmail Yüksek,midfielder,MF,,1999-01-26,Fenerbahçe,31,1,FALSE,FALSE,https://en.wikipedia.org/wiki/2026_FIFA_World_Cup_squads,2026-05-22
WC-2026,2026,2026,CUW,Curaçao,CUW,CONCACAF,E,Dick Advocaat,Armando Obispo,defender,DF,,1999-03-05,PSV Eindhoven,4,0,FALSE,TRUE,https://en.wikipedia.org/wiki/2026_FIFA_World_Cup_squads,2026-05-22
WC-2026,2026,2026,CUW,Curaçao,CUW,CONCACAF,E,Dick Advocaat,Deveron Fonville,defender,DF,,2003-05-16,NEC,0,0,FALSE,TRUE,https://en.wikipedia.org/wiki/2026_FIFA_World_Cup_squads,2026-05-22
WC-2026,2026,2026,CUW,Curaçao,CUW,CONCACAF,E,Dick Advocaat,Joshua Brenet,defender,DF,,1994-03-20,Kayserispor,17,1,FALSE,TRUE,https://en.wikipedia.org/wiki/2026_FIFA_World_Cup_squads,2026-05-22
WC-2026,2026,2026,CUW,Curaçao,CUW,CONCACAF,E,Dick Advocaat,Juriën Gaari,defender,DF,,1993-12-23,Abha,58,1,FALSE,TRUE,https://en.wikipedia.org/wiki/2026_FIFA_World_Cup_squads,2026-05-22
WC-2026,2026,2026,CUW,Curaçao,CUW,CONCACAF,E,Dick Advocaat,Riechedly Bazoer,defender,DF,,1996-10-12,Konyaspor,3,0,FALSE,TRUE,https://en.wikipedia.org/wiki/2026_FIFA_World_Cup_squads,2026-05-22
WC-2026,2026,2026,CUW,Curaçao,CUW,CONCACAF,E,Dick Advocaat,Roshon van Eijma,defender,DF,,1998-06-09,RKC Waalwijk,27,1,FALSE,TRUE,https://en.wikipedia.org/wiki/2026_FIFA_World_Cup_squads,2026-05-22
WC-2026,2026,2026,CUW,Curaçao,CUW,CONCACAF,E,Dick Advocaat,Sherel Floranus,defender,DF,,1998-08-23,PEC Zwolle,26,0,FALSE,TRUE,https://en.wikipedia.org/wiki/2026_FIFA_World_Cup_squads,2026-05-22
WC-2026,2026,2026,CUW,Curaçao,CUW,CONCACAF,E,Dick Advocaat,Shurandy Sambo,defender,DF,,2001-08-19,Sparta Rotterdam,7,0,FALSE,TRUE,https://en.wikipedia.org/wiki/2026_FIFA_World_Cup_squads,2026-05-22
WC-2026,2026,2026,CUW,Curaçao,CUW,CONCACAF,E,Dick Advocaat,Brandley Kuwas,forward,FW,,1992-09-19,Volendam,34,2,FALSE,TRUE,https://en.wikipedia.org/wiki/2026_FIFA_World_Cup_squads,2026-05-22
WC-2026,2026,2026,CUW,Curaçao,CUW,CONCACAF,E,Dick Advocaat,Gervane Kastaneer,forward,FW,,1996-06-09,Terengganu,27,9,FALSE,TRUE,https://en.wikipedia.org/wiki/2026_FIFA_World_Cup_squads,2026-05-22
WC-2026,2026,2026,CUW,Curaçao,CUW,CONCACAF,E,Dick Advocaat,Jearl Margaritha,forward,FW,,2000-04-10,Beveren,21,5,FALSE,TRUE,https://en.wikipedia.org/wiki/2026_FIFA_World_Cup_squads,2026-05-22
WC-2026,2026,2026,CUW,Curaçao,CUW,CONCACAF,E,Dick Advocaat,Jeremy Antonisse,forward,FW,,2002-03-29,Kifisia,25,3,FALSE,TRUE,https://en.wikipedia.org/wiki/2026_FIFA_World_Cup_squads,2026-05-22
WC-2026,2026,2026,CUW,Curaçao,CUW,CONCACAF,E,Dick Advocaat,Jürgen Locadia,forward,FW,,1993-11-07,Miami FC,12,1,FALSE,TRUE,https://en.wikipedia.org/wiki/2026_FIFA_World_Cup_squads,2026-05-22
WC-2026,2026,2026,CUW,Curaçao,CUW,CONCACAF,E,Dick Advocaat,Kenji Gorré,forward,FW,,1994-09-29,Maccabi Haifa,37,6,FALSE,TRUE,https://en.wikipedia.org/wiki/2026_FIFA_World_Cup_squads,2026-05-22
WC-2026,2026,2026,CUW,Curaçao,CUW,CONCACAF,E,Dick Advocaat,Sontje Hansen,forward,FW,,2002-05-18,Middlesbrough,5,1,FALSE,TRUE,https://en.wikipedia.org/wiki/2026_FIFA_World_Cup_squads,2026-05-22
WC-2026,2026,2026,CUW,Curaçao,CUW,CONCACAF,E,Dick Advocaat,Tahith Chong,forward,FW,,1999-12-04,Sheffield United,4,2,FALSE,TRUE,https://en.wikipedia.org/wiki/2026_FIFA_World_Cup_squads,2026-05-22
WC-2026,2026,2026,CUW,Curaçao,CUW,CONCACAF,E,Dick Advocaat,Eloy Room,goalkeeper,GK,,1989-02-06,Miami FC,70,0,FALSE,TRUE,https://en.wikipedia.org/wiki/2026_FIFA_World_Cup_squads,2026-05-22
WC-2026,2026,2026,CUW,Curaçao,CUW,CONCACAF,E,Dick Advocaat,Trevor Doornbusch,goalkeeper,GK,,1999-07-06,VVV-Venlo,7,0,FALSE,TRUE,https://en.wikipedia.org/wiki/2026_FIFA_World_Cup_squads,2026-05-22
WC-2026,2026,2026,CUW,Curaçao,CUW,CONCACAF,E,Dick Advocaat,Tyrick Bodak,goalkeeper,GK,,2002-05-15,Telstar,4,0,FALSE,TRUE,https://en.wikipedia.org/wiki/2026_FIFA_World_Cup_squads,2026-05-22
WC-2026,2026,2026,CUW,Curaçao,CUW,CONCACAF,E,Dick Advocaat,Ar'jany Martha,midfielder,MF,,2003-09-04,Rotherham United,8,2,FALSE,TRUE,https://en.wikipedia.org/wiki/2026_FIFA_World_Cup_squads,2026-05-22
WC-2026,2026,2026,CUW,Curaçao,CUW,CONCACAF,E,Dick Advocaat,Godfried Roemeratoe,midfielder,MF,,1999-08-19,RKC Waalwijk,26,1,FALSE,TRUE,https://en.wikipedia.org/wiki/2026_FIFA_World_Cup_squads,2026-05-22
WC-2026,2026,2026,CUW,Curaçao,CUW,CONCACAF,E,Dick Advocaat,Juninho Bacuna,midfielder,MF,,1997-08-07,Volendam,47,14,FALSE,TRUE,https://en.wikipedia.org/wiki/2026_FIFA_World_Cup_squads,2026-05-22
WC-2026,2026,2026,CUW,Curaçao,CUW,CONCACAF,E,Dick Advocaat,Kevin Felida,midfielder,MF,,1999-11-11,Den Bosch,19,1,FALSE,TRUE,https://en.wikipedia.org/wiki/2026_FIFA_World_Cup_squads,2026-05-22
WC-2026,2026,2026,CUW,Curaçao,CUW,CONCACAF,E,Dick Advocaat,Leandro Bacuna,midfielder,MF,,1991-08-21,Iğdır,70,16,TRUE,TRUE,https://en.wikipedia.org/wiki/2026_FIFA_World_Cup_squads,2026-05-22
WC-2026,2026,2026,CUW,Curaçao,CUW,CONCACAF,E,Dick Advocaat,Livano Comenencia,midfielder,MF,,2004-02-03,Zürich,18,1,FALSE,TRUE,https://en.wikipedia.org/wiki/2026_FIFA_World_Cup_squads,2026-05-22
WC-2026,2026,2026,CUW,Curaçao,CUW,CONCACAF,E,Dick Advocaat,Tyrese Noslin,midfielder,MF,,2002-09-11,Telstar,5,1,FALSE,TRUE,https://en.wikipedia.org/wiki/2026_FIFA_World_Cup_squads,2026-05-22
WC-2026,2026,2026,CIV,Côte d'Ivoire,CIV,CAF,E,Emerse Faé,Clément Akpa,defender,DF,,2001-11-24,Auxerre,5,0,FALSE,TRUE,https://en.wikipedia.org/wiki/2026_FIFA_World_Cup_squads,2026-05-22
WC-2026,2026,2026,CIV,Côte d'Ivoire,CIV,CAF,E,Emerse Faé,Emmanuel Agbadou,defender,DF,,1997-06-07,Beşiktaş,19,2,FALSE,TRUE,https://en.wikipedia.org/wiki/2026_FIFA_World_Cup_squads,2026-05-22
WC-2026,2026,2026,CIV,Côte d'Ivoire,CIV,CAF,E,Emerse Faé,Evan Ndicka,defender,DF,,1999-08-20,Roma,28,0,FALSE,TRUE,https://en.wikipedia.org/wiki/2026_FIFA_World_Cup_squads,2026-05-22
WC-2026,2026,2026,CIV,Côte d'Ivoire,CIV,CAF,E,Emerse Faé,Ghislain Konan,defender,DF,,1995-12-27,Gil Vicente,53,0,FALSE,TRUE,https://en.wikipedia.org/wiki/2026_FIFA_World_Cup_squads,2026-05-22
WC-2026,2026,2026,CIV,Côte d'Ivoire,CIV,CAF,E,Emerse Faé,Guéla Doué,defender,DF,,2002-10-17,Strasbourg,19,2,FALSE,TRUE,https://en.wikipedia.org/wiki/2026_FIFA_World_Cup_squads,2026-05-22
WC-2026,2026,2026,CIV,Côte d'Ivoire,CIV,CAF,E,Emerse Faé,Odilon Kossounou,defender,DF,,2001-01-04,Atalanta,35,0,FALSE,TRUE,https://en.wikipedia.org/wiki/2026_FIFA_World_Cup_squads,2026-05-22
WC-2026,2026,2026,CIV,Côte d'Ivoire,CIV,CAF,E,Emerse Faé,Ousmane Diomande,defender,DF,,2003-12-04,Sporting CP,14,1,FALSE,TRUE,https://en.wikipedia.org/wiki/2026_FIFA_World_Cup_squads,2026-05-22
WC-2026,2026,2026,CIV,Côte d'Ivoire,CIV,CAF,E,Emerse Faé,Wilfried Singo,defender,DF,,2000-12-25,Galatasaray,33,1,FALSE,TRUE,https://en.wikipedia.org/wiki/2026_FIFA_World_Cup_squads,2026-05-22
WC-2026,2026,2026,CIV,Côte d'Ivoire,CIV,CAF,E,Emerse Faé,Amad Diallo,forward,FW,,2002-07-11,Manchester United,18,5,FALSE,TRUE,https://en.wikipedia.org/wiki/2026_FIFA_World_Cup_squads,2026-05-22
WC-2026,2026,2026,CIV,Côte d'Ivoire,CIV,CAF,E,Emerse Faé,Ange-Yoan Bonny,forward,FW,,2003-10-25,Inter Milan,0,0,FALSE,TRUE,https://en.wikipedia.org/wiki/2026_FIFA_World_Cup_squads,2026-05-22
WC-2026,2026,2026,CIV,Côte d'Ivoire,CIV,CAF,E,Emerse Faé,Bazoumana Touré,forward,FW,,2006-03-02,TSG Hoffenheim,5,2,FALSE,TRUE,https://en.wikipedia.org/wiki/2026_FIFA_World_Cup_squads,2026-05-22
WC-2026,2026,2026,CIV,Côte d'Ivoire,CIV,CAF,E,Emerse Faé,Elye Wahi,forward,FW,,2003-01-02,Nice,1,0,FALSE,TRUE,https://en.wikipedia.org/wiki/2026_FIFA_World_Cup_squads,2026-05-22
WC-2026,2026,2026,CIV,Côte d'Ivoire,CIV,CAF,E,Emerse Faé,Evann Guessand,forward,FW,,2001-07-01,Crystal Palace,21,4,FALSE,TRUE,https://en.wikipedia.org/wiki/2026_FIFA_World_Cup_squads,2026-05-22
WC-2026,2026,2026,CIV,Côte d'Ivoire,CIV,CAF,E,Emerse Faé,Nicolas Pépé,forward,FW,,1995-05-29,Villarreal,54,12,FALSE,TRUE,https://en.wikipedia.org/wiki/2026_FIFA_World_Cup_squads,2026-05-22
WC-2026,2026,2026,CIV,Côte d'Ivoire,CIV,CAF,E,Emerse Faé,Oumar Diakité,forward,FW,,2003-12-20,Cercle Brugge,28,6,FALSE,TRUE,https://en.wikipedia.org/wiki/2026_FIFA_World_Cup_squads,2026-05-22
WC-2026,2026,2026,CIV,Côte d'Ivoire,CIV,CAF,E,Emerse Faé,Simon Adingra,forward,FW,,2002-01-01,Monaco,28,5,FALSE,TRUE,https://en.wikipedia.org/wiki/2026_FIFA_World_Cup_squads,2026-05-22
WC-2026,2026,2026,CIV,Côte d'Ivoire,CIV,CAF,E,Emerse Faé,Yan Diomande,forward,FW,,2006-11-14,RB Leipzig,9,3,FALSE,TRUE,https://en.wikipedia.org/wiki/2026_FIFA_World_Cup_squads,2026-05-22
WC-2026,2026,2026,CIV,Côte d'Ivoire,CIV,CAF,E,Emerse Faé,Alban Lafont,goalkeeper,GK,,1999-01-23,Panathinaikos,4,0,FALSE,TRUE,https://en.wikipedia.org/wiki/2026_FIFA_World_Cup_squads,2026-05-22
WC-2026,2026,2026,CIV,Côte d'Ivoire,CIV,CAF,E,Emerse Faé,Mohamed Koné,goalkeeper,GK,,2002-03-07,Charleroi,0,0,FALSE,TRUE,https://en.wikipedia.org/wiki/2026_FIFA_World_Cup_squads,2026-05-22
WC-2026,2026,2026,CIV,Côte d'Ivoire,CIV,CAF,E,Emerse Faé,Yahia Fofana,goalkeeper,GK,,2000-08-21,Çaykur Rizespor,34,0,FALSE,TRUE,https://en.wikipedia.org/wiki/2026_FIFA_World_Cup_squads,2026-05-22
WC-2026,2026,2026,CIV,Côte d'Ivoire,CIV,CAF,E,Emerse Faé,Christ Inao Oulaï,midfielder,MF,,2006-04-06,Trabzonspor,8,0,FALSE,TRUE,https://en.wikipedia.org/wiki/2026_FIFA_World_Cup_squads,2026-05-22
WC-2026,2026,2026,CIV,Côte d'Ivoire,CIV,CAF,E,Emerse Faé,Franck Kessié,midfielder,MF,,1996-12-19,Al-Ahli,102,15,TRUE,TRUE,https://en.wikipedia.org/wiki/2026_FIFA_World_Cup_squads,2026-05-22
WC-2026,2026,2026,CIV,Côte d'Ivoire,CIV,CAF,E,Emerse Faé,Ibrahim Sangaré,midfielder,MF,,1997-12-02,Nottingham Forest,57,12,FALSE,TRUE,https://en.wikipedia.org/wiki/2026_FIFA_World_Cup_squads,2026-05-22
WC-2026,2026,2026,CIV,Côte d'Ivoire,CIV,CAF,E,Emerse Faé,Jean Michaël Seri,midfielder,MF,,1991-07-19,Maribor,65,4,FALSE,TRUE,https://en.wikipedia.org/wiki/2026_FIFA_World_Cup_squads,2026-05-22
WC-2026,2026,2026,CIV,Côte d'Ivoire,CIV,CAF,E,Emerse Faé,Parfait Guiagon,midfielder,MF,,2001-02-22,Charleroi,5,0,FALSE,TRUE,https://en.wikipedia.org/wiki/2026_FIFA_World_Cup_squads,2026-05-22
WC-2026,2026,2026,CIV,Côte d'Ivoire,CIV,CAF,E,Emerse Faé,Seko Fofana,midfielder,MF,,1995-05-07,Porto,31,7,FALSE,TRUE,https://en.wikipedia.org/wiki/2026_FIFA_World_Cup_squads,2026-05-22
WC-2026,2026,2026,GER,Germany,GER,UEFA,E,Julian Nagelsmann,Antonio Rüdiger,defender,DF,,1993-03-03,Real Madrid,82,3,FALSE,TRUE,https://en.wikipedia.org/wiki/2026_FIFA_World_Cup_squads,2026-05-22
WC-2026,2026,2026,GER,Germany,GER,UEFA,E,Julian Nagelsmann,David Raum,defender,DF,,1998-04-22,RB Leipzig,36,1,FALSE,TRUE,https://en.wikipedia.org/wiki/2026_FIFA_World_Cup_squads,2026-05-22
WC-2026,2026,2026,GER,Germany,GER,UEFA,E,Julian Nagelsmann,Jonathan Tah,defender,DF,,1996-02-11,Bayern Munich,45,1,FALSE,TRUE,https://en.wikipedia.org/wiki/2026_FIFA_World_Cup_squads,2026-05-22
WC-2026,2026,2026,GER,Germany,GER,UEFA,E,Julian Nagelsmann,Malick Thiaw,defender,DF,,2001-08-08,Newcastle United,5,0,FALSE,TRUE,https://en.wikipedia.org/wiki/2026_FIFA_World_Cup_squads,2026-05-22
WC-2026,2026,2026,GER,Germany,GER,UEFA,E,Julian Nagelsmann,Nathaniel Brown,defender,DF,,2003-06-16,Eintracht Frankfurt,3,0,FALSE,TRUE,https://en.wikipedia.org/wiki/2026_FIFA_World_Cup_squads,2026-05-22
WC-2026,2026,2026,GER,Germany,GER,UEFA,E,Julian Nagelsmann,Nico Schlotterbeck,defender,DF,,1999-12-01,Borussia Dortmund,25,0,FALSE,TRUE,https://en.wikipedia.org/wiki/2026_FIFA_World_Cup_squads,2026-05-22
WC-2026,2026,2026,GER,Germany,GER,UEFA,E,Julian Nagelsmann,Waldemar Anton,defender,DF,,1996-07-20,Borussia Dortmund,12,0,FALSE,TRUE,https://en.wikipedia.org/wiki/2026_FIFA_World_Cup_squads,2026-05-22
WC-2026,2026,2026,GER,Germany,GER,UEFA,E,Julian Nagelsmann,Deniz Undav,forward,FW,,1996-07-19,VfB Stuttgart,7,4,FALSE,TRUE,https://en.wikipedia.org/wiki/2026_FIFA_World_Cup_squads,2026-05-22
WC-2026,2026,2026,GER,Germany,GER,UEFA,E,Julian Nagelsmann,Kai Havertz,forward,FW,,1999-06-11,Arsenal,57,21,FALSE,TRUE,https://en.wikipedia.org/wiki/2026_FIFA_World_Cup_squads,2026-05-22
WC-2026,2026,2026,GER,Germany,GER,UEFA,E,Julian Nagelsmann,Maximilian Beier,forward,FW,,2002-10-17,Borussia Dortmund,7,0,FALSE,TRUE,https://en.wikipedia.org/wiki/2026_FIFA_World_Cup_squads,2026-05-22
WC-2026,2026,2026,GER,Germany,GER,UEFA,E,Julian Nagelsmann,Nick Woltemade,forward,FW,,2002-02-14,Newcastle United,10,4,FALSE,TRUE,https://en.wikipedia.org/wiki/2026_FIFA_World_Cup_squads,2026-05-22
WC-2026,2026,2026,GER,Germany,GER,UEFA,E,Julian Nagelsmann,Alexander Nübel,goalkeeper,GK,,1996-09-30,VfB Stuttgart,3,0,FALSE,TRUE,https://en.wikipedia.org/wiki/2026_FIFA_World_Cup_squads,2026-05-22
WC-2026,2026,2026,GER,Germany,GER,UEFA,E,Julian Nagelsmann,Manuel Neuer,goalkeeper,GK,,1986-03-27,Bayern Munich,124,0,FALSE,TRUE,https://en.wikipedia.org/wiki/2026_FIFA_World_Cup_squads,2026-05-22
WC-2026,2026,2026,GER,Germany,GER,UEFA,E,Julian Nagelsmann,Oliver Baumann,goalkeeper,GK,,1990-06-02,TSG Hoffenheim,11,0,FALSE,TRUE,https://en.wikipedia.org/wiki/2026_FIFA_World_Cup_squads,2026-05-22
WC-2026,2026,2026,GER,Germany,GER,UEFA,E,Julian Nagelsmann,Aleksandar Pavlović,midfielder,MF,,2004-05-03,Bayern Munich,9,1,FALSE,TRUE,https://en.wikipedia.org/wiki/2026_FIFA_World_Cup_squads,2026-05-22
WC-2026,2026,2026,GER,Germany,GER,UEFA,E,Julian Nagelsmann,Angelo Stiller,midfielder,MF,,2001-04-04,VfB Stuttgart,7,0,FALSE,TRUE,https://en.wikipedia.org/wiki/2026_FIFA_World_Cup_squads,2026-05-22
WC-2026,2026,2026,GER,Germany,GER,UEFA,E,Julian Nagelsmann,Felix Nmecha,midfielder,MF,,2000-10-10,Borussia Dortmund,6,1,FALSE,TRUE,https://en.wikipedia.org/wiki/2026_FIFA_World_Cup_squads,2026-05-22
WC-2026,2026,2026,GER,Germany,GER,UEFA,E,Julian Nagelsmann,Florian Wirtz,midfielder,MF,,2003-05-03,Liverpool,39,10,FALSE,TRUE,https://en.wikipedia.org/wiki/2026_FIFA_World_Cup_squads,2026-05-22
WC-2026,2026,2026,GER,Germany,GER,UEFA,E,Julian Nagelsmann,Jamal Musiala,midfielder,MF,,2003-02-26,Bayern Munich,40,8,FALSE,TRUE,https://en.wikipedia.org/wiki/2026_FIFA_World_Cup_squads,2026-05-22
WC-2026,2026,2026,GER,Germany,GER,UEFA,E,Julian Nagelsmann,Jamie Leweling,midfielder,MF,,2001-02-26,VfB Stuttgart,4,1,FALSE,TRUE,https://en.wikipedia.org/wiki/2026_FIFA_World_Cup_squads,2026-05-22
WC-2026,2026,2026,GER,Germany,GER,UEFA,E,Julian Nagelsmann,Joshua Kimmich,midfielder,MF,,1995-02-08,Bayern Munich,108,10,TRUE,TRUE,https://en.wikipedia.org/wiki/2026_FIFA_World_Cup_squads,2026-05-22
WC-2026,2026,2026,GER,Germany,GER,UEFA,E,Julian Nagelsmann,Lennart Karl,midfielder,MF,,2008-02-22,Bayern Munich,2,0,FALSE,TRUE,https://en.wikipedia.org/wiki/2026_FIFA_World_Cup_squads,2026-05-22
WC-2026,2026,2026,GER,Germany,GER,UEFA,E,Julian Nagelsmann,Leon Goretzka,midfielder,MF,,1995-02-06,Bayern Munich,69,15,FALSE,TRUE,https://en.wikipedia.org/wiki/2026_FIFA_World_Cup_squads,2026-05-22
WC-2026,2026,2026,GER,Germany,GER,UEFA,E,Julian Nagelsmann,Leroy Sané,midfielder,MF,,1996-01-11,Galatasaray,74,16,FALSE,TRUE,https://en.wikipedia.org/wiki/2026_FIFA_World_Cup_squads,2026-05-22
WC-2026,2026,2026,GER,Germany,GER,UEFA,E,Julian Nagelsmann,Nadiem Amiri,midfielder,MF,,1996-10-27,Mainz 05,9,1,FALSE,TRUE,https://en.wikipedia.org/wiki/2026_FIFA_World_Cup_squads,2026-05-22
WC-2026,2026,2026,GER,Germany,GER,UEFA,E,Julian Nagelsmann,Pascal Groß,midfielder,MF,,1991-06-15,Brighton & Hove Albion,18,1,FALSE,TRUE,https://en.wikipedia.org/wiki/2026_FIFA_World_Cup_squads,2026-05-22
WC-2026,2026,2026,JPN,Japan,JPN,AFC,F,Hajime Moriyasu,Ayumu Seko,defender,DF,,2000-06-07,Le Havre,13,0,FALSE,TRUE,https://en.wikipedia.org/wiki/2026_FIFA_World_Cup_squads,2026-05-22
WC-2026,2026,2026,JPN,Japan,JPN,AFC,F,Hajime Moriyasu,Hiroki Itō,defender,DF,,1999-05-12,Bayern Munich,23,1,FALSE,TRUE,https://en.wikipedia.org/wiki/2026_FIFA_World_Cup_squads,2026-05-22
WC-2026,2026,2026,JPN,Japan,JPN,AFC,F,Hajime Moriyasu,Junnosuke Suzuki,defender,DF,,2003-07-12,Copenhagen,6,0,FALSE,TRUE,https://en.wikipedia.org/wiki/2026_FIFA_World_Cup_squads,2026-05-22
WC-2026,2026,2026,JPN,Japan,JPN,AFC,F,Hajime Moriyasu,Kō Itakura,defender,DF,,1997-01-27,Ajax,39,2,FALSE,TRUE,https://en.wikipedia.org/wiki/2026_FIFA_World_Cup_squads,2026-05-22
WC-2026,2026,2026,JPN,Japan,JPN,AFC,F,Hajime Moriyasu,Shōgo Taniguchi,defender,DF,,1991-07-15,Sint-Truiden,37,1,FALSE,TRUE,https://en.wikipedia.org/wiki/2026_FIFA_World_Cup_squads,2026-05-22
WC-2026,2026,2026,JPN,Japan,JPN,AFC,F,Hajime Moriyasu,Takehiro Tomiyasu,defender,DF,,1998-11-05,Ajax,42,1,FALSE,TRUE,https://en.wikipedia.org/wiki/2026_FIFA_World_Cup_squads,2026-05-22
WC-2026,2026,2026,JPN,Japan,JPN,AFC,F,Hajime Moriyasu,Tsuyoshi Watanabe,defender,DF,,1997-02-05,Feyenoord,10,0,FALSE,TRUE,https://en.wikipedia.org/wiki/2026_FIFA_World_Cup_squads,2026-05-22
WC-2026,2026,2026,JPN,Japan,JPN,AFC,F,Hajime Moriyasu,Yukinari Sugawara,defender,DF,,2000-06-28,Werder Bremen,20,2,FALSE,TRUE,https://en.wikipedia.org/wiki/2026_FIFA_World_Cup_squads,2026-05-22
WC-2026,2026,2026,JPN,Japan,JPN,AFC,F,Hajime Moriyasu,Yūto Nagatomo,defender,DF,,1986-09-12,FC Tokyo,144,4,FALSE,TRUE,https://en.wikipedia.org/wiki/2026_FIFA_World_Cup_squads,2026-05-22
WC-2026,2026,2026,JPN,Japan,JPN,AFC,F,Hajime Moriyasu,Ayase Ueda,forward,FW,,1998-08-28,Feyenoord,38,16,FALSE,TRUE,https://en.wikipedia.org/wiki/2026_FIFA_World_Cup_squads,2026-05-22
WC-2026,2026,2026,JPN,Japan,JPN,AFC,F,Hajime Moriyasu,Daizen Maeda,forward,FW,,1997-10-20,Celtic,27,4,FALSE,TRUE,https://en.wikipedia.org/wiki/2026_FIFA_World_Cup_squads,2026-05-22
WC-2026,2026,2026,JPN,Japan,JPN,AFC,F,Hajime Moriyasu,Keisuke Gotō,forward,FW,,2005-06-03,Sint-Truiden,3,0,FALSE,TRUE,https://en.wikipedia.org/wiki/2026_FIFA_World_Cup_squads,2026-05-22
WC-2026,2026,2026,JPN,Japan,JPN,AFC,F,Hajime Moriyasu,Kento Shiogai,forward,FW,,2005-03-26,VfL Wolfsburg,1,0,FALSE,TRUE,https://en.wikipedia.org/wiki/2026_FIFA_World_Cup_squads,2026-05-22
WC-2026,2026,2026,JPN,Japan,JPN,AFC,F,Hajime Moriyasu,Kōki Ogawa,forward,FW,,1997-08-08,NEC,14,10,FALSE,TRUE,https://en.wikipedia.org/wiki/2026_FIFA_World_Cup_squads,2026-05-22
WC-2026,2026,2026,JPN,Japan,JPN,AFC,F,Hajime Moriyasu,Yuito Suzuki,forward,FW,,2001-10-25,SC Freiburg,6,0,FALSE,TRUE,https://en.wikipedia.org/wiki/2026_FIFA_World_Cup_squads,2026-05-22
WC-2026,2026,2026,JPN,Japan,JPN,AFC,F,Hajime Moriyasu,Keisuke Ōsako,goalkeeper,GK,,1999-07-28,Sanfrecce Hiroshima,11,0,FALSE,TRUE,https://en.wikipedia.org/wiki/2026_FIFA_World_Cup_squads,2026-05-22
WC-2026,2026,2026,JPN,Japan,JPN,AFC,F,Hajime Moriyasu,Tomoki Hayakawa,goalkeeper,GK,,1999-03-03,Kashima Antlers,3,0,FALSE,TRUE,https://en.wikipedia.org/wiki/2026_FIFA_World_Cup_squads,2026-05-22
WC-2026,2026,2026,JPN,Japan,JPN,AFC,F,Hajime Moriyasu,Zion Suzuki,goalkeeper,GK,,2002-08-21,Parma,23,0,FALSE,TRUE,https://en.wikipedia.org/wiki/2026_FIFA_World_Cup_squads,2026-05-22
WC-2026,2026,2026,JPN,Japan,JPN,AFC,F,Hajime Moriyasu,Ao Tanaka,midfielder,MF,,1998-09-10,Leeds United,37,8,FALSE,TRUE,https://en.wikipedia.org/wiki/2026_FIFA_World_Cup_squads,2026-05-22
WC-2026,2026,2026,JPN,Japan,JPN,AFC,F,Hajime Moriyasu,Daichi Kamada,midfielder,MF,,1996-08-05,Crystal Palace,49,12,FALSE,TRUE,https://en.wikipedia.org/wiki/2026_FIFA_World_Cup_squads,2026-05-22
WC-2026,2026,2026,JPN,Japan,JPN,AFC,F,Hajime Moriyasu,Junya Itō,midfielder,MF,,1993-03-09,Genk,68,15,FALSE,TRUE,https://en.wikipedia.org/wiki/2026_FIFA_World_Cup_squads,2026-05-22
WC-2026,2026,2026,JPN,Japan,JPN,AFC,F,Hajime Moriyasu,Kaishū Sano,midfielder,MF,,2000-12-30,Mainz 05,12,0,FALSE,TRUE,https://en.wikipedia.org/wiki/2026_FIFA_World_Cup_squads,2026-05-22
WC-2026,2026,2026,JPN,Japan,JPN,AFC,F,Hajime Moriyasu,Keito Nakamura,midfielder,MF,,2000-07-28,Reims,24,10,FALSE,TRUE,https://en.wikipedia.org/wiki/2026_FIFA_World_Cup_squads,2026-05-22
WC-2026,2026,2026,JPN,Japan,JPN,AFC,F,Hajime Moriyasu,Ritsu Dōan,midfielder,MF,,1998-06-16,Eintracht Frankfurt,64,11,FALSE,TRUE,https://en.wikipedia.org/wiki/2026_FIFA_World_Cup_squads,2026-05-22
WC-2026,2026,2026,JPN,Japan,JPN,AFC,F,Hajime Moriyasu,Takefusa Kubo,midfielder,MF,,2001-06-04,Real Sociedad,48,7,FALSE,TRUE,https://en.wikipedia.org/wiki/2026_FIFA_World_Cup_squads,2026-05-22
WC-2026,2026,2026,JPN,Japan,JPN,AFC,F,Hajime Moriyasu,Wataru Endo,midfielder,MF,,1993-02-09,Liverpool,72,4,TRUE,TRUE,https://en.wikipedia.org/wiki/2026_FIFA_World_Cup_squads,2026-05-22
WC-2026,2026,2026,SWE,Sweden,SWE,UEFA,F,Graham Potter,Carl Starfelt,defender,DF,15,1995-06-01,Celta Vigo,17,0,FALSE,TRUE,https://en.wikipedia.org/wiki/2026_FIFA_World_Cup_squads,2026-05-22
WC-2026,2026,2026,SWE,Sweden,SWE,UEFA,F,Graham Potter,Daniel Svensson,defender,DF,8,2002-02-12,Borussia Dortmund,11,0,FALSE,TRUE,https://en.wikipedia.org/wiki/2026_FIFA_World_Cup_squads,2026-05-22
WC-2026,2026,2026,SWE,Sweden,SWE,UEFA,F,Graham Potter,Elliot Stroud,defender,DF,24,2002-06-22,Mjällby AIF,0,0,FALSE,TRUE,https://en.wikipedia.org/wiki/2026_FIFA_World_Cup_squads,2026-05-22
WC-2026,2026,2026,SWE,Sweden,SWE,UEFA,F,Graham Potter,Emil Holm,defender,DF,6,2000-05-13,Juventus,16,2,FALSE,TRUE,https://en.wikipedia.org/wiki/2026_FIFA_World_Cup_squads,2026-05-22
WC-2026,2026,2026,SWE,Sweden,SWE,UEFA,F,Graham Potter,Eric Smith,defender,DF,20,1997-01-08,FC St. Pauli,0,0,FALSE,TRUE,https://en.wikipedia.org/wiki/2026_FIFA_World_Cup_squads,2026-05-22
WC-2026,2026,2026,SWE,Sweden,SWE,UEFA,F,Graham Potter,Gabriel Gudmundsson,defender,DF,5,1999-04-29,Leeds United,23,0,FALSE,TRUE,https://en.wikipedia.org/wiki/2026_FIFA_World_Cup_squads,2026-05-22
WC-2026,2026,2026,SWE,Sweden,SWE,UEFA,F,Graham Potter,Gustaf Lagerbielke,defender,DF,2,2000-04-10,Braga,9,2,FALSE,TRUE,https://en.wikipedia.org/wiki/2026_FIFA_World_Cup_squads,2026-05-22
WC-2026,2026,2026,SWE,Sweden,SWE,UEFA,F,Graham Potter,Hjalmar Ekdal,defender,DF,14,1998-10-21,Burnley,11,0,FALSE,TRUE,https://en.wikipedia.org/wiki/2026_FIFA_World_Cup_squads,2026-05-22
WC-2026,2026,2026,SWE,Sweden,SWE,UEFA,F,Graham Potter,Isak Hien,defender,DF,4,1999-01-13,Atalanta,27,0,FALSE,TRUE,https://en.wikipedia.org/wiki/2026_FIFA_World_Cup_squads,2026-05-22
WC-2026,2026,2026,SWE,Sweden,SWE,UEFA,F,Graham Potter,Victor Lindelöf,defender,DF,3,1994-07-17,Aston Villa,75,3,TRUE,TRUE,https://en.wikipedia.org/wiki/2026_FIFA_World_Cup_squads,2026-05-22
WC-2026,2026,2026,SWE,Sweden,SWE,UEFA,F,Graham Potter,Alexander Bernhardsson,forward,FW,21,1998-09-08,Holstein Kiel,9,0,FALSE,TRUE,https://en.wikipedia.org/wiki/2026_FIFA_World_Cup_squads,2026-05-22
WC-2026,2026,2026,SWE,Sweden,SWE,UEFA,F,Graham Potter,Alexander Isak,forward,FW,9,1999-09-21,Liverpool,56,16,FALSE,TRUE,https://en.wikipedia.org/wiki/2026_FIFA_World_Cup_squads,2026-05-22
WC-2026,2026,2026,SWE,Sweden,SWE,UEFA,F,Graham Potter,Anthony Elanga,forward,FW,11,2002-04-27,Newcastle United,28,6,FALSE,TRUE,https://en.wikipedia.org/wiki/2026_FIFA_World_Cup_squads,2026-05-22
WC-2026,2026,2026,SWE,Sweden,SWE,UEFA,F,Graham Potter,Benjamin Nygren,forward,FW,10,2001-07-08,Celtic,9,3,FALSE,TRUE,https://en.wikipedia.org/wiki/2026_FIFA_World_Cup_squads,2026-05-22
WC-2026,2026,2026,SWE,Sweden,SWE,UEFA,F,Graham Potter,Gustaf Nilsson,forward,FW,25,1997-05-23,Club Brugge,8,3,FALSE,TRUE,https://en.wikipedia.org/wiki/2026_FIFA_World_Cup_squads,2026-05-22
WC-2026,2026,2026,SWE,Sweden,SWE,UEFA,F,Graham Potter,Taha Ali,forward,FW,26,1998-07-01,Malmö FF,1,0,FALSE,TRUE,https://en.wikipedia.org/wiki/2026_FIFA_World_Cup_squads,2026-05-22
WC-2026,2026,2026,SWE,Sweden,SWE,UEFA,F,Graham Potter,Viktor Gyökeres,forward,FW,17,1998-06-04,Arsenal,32,19,FALSE,TRUE,https://en.wikipedia.org/wiki/2026_FIFA_World_Cup_squads,2026-05-22
WC-2026,2026,2026,SWE,Sweden,SWE,UEFA,F,Graham Potter,Jacob Widell Zetterström,goalkeeper,GK,1,1998-07-11,Derby County,2,0,FALSE,TRUE,https://en.wikipedia.org/wiki/2026_FIFA_World_Cup_squads,2026-05-22
WC-2026,2026,2026,SWE,Sweden,SWE,UEFA,F,Graham Potter,Kristoffer Nordfeldt,goalkeeper,GK,23,1989-06-23,AIK,20,0,FALSE,TRUE,https://en.wikipedia.org/wiki/2026_FIFA_World_Cup_squads,2026-05-22
WC-2026,2026,2026,SWE,Sweden,SWE,UEFA,F,Graham Potter,Viktor Johansson,goalkeeper,GK,12,1998-09-14,Stoke City,12,0,FALSE,TRUE,https://en.wikipedia.org/wiki/2026_FIFA_World_Cup_squads,2026-05-22
WC-2026,2026,2026,SWE,Sweden,SWE,UEFA,F,Graham Potter,Besfort Zeneli,midfielder,MF,22,2002-11-21,Union Saint-Gilloise,6,0,FALSE,TRUE,https://en.wikipedia.org/wiki/2026_FIFA_World_Cup_squads,2026-05-22
WC-2026,2026,2026,SWE,Sweden,SWE,UEFA,F,Graham Potter,Jesper Karlström,midfielder,MF,16,1995-06-21,Udinese,23,0,FALSE,TRUE,https://en.wikipedia.org/wiki/2026_FIFA_World_Cup_squads,2026-05-22
WC-2026,2026,2026,SWE,Sweden,SWE,UEFA,F,Graham Potter,Ken Sema,midfielder,MF,13,1993-09-30,Pafos,32,5,FALSE,TRUE,https://en.wikipedia.org/wiki/2026_FIFA_World_Cup_squads,2026-05-22
WC-2026,2026,2026,SWE,Sweden,SWE,UEFA,F,Graham Potter,Lucas Bergvall,midfielder,MF,7,2006-02-02,Tottenham Hotspur,8,0,FALSE,TRUE,https://en.wikipedia.org/wiki/2026_FIFA_World_Cup_squads,2026-05-22
WC-2026,2026,2026,SWE,Sweden,SWE,UEFA,F,Graham Potter,Mattias Svanberg,midfielder,MF,19,1999-01-05,VfL Wolfsburg,39,2,FALSE,TRUE,https://en.wikipedia.org/wiki/2026_FIFA_World_Cup_squads,2026-05-22
WC-2026,2026,2026,SWE,Sweden,SWE,UEFA,F,Graham Potter,Yasin Ayari,midfielder,MF,18,2003-10-06,Brighton & Hove Albion,19,3,FALSE,TRUE,https://en.wikipedia.org/wiki/2026_FIFA_World_Cup_squads,2026-05-22
WC-2026,2026,2026,TUN,Tunisia,TUN,CAF,F,Sabri Lamouchi,Adem Arous,defender,DF,,2004-07-17,Kasımpaşa,1,0,FALSE,TRUE,https://en.wikipedia.org/wiki/2026_FIFA_World_Cup_squads,2026-05-22
WC-2026,2026,2026,TUN,Tunisia,TUN,CAF,F,Sabri Lamouchi,Ali Abdi,defender,DF,,1993-12-20,Nice,45,7,FALSE,TRUE,https://en.wikipedia.org/wiki/2026_FIFA_World_Cup_squads,2026-05-22
WC-2026,2026,2026,TUN,Tunisia,TUN,CAF,F,Sabri Lamouchi,Dylan Bronn,defender,DF,,1995-06-19,Servette,52,2,FALSE,TRUE,https://en.wikipedia.org/wiki/2026_FIFA_World_Cup_squads,2026-05-22
WC-2026,2026,2026,TUN,Tunisia,TUN,CAF,F,Sabri Lamouchi,Mohamed Amine Ben Hamida,defender,DF,,1995-12-15,Espérance de Tunis,12,0,FALSE,TRUE,https://en.wikipedia.org/wiki/2026_FIFA_World_Cup_squads,2026-05-22
WC-2026,2026,2026,TUN,Tunisia,TUN,CAF,F,Sabri Lamouchi,Montassar Talbi,defender,DF,,1998-05-26,Lorient,62,4,FALSE,TRUE,https://en.wikipedia.org/wiki/2026_FIFA_World_Cup_squads,2026-05-22
WC-2026,2026,2026,TUN,Tunisia,TUN,CAF,F,Sabri Lamouchi,Moutaz Neffati,defender,DF,,2004-09-04,IFK Norrköping,5,0,FALSE,TRUE,https://en.wikipedia.org/wiki/2026_FIFA_World_Cup_squads,2026-05-22
WC-2026,2026,2026,TUN,Tunisia,TUN,CAF,F,Sabri Lamouchi,Omar Rekik,defender,DF,,2001-12-20,Maribor,4,0,FALSE,TRUE,https://en.wikipedia.org/wiki/2026_FIFA_World_Cup_squads,2026-05-22
WC-2026,2026,2026,TUN,Tunisia,TUN,CAF,F,Sabri Lamouchi,Raed Chikhaoui,defender,DF,,2004-06-09,US Monastir,0,0,FALSE,TRUE,https://en.wikipedia.org/wiki/2026_FIFA_World_Cup_squads,2026-05-22
WC-2026,2026,2026,TUN,Tunisia,TUN,CAF,F,Sabri Lamouchi,Yan Valery,defender,DF,,1999-02-22,Young Boys,21,0,FALSE,TRUE,https://en.wikipedia.org/wiki/2026_FIFA_World_Cup_squads,2026-05-22
WC-2026,2026,2026,TUN,Tunisia,TUN,CAF,F,Sabri Lamouchi,Elias Achouri,forward,FW,,1999-02-10,Copenhagen,29,4,FALSE,TRUE,https://en.wikipedia.org/wiki/2026_FIFA_World_Cup_squads,2026-05-22
WC-2026,2026,2026,TUN,Tunisia,TUN,CAF,F,Sabri Lamouchi,Elias Saad,forward,FW,,1999-12-27,Hannover 96,14,4,FALSE,TRUE,https://en.wikipedia.org/wiki/2026_FIFA_World_Cup_squads,2026-05-22
WC-2026,2026,2026,TUN,Tunisia,TUN,CAF,F,Sabri Lamouchi,Firas Chaouat,forward,FW,,1996-05-08,Club Africain,28,6,FALSE,TRUE,https://en.wikipedia.org/wiki/2026_FIFA_World_Cup_squads,2026-05-22
WC-2026,2026,2026,TUN,Tunisia,TUN,CAF,F,Sabri Lamouchi,Hazem Mastouri,forward,FW,,1997-06-18,Dynamo Makhachkala,18,4,FALSE,TRUE,https://en.wikipedia.org/wiki/2026_FIFA_World_Cup_squads,2026-05-22
WC-2026,2026,2026,TUN,Tunisia,TUN,CAF,F,Sabri Lamouchi,Khalil Ayari,forward,FW,,2005-02-02,Paris Saint-Germain,2,0,FALSE,TRUE,https://en.wikipedia.org/wiki/2026_FIFA_World_Cup_squads,2026-05-22
WC-2026,2026,2026,TUN,Tunisia,TUN,CAF,F,Sabri Lamouchi,Rayan Elloumi,forward,FW,,2007-09-17,Vancouver Whitecaps FC,2,0,FALSE,TRUE,https://en.wikipedia.org/wiki/2026_FIFA_World_Cup_squads,2026-05-22
WC-2026,2026,2026,TUN,Tunisia,TUN,CAF,F,Sabri Lamouchi,Sebastian Tounekti,forward,FW,,2002-07-13,Celtic,10,1,FALSE,TRUE,https://en.wikipedia.org/wiki/2026_FIFA_World_Cup_squads,2026-05-22
WC-2026,2026,2026,TUN,Tunisia,TUN,CAF,F,Sabri Lamouchi,Aymen Dahmen,goalkeeper,GK,,1997-01-28,CS Sfaxien,37,0,FALSE,TRUE,https://en.wikipedia.org/wiki/2026_FIFA_World_Cup_squads,2026-05-22
WC-2026,2026,2026,TUN,Tunisia,TUN,CAF,F,Sabri Lamouchi,Mouhib Chamakh,goalkeeper,GK,,2001-08-25,Club Africain,1,0,FALSE,TRUE,https://en.wikipedia.org/wiki/2026_FIFA_World_Cup_squads,2026-05-22
WC-2026,2026,2026,TUN,Tunisia,TUN,CAF,F,Sabri Lamouchi,Sabri Ben Hessen,goalkeeper,GK,,1996-06-13,Étoile du Sahel,2,0,FALSE,TRUE,https://en.wikipedia.org/wiki/2026_FIFA_World_Cup_squads,2026-05-22
WC-2026,2026,2026,TUN,Tunisia,TUN,CAF,F,Sabri Lamouchi,Anis Ben Slimane,midfielder,MF,,2001-03-16,Norwich City,39,4,FALSE,TRUE,https://en.wikipedia.org/wiki/2026_FIFA_World_Cup_squads,2026-05-22
WC-2026,2026,2026,TUN,Tunisia,TUN,CAF,F,Sabri Lamouchi,Ellyes Skhiri,midfielder,MF,,1995-05-10,Eintracht Frankfurt,81,4,TRUE,TRUE,https://en.wikipedia.org/wiki/2026_FIFA_World_Cup_squads,2026-05-22
WC-2026,2026,2026,TUN,Tunisia,TUN,CAF,F,Sabri Lamouchi,Hadj Mahmoud,midfielder,MF,,2000-04-24,Lugano,7,0,FALSE,TRUE,https://en.wikipedia.org/wiki/2026_FIFA_World_Cup_squads,2026-05-22
WC-2026,2026,2026,TUN,Tunisia,TUN,CAF,F,Sabri Lamouchi,Hannibal Mejbri,midfielder,MF,,2003-01-21,Burnley,44,1,FALSE,TRUE,https://en.wikipedia.org/wiki/2026_FIFA_World_Cup_squads,2026-05-22
WC-2026,2026,2026,TUN,Tunisia,TUN,CAF,F,Sabri Lamouchi,Ismaël Gharbi,midfielder,MF,,2004-04-10,FC Augsburg,15,2,FALSE,TRUE,https://en.wikipedia.org/wiki/2026_FIFA_World_Cup_squads,2026-05-22
WC-2026,2026,2026,TUN,Tunisia,TUN,CAF,F,Sabri Lamouchi,Mortadha Ben Ouanes,midfielder,MF,,1994-07-02,Kasımpaşa,17,0,FALSE,TRUE,https://en.wikipedia.org/wiki/2026_FIFA_World_Cup_squads,2026-05-22
WC-2026,2026,2026,TUN,Tunisia,TUN,CAF,F,Sabri Lamouchi,Rani Khedira,midfielder,MF,,1994-01-27,Union Berlin,2,0,FALSE,TRUE,https://en.wikipedia.org/wiki/2026_FIFA_World_Cup_squads,2026-05-22
WC-2026,2026,2026,BEL,Belgium,BEL,UEFA,G,Rudi Garcia,Arthur Theate,defender,DF,,2000-05-25,Eintracht Frankfurt,32,1,FALSE,TRUE,https://en.wikipedia.org/wiki/2026_FIFA_World_Cup_squads,2026-05-22
WC-2026,2026,2026,BEL,Belgium,BEL,UEFA,G,Rudi Garcia,Brandon Mechele,defender,DF,,1993-01-28,Club Brugge,7,1,FALSE,TRUE,https://en.wikipedia.org/wiki/2026_FIFA_World_Cup_squads,2026-05-22
WC-2026,2026,2026,BEL,Belgium,BEL,UEFA,G,Rudi Garcia,Joaquin Seys,defender,DF,,2005-03-28,Club Brugge,4,0,FALSE,TRUE,https://en.wikipedia.org/wiki/2026_FIFA_World_Cup_squads,2026-05-22
WC-2026,2026,2026,BEL,Belgium,BEL,UEFA,G,Rudi Garcia,Koni De Winter,defender,DF,,2002-06-12,Milan,7,0,FALSE,TRUE,https://en.wikipedia.org/wiki/2026_FIFA_World_Cup_squads,2026-05-22
WC-2026,2026,2026,BEL,Belgium,BEL,UEFA,G,Rudi Garcia,Maxim De Cuyper,defender,DF,,2000-12-22,Brighton & Hove Albion,17,4,FALSE,TRUE,https://en.wikipedia.org/wiki/2026_FIFA_World_Cup_squads,2026-05-22
WC-2026,2026,2026,BEL,Belgium,BEL,UEFA,G,Rudi Garcia,Nathan Ngoy,defender,DF,,2003-06-10,Lille,2,0,FALSE,TRUE,https://en.wikipedia.org/wiki/2026_FIFA_World_Cup_squads,2026-05-22
WC-2026,2026,2026,BEL,Belgium,BEL,UEFA,G,Rudi Garcia,Thomas Meunier,defender,DF,,1991-09-12,Lille,78,10,FALSE,TRUE,https://en.wikipedia.org/wiki/2026_FIFA_World_Cup_squads,2026-05-22
WC-2026,2026,2026,BEL,Belgium,BEL,UEFA,G,Rudi Garcia,Timothy Castagne,defender,DF,,1995-12-05,Fulham,62,2,FALSE,TRUE,https://en.wikipedia.org/wiki/2026_FIFA_World_Cup_squads,2026-05-22
WC-2026,2026,2026,BEL,Belgium,BEL,UEFA,G,Rudi Garcia,Zeno Debast,defender,DF,,2003-10-24,Sporting CP,26,1,FALSE,TRUE,https://en.wikipedia.org/wiki/2026_FIFA_World_Cup_squads,2026-05-22
WC-2026,2026,2026,BEL,Belgium,BEL,UEFA,G,Rudi Garcia,Alexis Saelemaekers,forward,FW,,1999-06-27,Milan,23,2,FALSE,TRUE,https://en.wikipedia.org/wiki/2026_FIFA_World_Cup_squads,2026-05-22
WC-2026,2026,2026,BEL,Belgium,BEL,UEFA,G,Rudi Garcia,Charles De Ketelaere,forward,FW,,2001-03-10,Atalanta,28,5,FALSE,TRUE,https://en.wikipedia.org/wiki/2026_FIFA_World_Cup_squads,2026-05-22
WC-2026,2026,2026,BEL,Belgium,BEL,UEFA,G,Rudi Garcia,Diego Moreira,forward,FW,,2004-08-06,Strasbourg,2,0,FALSE,TRUE,https://en.wikipedia.org/wiki/2026_FIFA_World_Cup_squads,2026-05-22
WC-2026,2026,2026,BEL,Belgium,BEL,UEFA,G,Rudi Garcia,Dodi Lukébakio,forward,FW,,1997-09-24,Benfica,29,5,FALSE,TRUE,https://en.wikipedia.org/wiki/2026_FIFA_World_Cup_squads,2026-05-22
WC-2026,2026,2026,BEL,Belgium,BEL,UEFA,G,Rudi Garcia,Jérémy Doku,forward,FW,,2002-05-27,Manchester City,41,7,FALSE,TRUE,https://en.wikipedia.org/wiki/2026_FIFA_World_Cup_squads,2026-05-22
WC-2026,2026,2026,BEL,Belgium,BEL,UEFA,G,Rudi Garcia,Leandro Trossard,forward,FW,,1994-12-04,Arsenal,50,11,FALSE,TRUE,https://en.wikipedia.org/wiki/2026_FIFA_World_Cup_squads,2026-05-22
WC-2026,2026,2026,BEL,Belgium,BEL,UEFA,G,Rudi Garcia,Matias Fernandez-Pardo,forward,FW,,2005-02-03,Lille,0,0,FALSE,TRUE,https://en.wikipedia.org/wiki/2026_FIFA_World_Cup_squads,2026-05-22
WC-2026,2026,2026,BEL,Belgium,BEL,UEFA,G,Rudi Garcia,Romelu Lukaku,forward,FW,,1993-05-13,Napoli,124,89,FALSE,TRUE,https://en.wikipedia.org/wiki/2026_FIFA_World_Cup_squads,2026-05-22
WC-2026,2026,2026,BEL,Belgium,BEL,UEFA,G,Rudi Garcia,Mike Penders,goalkeeper,GK,,2005-07-31,Strasbourg,0,0,FALSE,TRUE,https://en.wikipedia.org/wiki/2026_FIFA_World_Cup_squads,2026-05-22
WC-2026,2026,2026,BEL,Belgium,BEL,UEFA,G,Rudi Garcia,Senne Lammens,goalkeeper,GK,,2002-07-07,Manchester United,2,0,FALSE,TRUE,https://en.wikipedia.org/wiki/2026_FIFA_World_Cup_squads,2026-05-22
WC-2026,2026,2026,BEL,Belgium,BEL,UEFA,G,Rudi Garcia,Thibaut Courtois,goalkeeper,GK,,1992-05-11,Real Madrid,107,0,FALSE,TRUE,https://en.wikipedia.org/wiki/2026_FIFA_World_Cup_squads,2026-05-22
WC-2026,2026,2026,BEL,Belgium,BEL,UEFA,G,Rudi Garcia,Amadou Onana,midfielder,MF,,2001-08-16,Aston Villa,27,1,FALSE,TRUE,https://en.wikipedia.org/wiki/2026_FIFA_World_Cup_squads,2026-05-22
WC-2026,2026,2026,BEL,Belgium,BEL,UEFA,G,Rudi Garcia,Axel Witsel,midfielder,MF,,1989-01-12,Girona,136,12,FALSE,TRUE,https://en.wikipedia.org/wiki/2026_FIFA_World_Cup_squads,2026-05-22
WC-2026,2026,2026,BEL,Belgium,BEL,UEFA,G,Rudi Garcia,Hans Vanaken,midfielder,MF,,1992-08-24,Club Brugge,32,7,FALSE,TRUE,https://en.wikipedia.org/wiki/2026_FIFA_World_Cup_squads,2026-05-22
WC-2026,2026,2026,BEL,Belgium,BEL,UEFA,G,Rudi Garcia,Kevin De Bruyne,midfielder,MF,,1991-06-28,Napoli,117,36,FALSE,TRUE,https://en.wikipedia.org/wiki/2026_FIFA_World_Cup_squads,2026-05-22
WC-2026,2026,2026,BEL,Belgium,BEL,UEFA,G,Rudi Garcia,Nicolas Raskin,midfielder,MF,,2001-02-23,Rangers,11,1,FALSE,TRUE,https://en.wikipedia.org/wiki/2026_FIFA_World_Cup_squads,2026-05-22
WC-2026,2026,2026,BEL,Belgium,BEL,UEFA,G,Rudi Garcia,Youri Tielemans,midfielder,MF,,1997-05-07,Aston Villa,83,12,TRUE,TRUE,https://en.wikipedia.org/wiki/2026_FIFA_World_Cup_squads,2026-05-22
WC-2026,2026,2026,EGY,Egypt,EGY,CAF,G,Hossam Hassan,Ahmed Abou El Fotouh,defender,DF,,1998-03-22,Zamalek,38,1,FALSE,FALSE,https://en.wikipedia.org/wiki/2026_FIFA_World_Cup_squads,2026-05-22
WC-2026,2026,2026,EGY,Egypt,EGY,CAF,G,Hossam Hassan,Hamdy Fathy,defender,DF,,1994-09-29,Al-Wakrah,62,3,FALSE,FALSE,https://en.wikipedia.org/wiki/2026_FIFA_World_Cup_squads,2026-05-22
WC-2026,2026,2026,EGY,Egypt,EGY,CAF,G,Hossam Hassan,Hossam Abdelmaguid,defender,DF,,2001-04-30,Zamalek,12,0,FALSE,FALSE,https://en.wikipedia.org/wiki/2026_FIFA_World_Cup_squads,2026-05-22
WC-2026,2026,2026,EGY,Egypt,EGY,CAF,G,Hossam Hassan,Karim Hafez,defender,DF,,1996-03-12,Pyramids,7,0,FALSE,FALSE,https://en.wikipedia.org/wiki/2026_FIFA_World_Cup_squads,2026-05-22
WC-2026,2026,2026,EGY,Egypt,EGY,CAF,G,Hossam Hassan,Mohamed Abdelmonem,defender,DF,,1999-02-01,Nice,34,3,FALSE,FALSE,https://en.wikipedia.org/wiki/2026_FIFA_World_Cup_squads,2026-05-22
WC-2026,2026,2026,EGY,Egypt,EGY,CAF,G,Hossam Hassan,Mohamed Hany,defender,DF,,1996-01-25,Al Ahly,40,0,FALSE,FALSE,https://en.wikipedia.org/wiki/2026_FIFA_World_Cup_squads,2026-05-22
WC-2026,2026,2026,EGY,Egypt,EGY,CAF,G,Hossam Hassan,Ramy Rabia,defender,DF,,1993-05-20,Al Ain,43,5,FALSE,FALSE,https://en.wikipedia.org/wiki/2026_FIFA_World_Cup_squads,2026-05-22
WC-2026,2026,2026,EGY,Egypt,EGY,CAF,G,Hossam Hassan,Tarek Alaa,defender,DF,,2002-01-05,ZED,1,0,FALSE,FALSE,https://en.wikipedia.org/wiki/2026_FIFA_World_Cup_squads,2026-05-22
WC-2026,2026,2026,EGY,Egypt,EGY,CAF,G,Hossam Hassan,Yasser Ibrahim,defender,DF,,1993-02-10,Al Ahly,15,1,FALSE,FALSE,https://en.wikipedia.org/wiki/2026_FIFA_World_Cup_squads,2026-05-22
WC-2026,2026,2026,EGY,Egypt,EGY,CAF,G,Hossam Hassan,Aqtay Abdallah,forward,FW,,2003-06-01,ENPPI,0,0,FALSE,FALSE,https://en.wikipedia.org/wiki/2026_FIFA_World_Cup_squads,2026-05-22
WC-2026,2026,2026,EGY,Egypt,EGY,CAF,G,Hossam Hassan,Haissem Hassan,forward,FW,,2002-02-08,Oviedo,2,0,FALSE,FALSE,https://en.wikipedia.org/wiki/2026_FIFA_World_Cup_squads,2026-05-22
WC-2026,2026,2026,EGY,Egypt,EGY,CAF,G,Hossam Hassan,Hamza Abdelkarim,forward,FW,,2008-01-01,Barcelona B,0,0,FALSE,FALSE,https://en.wikipedia.org/wiki/2026_FIFA_World_Cup_squads,2026-05-22
WC-2026,2026,2026,EGY,Egypt,EGY,CAF,G,Hossam Hassan,Ibrahim Adel,forward,FW,,2001-04-23,Nordsjælland,22,3,FALSE,FALSE,https://en.wikipedia.org/wiki/2026_FIFA_World_Cup_squads,2026-05-22
WC-2026,2026,2026,EGY,Egypt,EGY,CAF,G,Hossam Hassan,Mohamed Salah,forward,FW,,1992-06-15,Liverpool,116,67,TRUE,FALSE,https://en.wikipedia.org/wiki/2026_FIFA_World_Cup_squads,2026-05-22
WC-2026,2026,2026,EGY,Egypt,EGY,CAF,G,Hossam Hassan,Omar Marmoush,forward,FW,,1999-02-07,Manchester City,47,11,FALSE,FALSE,https://en.wikipedia.org/wiki/2026_FIFA_World_Cup_squads,2026-05-22
WC-2026,2026,2026,EGY,Egypt,EGY,CAF,G,Hossam Hassan,Trézéguet,forward,FW,,1996-10-01,Al Ahly,94,23,FALSE,FALSE,https://en.wikipedia.org/wiki/2026_FIFA_World_Cup_squads,2026-05-22
WC-2026,2026,2026,EGY,Egypt,EGY,CAF,G,Hossam Hassan,Zizo,forward,FW,,1996-01-10,Al Ahly,61,5,FALSE,FALSE,https://en.wikipedia.org/wiki/2026_FIFA_World_Cup_squads,2026-05-22
WC-2026,2026,2026,EGY,Egypt,EGY,CAF,G,Hossam Hassan,El Mahdy Soliman,goalkeeper,GK,,1987-06-08,Zamalek,0,0,FALSE,FALSE,https://en.wikipedia.org/wiki/2026_FIFA_World_Cup_squads,2026-05-22
WC-2026,2026,2026,EGY,Egypt,EGY,CAF,G,Hossam Hassan,Mohamed Alaa,goalkeeper,GK,,1999-01-09,El Gouna,0,0,FALSE,FALSE,https://en.wikipedia.org/wiki/2026_FIFA_World_Cup_squads,2026-05-22
WC-2026,2026,2026,EGY,Egypt,EGY,CAF,G,Hossam Hassan,Mohamed El Shenawy,goalkeeper,GK,,1988-12-18,Al Ahly,75,0,FALSE,FALSE,https://en.wikipedia.org/wiki/2026_FIFA_World_Cup_squads,2026-05-22
WC-2026,2026,2026,EGY,Egypt,EGY,CAF,G,Hossam Hassan,Mostafa Shobeir,goalkeeper,GK,,2000-03-17,Al Ahly,7,0,FALSE,FALSE,https://en.wikipedia.org/wiki/2026_FIFA_World_Cup_squads,2026-05-22
WC-2026,2026,2026,EGY,Egypt,EGY,CAF,G,Hossam Hassan,Emam Ashour,midfielder,MF,,1998-02-20,Al Ahly,27,0,FALSE,FALSE,https://en.wikipedia.org/wiki/2026_FIFA_World_Cup_squads,2026-05-22
WC-2026,2026,2026,EGY,Egypt,EGY,CAF,G,Hossam Hassan,Mahmoud Saber,midfielder,MF,,2001-07-30,ZED,14,1,FALSE,FALSE,https://en.wikipedia.org/wiki/2026_FIFA_World_Cup_squads,2026-05-22
WC-2026,2026,2026,EGY,Egypt,EGY,CAF,G,Hossam Hassan,Marwan Attia,midfielder,MF,,1998-08-12,Al Ahly,32,1,FALSE,FALSE,https://en.wikipedia.org/wiki/2026_FIFA_World_Cup_squads,2026-05-22
WC-2026,2026,2026,EGY,Egypt,EGY,CAF,G,Hossam Hassan,Mohanad Lasheen,midfielder,MF,,1996-05-29,Pyramids,21,0,FALSE,FALSE,https://en.wikipedia.org/wiki/2026_FIFA_World_Cup_squads,2026-05-22
WC-2026,2026,2026,EGY,Egypt,EGY,CAF,G,Hossam Hassan,Mostafa Ziko,midfielder,MF,,1997-04-27,Pyramids,0,0,FALSE,FALSE,https://en.wikipedia.org/wiki/2026_FIFA_World_Cup_squads,2026-05-22
WC-2026,2026,2026,EGY,Egypt,EGY,CAF,G,Hossam Hassan,Nabil Emad,midfielder,MF,,1996-04-06,Al-Najma,8,0,FALSE,FALSE,https://en.wikipedia.org/wiki/2026_FIFA_World_Cup_squads,2026-05-22
WC-2026,2026,2026,IRN,IR Iran,IRN,AFC,G,Amir Ghalenoei,Ali Nemati,defender,DF,,1996-02-07,Foolad,15,0,FALSE,FALSE,https://en.wikipedia.org/wiki/2026_FIFA_World_Cup_squads,2026-05-22
WC-2026,2026,2026,IRN,IR Iran,IRN,AFC,G,Amir Ghalenoei,Aria Yousefi,defender,DF,,2002-04-22,Sepahan,12,0,FALSE,FALSE,https://en.wikipedia.org/wiki/2026_FIFA_World_Cup_squads,2026-05-22
WC-2026,2026,2026,IRN,IR Iran,IRN,AFC,G,Amir Ghalenoei,Danial Eiri,defender,DF,,2003-10-26,Malavan,0,0,FALSE,FALSE,https://en.wikipedia.org/wiki/2026_FIFA_World_Cup_squads,2026-05-22
WC-2026,2026,2026,IRN,IR Iran,IRN,AFC,G,Amir Ghalenoei,Ehsan Hajsafi,defender,DF,,1990-02-25,Sepahan,144,7,FALSE,FALSE,https://en.wikipedia.org/wiki/2026_FIFA_World_Cup_squads,2026-05-22
WC-2026,2026,2026,IRN,IR Iran,IRN,AFC,G,Amir Ghalenoei,Hossein Kanaanizadegan,defender,DF,,1994-03-23,Persepolis,63,6,FALSE,FALSE,https://en.wikipedia.org/wiki/2026_FIFA_World_Cup_squads,2026-05-22
WC-2026,2026,2026,IRN,IR Iran,IRN,AFC,G,Amir Ghalenoei,Milad Mohammadi,defender,DF,,1993-09-29,Persepolis,75,1,FALSE,FALSE,https://en.wikipedia.org/wiki/2026_FIFA_World_Cup_squads,2026-05-22
WC-2026,2026,2026,IRN,IR Iran,IRN,AFC,G,Amir Ghalenoei,Ramin Rezaeian,defender,DF,,1990-03-21,Foolad,72,6,FALSE,FALSE,https://en.wikipedia.org/wiki/2026_FIFA_World_Cup_squads,2026-05-22
WC-2026,2026,2026,IRN,IR Iran,IRN,AFC,G,Amir Ghalenoei,Saleh Hardani,defender,DF,,1998-12-26,Esteghlal,17,1,FALSE,FALSE,https://en.wikipedia.org/wiki/2026_FIFA_World_Cup_squads,2026-05-22
WC-2026,2026,2026,IRN,IR Iran,IRN,AFC,G,Amir Ghalenoei,Shojae Khalilzadeh,defender,DF,,1989-05-14,Tractor,56,2,FALSE,FALSE,https://en.wikipedia.org/wiki/2026_FIFA_World_Cup_squads,2026-05-22
WC-2026,2026,2026,IRN,IR Iran,IRN,AFC,G,Amir Ghalenoei,Ali Alipour,forward,FW,,1995-11-11,Persepolis,12,1,FALSE,FALSE,https://en.wikipedia.org/wiki/2026_FIFA_World_Cup_squads,2026-05-22
WC-2026,2026,2026,IRN,IR Iran,IRN,AFC,G,Amir Ghalenoei,Amirhossein Hosseinzadeh,forward,FW,,2000-10-30,Tractor,16,5,FALSE,FALSE,https://en.wikipedia.org/wiki/2026_FIFA_World_Cup_squads,2026-05-22
WC-2026,2026,2026,IRN,IR Iran,IRN,AFC,G,Amir Ghalenoei,Amirhossein Mahmoudi,forward,FW,,2006-07-12,Persepolis,1,0,FALSE,FALSE,https://en.wikipedia.org/wiki/2026_FIFA_World_Cup_squads,2026-05-22
WC-2026,2026,2026,IRN,IR Iran,IRN,AFC,G,Amir Ghalenoei,Dennis Eckert,forward,FW,,1997-01-09,Standard Liège,0,0,FALSE,FALSE,https://en.wikipedia.org/wiki/2026_FIFA_World_Cup_squads,2026-05-22
WC-2026,2026,2026,IRN,IR Iran,IRN,AFC,G,Amir Ghalenoei,Kasra Taheri,forward,FW,,2006-08-06,Paykan,2,0,FALSE,FALSE,https://en.wikipedia.org/wiki/2026_FIFA_World_Cup_squads,2026-05-22
WC-2026,2026,2026,IRN,IR Iran,IRN,AFC,G,Amir Ghalenoei,Mehdi Ghayedi,forward,FW,,1998-12-05,Al-Nasr,29,10,FALSE,FALSE,https://en.wikipedia.org/wiki/2026_FIFA_World_Cup_squads,2026-05-22
WC-2026,2026,2026,IRN,IR Iran,IRN,AFC,G,Amir Ghalenoei,Mehdi Taremi,forward,FW,,1992-07-18,Olympiacos,103,59,FALSE,FALSE,https://en.wikipedia.org/wiki/2026_FIFA_World_Cup_squads,2026-05-22
WC-2026,2026,2026,IRN,IR Iran,IRN,AFC,G,Amir Ghalenoei,Alireza Beiranvand,goalkeeper,GK,,1992-09-21,Tractor,84,0,FALSE,FALSE,https://en.wikipedia.org/wiki/2026_FIFA_World_Cup_squads,2026-05-22
WC-2026,2026,2026,IRN,IR Iran,IRN,AFC,G,Amir Ghalenoei,Hossein Hosseini,goalkeeper,GK,,1992-06-30,Sepahan,13,0,FALSE,FALSE,https://en.wikipedia.org/wiki/2026_FIFA_World_Cup_squads,2026-05-22
WC-2026,2026,2026,IRN,IR Iran,IRN,AFC,G,Amir Ghalenoei,Mohammad Khalife,goalkeeper,GK,,2004-08-19,Aluminium Arak,0,0,FALSE,FALSE,https://en.wikipedia.org/wiki/2026_FIFA_World_Cup_squads,2026-05-22
WC-2026,2026,2026,IRN,IR Iran,IRN,AFC,G,Amir Ghalenoei,Payam Niazmand,goalkeeper,GK,,1995-04-06,Persepolis,15,0,FALSE,FALSE,https://en.wikipedia.org/wiki/2026_FIFA_World_Cup_squads,2026-05-22
WC-2026,2026,2026,IRN,IR Iran,IRN,AFC,G,Amir Ghalenoei,Alireza Jahanbakhsh,midfielder,MF,,1993-08-11,Dender,98,17,FALSE,FALSE,https://en.wikipedia.org/wiki/2026_FIFA_World_Cup_squads,2026-05-22
WC-2026,2026,2026,IRN,IR Iran,IRN,AFC,G,Amir Ghalenoei,Amirmohammad Razzaghinia,midfielder,MF,,2006-04-11,Esteghlal,2,0,FALSE,FALSE,https://en.wikipedia.org/wiki/2026_FIFA_World_Cup_squads,2026-05-22
WC-2026,2026,2026,IRN,IR Iran,IRN,AFC,G,Amir Ghalenoei,Hadi Habibinejad,midfielder,MF,,1995-10-17,Chadormalou,0,0,FALSE,FALSE,https://en.wikipedia.org/wiki/2026_FIFA_World_Cup_squads,2026-05-22
WC-2026,2026,2026,IRN,IR Iran,IRN,AFC,G,Amir Ghalenoei,Mehdi Torabi,midfielder,MF,,1994-09-10,Tractor,51,7,FALSE,FALSE,https://en.wikipedia.org/wiki/2026_FIFA_World_Cup_squads,2026-05-22
WC-2026,2026,2026,IRN,IR Iran,IRN,AFC,G,Amir Ghalenoei,Mohammad Ghorbani,midfielder,MF,,2001-05-21,Al-Wahda,14,0,FALSE,FALSE,https://en.wikipedia.org/wiki/2026_FIFA_World_Cup_squads,2026-05-22
WC-2026,2026,2026,IRN,IR Iran,IRN,AFC,G,Amir Ghalenoei,Mohammad Mohebi,midfielder,MF,,1998-12-20,Rostov,35,14,FALSE,FALSE,https://en.wikipedia.org/wiki/2026_FIFA_World_Cup_squads,2026-05-22
WC-2026,2026,2026,IRN,IR Iran,IRN,AFC,G,Amir Ghalenoei,Omid Noorafkan,midfielder,MF,,1997-04-09,Sepahan,39,1,FALSE,FALSE,https://en.wikipedia.org/wiki/2026_FIFA_World_Cup_squads,2026-05-22
WC-2026,2026,2026,IRN,IR Iran,IRN,AFC,G,Amir Ghalenoei,Rouzbeh Cheshmi,midfielder,MF,,1993-07-24,Esteghlal,40,3,FALSE,FALSE,https://en.wikipedia.org/wiki/2026_FIFA_World_Cup_squads,2026-05-22
WC-2026,2026,2026,IRN,IR Iran,IRN,AFC,G,Amir Ghalenoei,Saeid Ezatolahi,midfielder,MF,,1996-10-01,Shabab Al-Ahli,81,1,FALSE,FALSE,https://en.wikipedia.org/wiki/2026_FIFA_World_Cup_squads,2026-05-22
WC-2026,2026,2026,IRN,IR Iran,IRN,AFC,G,Amir Ghalenoei,Saman Ghoddos,midfielder,MF,,1993-09-06,Kalba,67,3,FALSE,FALSE,https://en.wikipedia.org/wiki/2026_FIFA_World_Cup_squads,2026-05-22
WC-2026,2026,2026,NZL,New Zealand,NZL,OFC,G,Darren Bazeley,Callan Elliot,defender,DF,24,1999-07-07,Auckland FC,9,0,FALSE,TRUE,https://en.wikipedia.org/wiki/2026_FIFA_World_Cup_squads,2026-05-22
WC-2026,2026,2026,NZL,New Zealand,NZL,OFC,G,Darren Bazeley,Finn Surman,defender,DF,16,2003-09-23,Portland Timbers,17,2,FALSE,TRUE,https://en.wikipedia.org/wiki/2026_FIFA_World_Cup_squads,2026-05-22
WC-2026,2026,2026,NZL,New Zealand,NZL,OFC,G,Darren Bazeley,Francis de Vries,defender,DF,3,1994-11-28,Auckland FC,18,1,FALSE,TRUE,https://en.wikipedia.org/wiki/2026_FIFA_World_Cup_squads,2026-05-22
WC-2026,2026,2026,NZL,New Zealand,NZL,OFC,G,Darren Bazeley,Liberato Cacace,defender,DF,13,2000-09-27,Wrexham,35,1,FALSE,TRUE,https://en.wikipedia.org/wiki/2026_FIFA_World_Cup_squads,2026-05-22
WC-2026,2026,2026,NZL,New Zealand,NZL,OFC,G,Darren Bazeley,Michael Boxall,defender,DF,5,1988-08-18,Minnesota United FC,61,1,FALSE,TRUE,https://en.wikipedia.org/wiki/2026_FIFA_World_Cup_squads,2026-05-22
WC-2026,2026,2026,NZL,New Zealand,NZL,OFC,G,Darren Bazeley,Nando Pijnaker,defender,DF,15,1999-02-25,Auckland FC,23,0,FALSE,TRUE,https://en.wikipedia.org/wiki/2026_FIFA_World_Cup_squads,2026-05-22
WC-2026,2026,2026,NZL,New Zealand,NZL,OFC,G,Darren Bazeley,Tim Payne,defender,DF,2,1994-01-10,Wellington Phoenix,49,3,FALSE,TRUE,https://en.wikipedia.org/wiki/2026_FIFA_World_Cup_squads,2026-05-22
WC-2026,2026,2026,NZL,New Zealand,NZL,OFC,G,Darren Bazeley,Tommy Smith,defender,DF,26,1990-03-31,Braintree Town,56,2,FALSE,TRUE,https://en.wikipedia.org/wiki/2026_FIFA_World_Cup_squads,2026-05-22
WC-2026,2026,2026,NZL,New Zealand,NZL,OFC,G,Darren Bazeley,Tyler Bindon,defender,DF,4,2005-01-27,Sheffield United,23,3,FALSE,TRUE,https://en.wikipedia.org/wiki/2026_FIFA_World_Cup_squads,2026-05-22
WC-2026,2026,2026,NZL,New Zealand,NZL,OFC,G,Darren Bazeley,Ben Waine,forward,FW,18,2001-06-11,Port Vale,30,9,FALSE,TRUE,https://en.wikipedia.org/wiki/2026_FIFA_World_Cup_squads,2026-05-22
WC-2026,2026,2026,NZL,New Zealand,NZL,OFC,G,Darren Bazeley,Chris Wood,forward,FW,9,1991-12-07,Nottingham Forest,88,45,TRUE,TRUE,https://en.wikipedia.org/wiki/2026_FIFA_World_Cup_squads,2026-05-22
WC-2026,2026,2026,NZL,New Zealand,NZL,OFC,G,Darren Bazeley,Jesse Randall,forward,FW,21,2002-08-19,Auckland FC,9,2,FALSE,TRUE,https://en.wikipedia.org/wiki/2026_FIFA_World_Cup_squads,2026-05-22
WC-2026,2026,2026,NZL,New Zealand,NZL,OFC,G,Darren Bazeley,Kosta Barbarouses,forward,FW,17,1990-02-19,Western Sydney Wanderers,74,10,FALSE,TRUE,https://en.wikipedia.org/wiki/2026_FIFA_World_Cup_squads,2026-05-22
WC-2026,2026,2026,NZL,New Zealand,NZL,OFC,G,Darren Bazeley,Alex Paulsen,goalkeeper,GK,12,2002-07-04,Lechia Gdańsk,6,0,FALSE,TRUE,https://en.wikipedia.org/wiki/2026_FIFA_World_Cup_squads,2026-05-22
WC-2026,2026,2026,NZL,New Zealand,NZL,OFC,G,Darren Bazeley,Max Crocombe,goalkeeper,GK,1,1993-08-12,Millwall,22,0,FALSE,TRUE,https://en.wikipedia.org/wiki/2026_FIFA_World_Cup_squads,2026-05-22
WC-2026,2026,2026,NZL,New Zealand,NZL,OFC,G,Darren Bazeley,Michael Woud,goalkeeper,GK,22,1999-01-16,Auckland FC,6,0,FALSE,TRUE,https://en.wikipedia.org/wiki/2026_FIFA_World_Cup_squads,2026-05-22
WC-2026,2026,2026,NZL,New Zealand,NZL,OFC,G,Darren Bazeley,Alex Rufer,midfielder,MF,14,1996-06-12,Wellington Phoenix,24,0,FALSE,TRUE,https://en.wikipedia.org/wiki/2026_FIFA_World_Cup_squads,2026-05-22
WC-2026,2026,2026,NZL,New Zealand,NZL,OFC,G,Darren Bazeley,Ben Old,midfielder,MF,19,2002-08-13,Saint-Étienne,22,2,FALSE,TRUE,https://en.wikipedia.org/wiki/2026_FIFA_World_Cup_squads,2026-05-22
WC-2026,2026,2026,NZL,New Zealand,NZL,OFC,G,Darren Bazeley,Callum McCowatt,midfielder,MF,20,1999-04-30,Silkeborg,30,4,FALSE,TRUE,https://en.wikipedia.org/wiki/2026_FIFA_World_Cup_squads,2026-05-22
WC-2026,2026,2026,NZL,New Zealand,NZL,OFC,G,Darren Bazeley,Elijah Just,midfielder,MF,11,2000-05-01,Motherwell,42,9,FALSE,TRUE,https://en.wikipedia.org/wiki/2026_FIFA_World_Cup_squads,2026-05-22
WC-2026,2026,2026,NZL,New Zealand,NZL,OFC,G,Darren Bazeley,Joe Bell,midfielder,MF,6,1999-04-27,Viking,31,1,FALSE,TRUE,https://en.wikipedia.org/wiki/2026_FIFA_World_Cup_squads,2026-05-22
WC-2026,2026,2026,NZL,New Zealand,NZL,OFC,G,Darren Bazeley,Lachlan Bayliss,midfielder,MF,25,2002-07-24,Newcastle Jets,2,0,FALSE,TRUE,https://en.wikipedia.org/wiki/2026_FIFA_World_Cup_squads,2026-05-22
WC-2026,2026,2026,NZL,New Zealand,NZL,OFC,G,Darren Bazeley,Marko Stamenić,midfielder,MF,8,2002-02-19,Swansea City,37,3,FALSE,TRUE,https://en.wikipedia.org/wiki/2026_FIFA_World_Cup_squads,2026-05-22
WC-2026,2026,2026,NZL,New Zealand,NZL,OFC,G,Darren Bazeley,Matthew Garbett,midfielder,MF,7,2002-04-13,Peterborough United,35,5,FALSE,TRUE,https://en.wikipedia.org/wiki/2026_FIFA_World_Cup_squads,2026-05-22
WC-2026,2026,2026,NZL,New Zealand,NZL,OFC,G,Darren Bazeley,Ryan Thomas,midfielder,MF,23,1994-12-20,PEC Zwolle,25,3,FALSE,TRUE,https://en.wikipedia.org/wiki/2026_FIFA_World_Cup_squads,2026-05-22
WC-2026,2026,2026,NZL,New Zealand,NZL,OFC,G,Darren Bazeley,Sarpreet Singh,midfielder,MF,10,1999-02-20,Wellington Phoenix,26,3,FALSE,TRUE,https://en.wikipedia.org/wiki/2026_FIFA_World_Cup_squads,2026-05-22
WC-2026,2026,2026,CPV,Cabo Verde,CPV,CAF,H,Bubista,Diney,defender,DF,,1995-01-17,Al Bataeh,29,2,FALSE,TRUE,https://en.wikipedia.org/wiki/2026_FIFA_World_Cup_squads,2026-05-22
WC-2026,2026,2026,CPV,Cabo Verde,CPV,CAF,H,Bubista,João Paulo,defender,DF,,1998-05-26,FCSB,40,1,FALSE,TRUE,https://en.wikipedia.org/wiki/2026_FIFA_World_Cup_squads,2026-05-22
WC-2026,2026,2026,CPV,Cabo Verde,CPV,CAF,H,Bubista,Kelvin Pires,defender,DF,,2000-06-05,SJK,4,1,FALSE,TRUE,https://en.wikipedia.org/wiki/2026_FIFA_World_Cup_squads,2026-05-22
WC-2026,2026,2026,CPV,Cabo Verde,CPV,CAF,H,Bubista,Logan Costa,defender,DF,,2001-04-01,Villarreal,26,0,FALSE,TRUE,https://en.wikipedia.org/wiki/2026_FIFA_World_Cup_squads,2026-05-22
WC-2026,2026,2026,CPV,Cabo Verde,CPV,CAF,H,Bubista,Roberto Lopes,defender,DF,,1992-06-17,Shamrock Rovers,44,0,FALSE,TRUE,https://en.wikipedia.org/wiki/2026_FIFA_World_Cup_squads,2026-05-22
WC-2026,2026,2026,CPV,Cabo Verde,CPV,CAF,H,Bubista,Sidny Lopes Cabral,defender,DF,,2003-09-18,Benfica,8,3,FALSE,TRUE,https://en.wikipedia.org/wiki/2026_FIFA_World_Cup_squads,2026-05-22
WC-2026,2026,2026,CPV,Cabo Verde,CPV,CAF,H,Bubista,Steven Moreira,defender,DF,,1994-08-13,Columbus Crew,18,0,FALSE,TRUE,https://en.wikipedia.org/wiki/2026_FIFA_World_Cup_squads,2026-05-22
WC-2026,2026,2026,CPV,Cabo Verde,CPV,CAF,H,Bubista,Stopira,defender,DF,,1988-05-20,Torreense,60,4,FALSE,TRUE,https://en.wikipedia.org/wiki/2026_FIFA_World_Cup_squads,2026-05-22
WC-2026,2026,2026,CPV,Cabo Verde,CPV,CAF,H,Bubista,Wagner Pina,defender,DF,,2002-11-03,Trabzonspor,12,0,FALSE,TRUE,https://en.wikipedia.org/wiki/2026_FIFA_World_Cup_squads,2026-05-22
WC-2026,2026,2026,CPV,Cabo Verde,CPV,CAF,H,Bubista,Dailon Livramento,forward,FW,,2001-05-04,Casa Pia,20,7,FALSE,TRUE,https://en.wikipedia.org/wiki/2026_FIFA_World_Cup_squads,2026-05-22
WC-2026,2026,2026,CPV,Cabo Verde,CPV,CAF,H,Bubista,Garry Rodrigues,forward,FW,,1990-11-27,Apollon Limassol,59,9,FALSE,TRUE,https://en.wikipedia.org/wiki/2026_FIFA_World_Cup_squads,2026-05-22
WC-2026,2026,2026,CPV,Cabo Verde,CPV,CAF,H,Bubista,Gilson Benchimol,forward,FW,,2001-12-29,Akron Tolyatti,21,5,FALSE,TRUE,https://en.wikipedia.org/wiki/2026_FIFA_World_Cup_squads,2026-05-22
WC-2026,2026,2026,CPV,Cabo Verde,CPV,CAF,H,Bubista,Hélio Varela,forward,FW,,2002-05-03,Maccabi Tel Aviv,19,0,FALSE,TRUE,https://en.wikipedia.org/wiki/2026_FIFA_World_Cup_squads,2026-05-22
WC-2026,2026,2026,CPV,Cabo Verde,CPV,CAF,H,Bubista,Jovane Cabral,forward,FW,,1998-06-14,Estrela Amadora,25,2,FALSE,TRUE,https://en.wikipedia.org/wiki/2026_FIFA_World_Cup_squads,2026-05-22
WC-2026,2026,2026,CPV,Cabo Verde,CPV,CAF,H,Bubista,Nuno da Costa,forward,FW,,1991-02-10,İstanbul Başakşehir,7,1,FALSE,TRUE,https://en.wikipedia.org/wiki/2026_FIFA_World_Cup_squads,2026-05-22
WC-2026,2026,2026,CPV,Cabo Verde,CPV,CAF,H,Bubista,Ryan Mendes,forward,FW,,1990-01-08,Iğdır,94,22,TRUE,TRUE,https://en.wikipedia.org/wiki/2026_FIFA_World_Cup_squads,2026-05-22
WC-2026,2026,2026,CPV,Cabo Verde,CPV,CAF,H,Bubista,Willy Semedo,forward,FW,,1994-04-27,Omonia,36,2,FALSE,TRUE,https://en.wikipedia.org/wiki/2026_FIFA_World_Cup_squads,2026-05-22
WC-2026,2026,2026,CPV,Cabo Verde,CPV,CAF,H,Bubista,CJ dos Santos,goalkeeper,GK,,2000-08-24,San Diego,0,0,FALSE,TRUE,https://en.wikipedia.org/wiki/2026_FIFA_World_Cup_squads,2026-05-22
WC-2026,2026,2026,CPV,Cabo Verde,CPV,CAF,H,Bubista,Márcio Rosa,goalkeeper,GK,,1997-02-23,Montana,10,0,FALSE,TRUE,https://en.wikipedia.org/wiki/2026_FIFA_World_Cup_squads,2026-05-22
WC-2026,2026,2026,CPV,Cabo Verde,CPV,CAF,H,Bubista,Vozinha,goalkeeper,GK,,1986-06-03,Chaves,85,0,FALSE,TRUE,https://en.wikipedia.org/wiki/2026_FIFA_World_Cup_squads,2026-05-22
WC-2026,2026,2026,CPV,Cabo Verde,CPV,CAF,H,Bubista,Deroy Duarte,midfielder,MF,,1999-07-04,Ludogorets Razgrad,30,0,FALSE,TRUE,https://en.wikipedia.org/wiki/2026_FIFA_World_Cup_squads,2026-05-22
WC-2026,2026,2026,CPV,Cabo Verde,CPV,CAF,H,Bubista,Jamiro Monteiro,midfielder,MF,,1993-11-23,PEC Zwolle,53,5,FALSE,TRUE,https://en.wikipedia.org/wiki/2026_FIFA_World_Cup_squads,2026-05-22
WC-2026,2026,2026,CPV,Cabo Verde,CPV,CAF,H,Bubista,Kevin Pina,midfielder,MF,,1997-01-27,Krasnodar,30,2,FALSE,TRUE,https://en.wikipedia.org/wiki/2026_FIFA_World_Cup_squads,2026-05-22
WC-2026,2026,2026,CPV,Cabo Verde,CPV,CAF,H,Bubista,Laros Duarte,midfielder,MF,,1997-02-28,Puskás Akadémia,12,0,FALSE,TRUE,https://en.wikipedia.org/wiki/2026_FIFA_World_Cup_squads,2026-05-22
WC-2026,2026,2026,CPV,Cabo Verde,CPV,CAF,H,Bubista,Telmo Arcanjo,midfielder,MF,,2001-06-21,Vitória de Guimarães,14,1,FALSE,TRUE,https://en.wikipedia.org/wiki/2026_FIFA_World_Cup_squads,2026-05-22
WC-2026,2026,2026,CPV,Cabo Verde,CPV,CAF,H,Bubista,Yannick Semedo,midfielder,MF,,1995-12-29,Farense,10,1,FALSE,TRUE,https://en.wikipedia.org/wiki/2026_FIFA_World_Cup_squads,2026-05-22
WC-2026,2026,2026,FRA,France,FRA,UEFA,I,Didier Deschamps,Dayot Upamecano,defender,DF,,1998-10-27,Bayern Munich,36,2,FALSE,TRUE,https://en.wikipedia.org/wiki/2026_FIFA_World_Cup_squads,2026-05-22
WC-2026,2026,2026,FRA,France,FRA,UEFA,I,Didier Deschamps,Ibrahima Konaté,defender,DF,,1999-05-25,Liverpool,27,0,FALSE,TRUE,https://en.wikipedia.org/wiki/2026_FIFA_World_Cup_squads,2026-05-22
WC-2026,2026,2026,FRA,France,FRA,UEFA,I,Didier Deschamps,Jules Koundé,defender,DF,,1998-11-12,Barcelona,46,0,FALSE,TRUE,https://en.wikipedia.org/wiki/2026_FIFA_World_Cup_squads,2026-05-22
WC-2026,2026,2026,FRA,France,FRA,UEFA,I,Didier Deschamps,Lucas Digne,defender,DF,,1993-07-20,Aston Villa,56,0,FALSE,TRUE,https://en.wikipedia.org/wiki/2026_FIFA_World_Cup_squads,2026-05-22
WC-2026,2026,2026,FRA,France,FRA,UEFA,I,Didier Deschamps,Lucas Hernandez,defender,DF,,1996-02-14,Paris Saint-Germain,41,0,FALSE,TRUE,https://en.wikipedia.org/wiki/2026_FIFA_World_Cup_squads,2026-05-22
WC-2026,2026,2026,FRA,France,FRA,UEFA,I,Didier Deschamps,Malo Gusto,defender,DF,,2003-05-19,Chelsea,9,0,FALSE,TRUE,https://en.wikipedia.org/wiki/2026_FIFA_World_Cup_squads,2026-05-22
WC-2026,2026,2026,FRA,France,FRA,UEFA,I,Didier Deschamps,Maxence Lacroix,defender,DF,,2000-04-06,Crystal Palace,2,0,FALSE,TRUE,https://en.wikipedia.org/wiki/2026_FIFA_World_Cup_squads,2026-05-22
WC-2026,2026,2026,FRA,France,FRA,UEFA,I,Didier Deschamps,Théo Hernandez,defender,DF,,1997-10-06,Al-Hilal,42,2,FALSE,TRUE,https://en.wikipedia.org/wiki/2026_FIFA_World_Cup_squads,2026-05-22
WC-2026,2026,2026,FRA,France,FRA,UEFA,I,Didier Deschamps,William Saliba,defender,DF,,2001-03-24,Arsenal,31,0,FALSE,TRUE,https://en.wikipedia.org/wiki/2026_FIFA_World_Cup_squads,2026-05-22
WC-2026,2026,2026,FRA,France,FRA,UEFA,I,Didier Deschamps,Bradley Barcola,forward,FW,,2002-09-02,Paris Saint-Germain,18,3,FALSE,TRUE,https://en.wikipedia.org/wiki/2026_FIFA_World_Cup_squads,2026-05-22
WC-2026,2026,2026,FRA,France,FRA,UEFA,I,Didier Deschamps,Désiré Doué,forward,FW,,2005-06-03,Paris Saint-Germain,6,2,FALSE,TRUE,https://en.wikipedia.org/wiki/2026_FIFA_World_Cup_squads,2026-05-22
WC-2026,2026,2026,FRA,France,FRA,UEFA,I,Didier Deschamps,Jean-Philippe Mateta,forward,FW,,1997-06-28,Crystal Palace,3,2,FALSE,TRUE,https://en.wikipedia.org/wiki/2026_FIFA_World_Cup_squads,2026-05-22
WC-2026,2026,2026,FRA,France,FRA,UEFA,I,Didier Deschamps,Kylian Mbappé,forward,FW,,1998-12-20,Real Madrid,96,56,TRUE,TRUE,https://en.wikipedia.org/wiki/2026_FIFA_World_Cup_squads,2026-05-22
WC-2026,2026,2026,FRA,France,FRA,UEFA,I,Didier Deschamps,Maghnes Akliouche,forward,FW,,2002-02-25,Monaco,7,1,FALSE,TRUE,https://en.wikipedia.org/wiki/2026_FIFA_World_Cup_squads,2026-05-22
WC-2026,2026,2026,FRA,France,FRA,UEFA,I,Didier Deschamps,Marcus Thuram,forward,FW,,1997-08-06,Inter Milan,33,3,FALSE,TRUE,https://en.wikipedia.org/wiki/2026_FIFA_World_Cup_squads,2026-05-22
WC-2026,2026,2026,FRA,France,FRA,UEFA,I,Didier Deschamps,Michael Olise,forward,FW,,2001-12-12,Bayern Munich,15,4,FALSE,TRUE,https://en.wikipedia.org/wiki/2026_FIFA_World_Cup_squads,2026-05-22
WC-2026,2026,2026,FRA,France,FRA,UEFA,I,Didier Deschamps,Ousmane Dembélé,forward,FW,,1997-05-15,Paris Saint-Germain,58,7,FALSE,TRUE,https://en.wikipedia.org/wiki/2026_FIFA_World_Cup_squads,2026-05-22
WC-2026,2026,2026,FRA,France,FRA,UEFA,I,Didier Deschamps,Rayan Cherki,forward,FW,,2003-08-17,Manchester City,5,1,FALSE,TRUE,https://en.wikipedia.org/wiki/2026_FIFA_World_Cup_squads,2026-05-22
WC-2026,2026,2026,FRA,France,FRA,UEFA,I,Didier Deschamps,Brice Samba,goalkeeper,GK,,1994-04-25,Rennes,4,0,FALSE,TRUE,https://en.wikipedia.org/wiki/2026_FIFA_World_Cup_squads,2026-05-22
WC-2026,2026,2026,FRA,France,FRA,UEFA,I,Didier Deschamps,Mike Maignan,goalkeeper,GK,,1995-07-03,Milan,38,0,FALSE,TRUE,https://en.wikipedia.org/wiki/2026_FIFA_World_Cup_squads,2026-05-22
WC-2026,2026,2026,FRA,France,FRA,UEFA,I,Didier Deschamps,Robin Risser,goalkeeper,GK,,2004-12-02,Lens,0,0,FALSE,TRUE,https://en.wikipedia.org/wiki/2026_FIFA_World_Cup_squads,2026-05-22
WC-2026,2026,2026,FRA,France,FRA,UEFA,I,Didier Deschamps,Adrien Rabiot,midfielder,MF,,1995-04-03,Milan,57,7,FALSE,TRUE,https://en.wikipedia.org/wiki/2026_FIFA_World_Cup_squads,2026-05-22
WC-2026,2026,2026,FRA,France,FRA,UEFA,I,Didier Deschamps,Aurélien Tchouaméni,midfielder,MF,,2000-01-27,Real Madrid,44,3,FALSE,TRUE,https://en.wikipedia.org/wiki/2026_FIFA_World_Cup_squads,2026-05-22
WC-2026,2026,2026,FRA,France,FRA,UEFA,I,Didier Deschamps,Manu Koné,midfielder,MF,,2001-05-17,Roma,12,0,FALSE,TRUE,https://en.wikipedia.org/wiki/2026_FIFA_World_Cup_squads,2026-05-22
WC-2026,2026,2026,FRA,France,FRA,UEFA,I,Didier Deschamps,N'Golo Kanté,midfielder,MF,,1991-03-29,Fenerbahçe,67,2,FALSE,TRUE,https://en.wikipedia.org/wiki/2026_FIFA_World_Cup_squads,2026-05-22
WC-2026,2026,2026,FRA,France,FRA,UEFA,I,Didier Deschamps,Warren Zaïre-Emery,midfielder,MF,,2006-03-08,Paris Saint-Germain,10,1,FALSE,TRUE,https://en.wikipedia.org/wiki/2026_FIFA_World_Cup_squads,2026-05-22
WC-2026,2026,2026,IRQ,Iraq,IRQ,AFC,I,Graham Arnold,Ahmed Maknzi,defender,DF,,2001-09-24,Al-Karma,5,0,FALSE,FALSE,https://en.wikipedia.org/wiki/2026_FIFA_World_Cup_squads,2026-05-22
WC-2026,2026,2026,IRQ,Iraq,IRQ,AFC,I,Graham Arnold,Ahmed Yahya,defender,DF,,1995-07-01,Al-Shorta,18,0,FALSE,FALSE,https://en.wikipedia.org/wiki/2026_FIFA_World_Cup_squads,2026-05-22
WC-2026,2026,2026,IRQ,Iraq,IRQ,AFC,I,Graham Arnold,Akam Hashim,defender,DF,,1998-08-16,Al-Zawraa,11,1,FALSE,FALSE,https://en.wikipedia.org/wiki/2026_FIFA_World_Cup_squads,2026-05-22
WC-2026,2026,2026,IRQ,Iraq,IRQ,AFC,I,Graham Arnold,Dario Naamo,defender,DF,,2005-06-14,Dundee United,0,0,FALSE,FALSE,https://en.wikipedia.org/wiki/2026_FIFA_World_Cup_squads,2026-05-22
WC-2026,2026,2026,IRQ,Iraq,IRQ,AFC,I,Graham Arnold,Frans Putros,defender,DF,,1993-07-14,Persib,25,0,FALSE,FALSE,https://en.wikipedia.org/wiki/2026_FIFA_World_Cup_squads,2026-05-22
WC-2026,2026,2026,IRQ,Iraq,IRQ,AFC,I,Graham Arnold,Hussein Ali,defender,DF,,2002-03-01,Pogoń Szczecin,25,1,FALSE,FALSE,https://en.wikipedia.org/wiki/2026_FIFA_World_Cup_squads,2026-05-22
WC-2026,2026,2026,IRQ,Iraq,IRQ,AFC,I,Graham Arnold,Maitham Jabbar,defender,DF,,2000-11-10,Al-Zawraa,19,0,FALSE,FALSE,https://en.wikipedia.org/wiki/2026_FIFA_World_Cup_squads,2026-05-22
WC-2026,2026,2026,IRQ,Iraq,IRQ,AFC,I,Graham Arnold,Manaf Younis,defender,DF,,1996-11-16,Al-Shorta,31,1,FALSE,FALSE,https://en.wikipedia.org/wiki/2026_FIFA_World_Cup_squads,2026-05-22
WC-2026,2026,2026,IRQ,Iraq,IRQ,AFC,I,Graham Arnold,Merchas Doski,defender,DF,,1999-12-07,Viktoria Plzeň,30,0,FALSE,FALSE,https://en.wikipedia.org/wiki/2026_FIFA_World_Cup_squads,2026-05-22
WC-2026,2026,2026,IRQ,Iraq,IRQ,AFC,I,Graham Arnold,Mustafa Saadoon,defender,DF,,2001-05-25,Al-Shorta,14,0,FALSE,FALSE,https://en.wikipedia.org/wiki/2026_FIFA_World_Cup_squads,2026-05-22
WC-2026,2026,2026,IRQ,Iraq,IRQ,AFC,I,Graham Arnold,Rebin Sulaka,defender,DF,,1992-04-12,Port,54,1,FALSE,FALSE,https://en.wikipedia.org/wiki/2026_FIFA_World_Cup_squads,2026-05-22
WC-2026,2026,2026,IRQ,Iraq,IRQ,AFC,I,Graham Arnold,Zaid Tahseen,defender,DF,,2001-01-29,Pakhtakor,25,1,FALSE,FALSE,https://en.wikipedia.org/wiki/2026_FIFA_World_Cup_squads,2026-05-22
WC-2026,2026,2026,IRQ,Iraq,IRQ,AFC,I,Graham Arnold,Ali Al-Hamadi,forward,FW,,2002-03-01,Luton Town,17,5,FALSE,FALSE,https://en.wikipedia.org/wiki/2026_FIFA_World_Cup_squads,2026-05-22
WC-2026,2026,2026,IRQ,Iraq,IRQ,AFC,I,Graham Arnold,Ali Yousif,forward,FW,,1996-01-19,Al-Talaba,5,0,FALSE,FALSE,https://en.wikipedia.org/wiki/2026_FIFA_World_Cup_squads,2026-05-22
WC-2026,2026,2026,IRQ,Iraq,IRQ,AFC,I,Graham Arnold,Aymen Hussein,forward,FW,,1996-03-22,Al-Karma,93,33,FALSE,FALSE,https://en.wikipedia.org/wiki/2026_FIFA_World_Cup_squads,2026-05-22
WC-2026,2026,2026,IRQ,Iraq,IRQ,AFC,I,Graham Arnold,Mohanad Ali,forward,FW,,2000-06-20,Dibba,70,27,FALSE,FALSE,https://en.wikipedia.org/wiki/2026_FIFA_World_Cup_squads,2026-05-22
WC-2026,2026,2026,IRQ,Iraq,IRQ,AFC,I,Graham Arnold,Ahmed Basil,goalkeeper,GK,,1996-08-19,Al-Shorta,14,0,FALSE,FALSE,https://en.wikipedia.org/wiki/2026_FIFA_World_Cup_squads,2026-05-22
WC-2026,2026,2026,IRQ,Iraq,IRQ,AFC,I,Graham Arnold,Fahad Talib,goalkeeper,GK,,1994-10-21,Al-Talaba,20,0,FALSE,FALSE,https://en.wikipedia.org/wiki/2026_FIFA_World_Cup_squads,2026-05-22
WC-2026,2026,2026,IRQ,Iraq,IRQ,AFC,I,Graham Arnold,Jalal Hassan,goalkeeper,GK,,1991-05-18,Al-Zawraa,100,0,TRUE,FALSE,https://en.wikipedia.org/wiki/2026_FIFA_World_Cup_squads,2026-05-22
WC-2026,2026,2026,IRQ,Iraq,IRQ,AFC,I,Graham Arnold,Kumel Al-Rekabe,goalkeeper,GK,,2004-08-19,Erbil,0,0,FALSE,FALSE,https://en.wikipedia.org/wiki/2026_FIFA_World_Cup_squads,2026-05-22
WC-2026,2026,2026,IRQ,Iraq,IRQ,AFC,I,Graham Arnold,Ahmed Qasem,midfielder,MF,,2003-07-12,Nashville SC,0,0,FALSE,FALSE,https://en.wikipedia.org/wiki/2026_FIFA_World_Cup_squads,2026-05-22
WC-2026,2026,2026,IRQ,Iraq,IRQ,AFC,I,Graham Arnold,Aimar Sher,midfielder,MF,,2002-12-20,Sarpsborg 08,5,0,FALSE,FALSE,https://en.wikipedia.org/wiki/2026_FIFA_World_Cup_squads,2026-05-22
WC-2026,2026,2026,IRQ,Iraq,IRQ,AFC,I,Graham Arnold,Ali Jasim,midfielder,MF,,2004-01-20,Al-Najma,35,2,FALSE,FALSE,https://en.wikipedia.org/wiki/2026_FIFA_World_Cup_squads,2026-05-22
WC-2026,2026,2026,IRQ,Iraq,IRQ,AFC,I,Graham Arnold,Amir Al-Ammari,midfielder,MF,,1997-07-27,Cracovia,49,3,FALSE,FALSE,https://en.wikipedia.org/wiki/2026_FIFA_World_Cup_squads,2026-05-22
WC-2026,2026,2026,IRQ,Iraq,IRQ,AFC,I,Graham Arnold,Hasan Abdulkareem,midfielder,MF,,1999-01-01,Al-Zawraa,21,1,FALSE,FALSE,https://en.wikipedia.org/wiki/2026_FIFA_World_Cup_squads,2026-05-22
WC-2026,2026,2026,IRQ,Iraq,IRQ,AFC,I,Graham Arnold,Ibrahim Bayesh,midfielder,MF,,2000-05-01,Al-Dhafra,74,8,FALSE,FALSE,https://en.wikipedia.org/wiki/2026_FIFA_World_Cup_squads,2026-05-22
WC-2026,2026,2026,IRQ,Iraq,IRQ,AFC,I,Graham Arnold,Jussef Nasrawe,midfielder,MF,,2007-03-22,SV Ried,0,0,FALSE,FALSE,https://en.wikipedia.org/wiki/2026_FIFA_World_Cup_squads,2026-05-22
WC-2026,2026,2026,IRQ,Iraq,IRQ,AFC,I,Graham Arnold,Karrar Nabeel,midfielder,MF,,1998-01-16,Al-Zawraa,8,0,FALSE,FALSE,https://en.wikipedia.org/wiki/2026_FIFA_World_Cup_squads,2026-05-22
WC-2026,2026,2026,IRQ,Iraq,IRQ,AFC,I,Graham Arnold,Kevin Yakob,midfielder,MF,,2000-10-10,AGF,6,0,FALSE,FALSE,https://en.wikipedia.org/wiki/2026_FIFA_World_Cup_squads,2026-05-22
WC-2026,2026,2026,IRQ,Iraq,IRQ,AFC,I,Graham Arnold,Marko Farji,midfielder,MF,,2004-03-16,Venezia,9,0,FALSE,FALSE,https://en.wikipedia.org/wiki/2026_FIFA_World_Cup_squads,2026-05-22
WC-2026,2026,2026,IRQ,Iraq,IRQ,AFC,I,Graham Arnold,Peter Gwargis,midfielder,MF,,2000-09-04,Duhok,3,0,FALSE,FALSE,https://en.wikipedia.org/wiki/2026_FIFA_World_Cup_squads,2026-05-22
WC-2026,2026,2026,IRQ,Iraq,IRQ,AFC,I,Graham Arnold,Youssef Amyn,midfielder,MF,,2003-08-21,AEK Larnaca,25,2,FALSE,FALSE,https://en.wikipedia.org/wiki/2026_FIFA_World_Cup_squads,2026-05-22
WC-2026,2026,2026,IRQ,Iraq,IRQ,AFC,I,Graham Arnold,Zaid Ismail,midfielder,MF,,2002-01-03,Al-Talaba,4,0,FALSE,FALSE,https://en.wikipedia.org/wiki/2026_FIFA_World_Cup_squads,2026-05-22
WC-2026,2026,2026,IRQ,Iraq,IRQ,AFC,I,Graham Arnold,Zidane Iqbal,midfielder,MF,,2003-04-27,Utrecht,22,2,FALSE,FALSE,https://en.wikipedia.org/wiki/2026_FIFA_World_Cup_squads,2026-05-22
WC-2026,2026,2026,NOR,Norway,NOR,UEFA,I,Ståle Solbakken,David Møller Wolfe,defender,DF,,2002-04-23,Wolverhampton Wanderers,20,1,FALSE,TRUE,https://en.wikipedia.org/wiki/2026_FIFA_World_Cup_squads,2026-05-22
WC-2026,2026,2026,NOR,Norway,NOR,UEFA,I,Ståle Solbakken,Fredrik André Bjørkan,defender,DF,,1998-08-21,Bodø/Glimt,19,1,FALSE,TRUE,https://en.wikipedia.org/wiki/2026_FIFA_World_Cup_squads,2026-05-22
WC-2026,2026,2026,NOR,Norway,NOR,UEFA,I,Ståle Solbakken,Henrik Falchener,defender,DF,,2003-05-08,Viking,1,0,FALSE,TRUE,https://en.wikipedia.org/wiki/2026_FIFA_World_Cup_squads,2026-05-22
WC-2026,2026,2026,NOR,Norway,NOR,UEFA,I,Ståle Solbakken,Julian Ryerson,defender,DF,,1997-11-17,Borussia Dortmund,41,1,FALSE,TRUE,https://en.wikipedia.org/wiki/2026_FIFA_World_Cup_squads,2026-05-22
WC-2026,2026,2026,NOR,Norway,NOR,UEFA,I,Ståle Solbakken,Kristoffer Ajer,defender,DF,,1998-04-17,Brentford,50,2,FALSE,TRUE,https://en.wikipedia.org/wiki/2026_FIFA_World_Cup_squads,2026-05-22
WC-2026,2026,2026,NOR,Norway,NOR,UEFA,I,Ståle Solbakken,Leo Østigård,defender,DF,,1999-11-28,Genoa,36,1,FALSE,TRUE,https://en.wikipedia.org/wiki/2026_FIFA_World_Cup_squads,2026-05-22
WC-2026,2026,2026,NOR,Norway,NOR,UEFA,I,Ståle Solbakken,Marcus Holmgren Pedersen,defender,DF,,2000-07-16,Torino,31,0,FALSE,TRUE,https://en.wikipedia.org/wiki/2026_FIFA_World_Cup_squads,2026-05-22
WC-2026,2026,2026,NOR,Norway,NOR,UEFA,I,Ståle Solbakken,Sondre Langås,defender,DF,,2001-02-02,Derby County,2,0,FALSE,TRUE,https://en.wikipedia.org/wiki/2026_FIFA_World_Cup_squads,2026-05-22
WC-2026,2026,2026,NOR,Norway,NOR,UEFA,I,Ståle Solbakken,Torbjørn Heggem,defender,DF,,1999-01-12,Bologna,13,0,FALSE,TRUE,https://en.wikipedia.org/wiki/2026_FIFA_World_Cup_squads,2026-05-22
WC-2026,2026,2026,NOR,Norway,NOR,UEFA,I,Ståle Solbakken,Alexander Sørloth,forward,FW,,1995-12-05,Atlético Madrid,70,26,FALSE,TRUE,https://en.wikipedia.org/wiki/2026_FIFA_World_Cup_squads,2026-05-22
WC-2026,2026,2026,NOR,Norway,NOR,UEFA,I,Ståle Solbakken,Erling Haaland,forward,FW,,2000-07-21,Manchester City,49,55,FALSE,TRUE,https://en.wikipedia.org/wiki/2026_FIFA_World_Cup_squads,2026-05-22
WC-2026,2026,2026,NOR,Norway,NOR,UEFA,I,Ståle Solbakken,Jørgen Strand Larsen,forward,FW,,2000-02-06,Crystal Palace,26,4,FALSE,TRUE,https://en.wikipedia.org/wiki/2026_FIFA_World_Cup_squads,2026-05-22
WC-2026,2026,2026,NOR,Norway,NOR,UEFA,I,Ståle Solbakken,Egil Selvik,goalkeeper,GK,,1997-07-30,Watford,6,0,FALSE,TRUE,https://en.wikipedia.org/wiki/2026_FIFA_World_Cup_squads,2026-05-22
WC-2026,2026,2026,NOR,Norway,NOR,UEFA,I,Ståle Solbakken,Sander Tangvik,goalkeeper,GK,,2002-11-29,Hamburger SV,0,0,FALSE,TRUE,https://en.wikipedia.org/wiki/2026_FIFA_World_Cup_squads,2026-05-22
WC-2026,2026,2026,NOR,Norway,NOR,UEFA,I,Ståle Solbakken,Ørjan Nyland,goalkeeper,GK,,1990-09-10,Sevilla,69,0,FALSE,TRUE,https://en.wikipedia.org/wiki/2026_FIFA_World_Cup_squads,2026-05-22
WC-2026,2026,2026,NOR,Norway,NOR,UEFA,I,Ståle Solbakken,Andreas Schjelderup,midfielder,MF,,2004-06-01,Benfica,10,1,FALSE,TRUE,https://en.wikipedia.org/wiki/2026_FIFA_World_Cup_squads,2026-05-22
WC-2026,2026,2026,NOR,Norway,NOR,UEFA,I,Ståle Solbakken,Antonio Nusa,midfielder,MF,,2005-04-17,RB Leipzig,22,7,FALSE,TRUE,https://en.wikipedia.org/wiki/2026_FIFA_World_Cup_squads,2026-05-22
WC-2026,2026,2026,NOR,Norway,NOR,UEFA,I,Ståle Solbakken,Fredrik Aursnes,midfielder,MF,,1995-12-10,Benfica,20,1,FALSE,TRUE,https://en.wikipedia.org/wiki/2026_FIFA_World_Cup_squads,2026-05-22
WC-2026,2026,2026,NOR,Norway,NOR,UEFA,I,Ståle Solbakken,Jens Petter Hauge,midfielder,MF,,1999-10-12,Bodø/Glimt,14,1,FALSE,TRUE,https://en.wikipedia.org/wiki/2026_FIFA_World_Cup_squads,2026-05-22
WC-2026,2026,2026,NOR,Norway,NOR,UEFA,I,Ståle Solbakken,Kristian Thorstvedt,midfielder,MF,,1999-03-13,Sassuolo,35,4,FALSE,TRUE,https://en.wikipedia.org/wiki/2026_FIFA_World_Cup_squads,2026-05-22
WC-2026,2026,2026,NOR,Norway,NOR,UEFA,I,Ståle Solbakken,Martin Ødegaard,midfielder,MF,,1998-12-17,Arsenal,67,4,TRUE,TRUE,https://en.wikipedia.org/wiki/2026_FIFA_World_Cup_squads,2026-05-22
WC-2026,2026,2026,NOR,Norway,NOR,UEFA,I,Ståle Solbakken,Morten Thorsby,midfielder,MF,,1996-05-05,Cremonese,30,0,FALSE,TRUE,https://en.wikipedia.org/wiki/2026_FIFA_World_Cup_squads,2026-05-22
WC-2026,2026,2026,NOR,Norway,NOR,UEFA,I,Ståle Solbakken,Oscar Bobb,midfielder,MF,,2003-07-12,Fulham,18,2,FALSE,TRUE,https://en.wikipedia.org/wiki/2026_FIFA_World_Cup_squads,2026-05-22
WC-2026,2026,2026,NOR,Norway,NOR,UEFA,I,Ståle Solbakken,Patrick Berg,midfielder,MF,,1997-11-24,Bodø/Glimt,41,0,FALSE,TRUE,https://en.wikipedia.org/wiki/2026_FIFA_World_Cup_squads,2026-05-22
WC-2026,2026,2026,NOR,Norway,NOR,UEFA,I,Ståle Solbakken,Sander Berge,midfielder,MF,,1998-02-14,Fulham,64,1,FALSE,TRUE,https://en.wikipedia.org/wiki/2026_FIFA_World_Cup_squads,2026-05-22
WC-2026,2026,2026,NOR,Norway,NOR,UEFA,I,Ståle Solbakken,Thelo Aasgaard,midfielder,MF,,2002-05-02,Rangers,6,5,FALSE,TRUE,https://en.wikipedia.org/wiki/2026_FIFA_World_Cup_squads,2026-05-22
WC-2026,2026,2026,SEN,Senegal,SEN,CAF,I,Pape Thiaw,Abdoulaye Seck,defender,DF,,1992-06-04,Maccabi Haifa,21,4,FALSE,FALSE,https://en.wikipedia.org/wiki/2026_FIFA_World_Cup_squads,2026-05-22
WC-2026,2026,2026,SEN,Senegal,SEN,CAF,I,Pape Thiaw,Antoine Mendy,defender,DF,,2004-05-27,Nice,6,0,FALSE,FALSE,https://en.wikipedia.org/wiki/2026_FIFA_World_Cup_squads,2026-05-22
WC-2026,2026,2026,SEN,Senegal,SEN,CAF,I,Pape Thiaw,El Hadji Malick Diouf,defender,DF,,2004-12-28,West Ham United,18,1,FALSE,FALSE,https://en.wikipedia.org/wiki/2026_FIFA_World_Cup_squads,2026-05-22
WC-2026,2026,2026,SEN,Senegal,SEN,CAF,I,Pape Thiaw,Ilay Camara,defender,DF,,2003-01-18,Anderlecht,3,0,FALSE,FALSE,https://en.wikipedia.org/wiki/2026_FIFA_World_Cup_squads,2026-05-22
WC-2026,2026,2026,SEN,Senegal,SEN,CAF,I,Pape Thiaw,Ismail Jakobs,defender,DF,,1999-08-17,Galatasaray,28,0,FALSE,FALSE,https://en.wikipedia.org/wiki/2026_FIFA_World_Cup_squads,2026-05-22
WC-2026,2026,2026,SEN,Senegal,SEN,CAF,I,Pape Thiaw,Kalidou Koulibaly,defender,DF,,1991-06-20,Al-Hilal,103,2,TRUE,FALSE,https://en.wikipedia.org/wiki/2026_FIFA_World_Cup_squads,2026-05-22
WC-2026,2026,2026,SEN,Senegal,SEN,CAF,I,Pape Thiaw,Krépin Diatta,defender,DF,,1999-02-25,Monaco,59,2,FALSE,FALSE,https://en.wikipedia.org/wiki/2026_FIFA_World_Cup_squads,2026-05-22
WC-2026,2026,2026,SEN,Senegal,SEN,CAF,I,Pape Thiaw,Mamadou Sarr,defender,DF,,2005-08-29,Chelsea,6,0,FALSE,FALSE,https://en.wikipedia.org/wiki/2026_FIFA_World_Cup_squads,2026-05-22
WC-2026,2026,2026,SEN,Senegal,SEN,CAF,I,Pape Thiaw,Moussa Niakhaté,defender,DF,,1996-03-08,Lyon,29,0,FALSE,FALSE,https://en.wikipedia.org/wiki/2026_FIFA_World_Cup_squads,2026-05-22
WC-2026,2026,2026,SEN,Senegal,SEN,CAF,I,Pape Thiaw,Moustapha Mbow,defender,DF,,2000-03-08,Paris FC,0,0,FALSE,FALSE,https://en.wikipedia.org/wiki/2026_FIFA_World_Cup_squads,2026-05-22
WC-2026,2026,2026,SEN,Senegal,SEN,CAF,I,Pape Thiaw,Assane Diao,forward,FW,,2005-12-07,Como,4,0,FALSE,FALSE,https://en.wikipedia.org/wiki/2026_FIFA_World_Cup_squads,2026-05-22
WC-2026,2026,2026,SEN,Senegal,SEN,CAF,I,Pape Thiaw,Bamba Dieng,forward,FW,,2000-03-23,Lorient,21,2,FALSE,FALSE,https://en.wikipedia.org/wiki/2026_FIFA_World_Cup_squads,2026-05-22
WC-2026,2026,2026,SEN,Senegal,SEN,CAF,I,Pape Thiaw,Cherif Ndiaye,forward,FW,,1996-01-23,Samsunspor,17,4,FALSE,FALSE,https://en.wikipedia.org/wiki/2026_FIFA_World_Cup_squads,2026-05-22
WC-2026,2026,2026,SEN,Senegal,SEN,CAF,I,Pape Thiaw,Ibrahim Mbaye,forward,FW,,2008-01-24,Paris Saint-Germain,10,3,FALSE,FALSE,https://en.wikipedia.org/wiki/2026_FIFA_World_Cup_squads,2026-05-22
WC-2026,2026,2026,SEN,Senegal,SEN,CAF,I,Pape Thiaw,Iliman Ndiaye,forward,FW,,2000-03-06,Everton,38,4,FALSE,FALSE,https://en.wikipedia.org/wiki/2026_FIFA_World_Cup_squads,2026-05-22
WC-2026,2026,2026,SEN,Senegal,SEN,CAF,I,Pape Thiaw,Ismaïla Sarr,forward,FW,,1998-02-25,Crystal Palace,83,19,FALSE,FALSE,https://en.wikipedia.org/wiki/2026_FIFA_World_Cup_squads,2026-05-22
WC-2026,2026,2026,SEN,Senegal,SEN,CAF,I,Pape Thiaw,Nicolas Jackson,forward,FW,,2001-06-20,Bayern Munich,31,8,FALSE,FALSE,https://en.wikipedia.org/wiki/2026_FIFA_World_Cup_squads,2026-05-22
WC-2026,2026,2026,SEN,Senegal,SEN,CAF,I,Pape Thiaw,Sadio Mané,forward,FW,,1992-04-10,Al-Nassr,126,53,FALSE,FALSE,https://en.wikipedia.org/wiki/2026_FIFA_World_Cup_squads,2026-05-22
WC-2026,2026,2026,SEN,Senegal,SEN,CAF,I,Pape Thiaw,Mory Diaw,goalkeeper,GK,,1993-06-22,Le Havre,4,0,FALSE,FALSE,https://en.wikipedia.org/wiki/2026_FIFA_World_Cup_squads,2026-05-22
WC-2026,2026,2026,SEN,Senegal,SEN,CAF,I,Pape Thiaw,Yehvann Diouf,goalkeeper,GK,,1999-11-16,Nice,2,0,FALSE,FALSE,https://en.wikipedia.org/wiki/2026_FIFA_World_Cup_squads,2026-05-22
WC-2026,2026,2026,SEN,Senegal,SEN,CAF,I,Pape Thiaw,Édouard Mendy,goalkeeper,GK,,1992-03-01,Al-Ahli,56,0,FALSE,FALSE,https://en.wikipedia.org/wiki/2026_FIFA_World_Cup_squads,2026-05-22
WC-2026,2026,2026,SEN,Senegal,SEN,CAF,I,Pape Thiaw,Bara Sapoko Ndiaye,midfielder,MF,,2007-12-31,Bayern Munich,0,0,FALSE,FALSE,https://en.wikipedia.org/wiki/2026_FIFA_World_Cup_squads,2026-05-22
WC-2026,2026,2026,SEN,Senegal,SEN,CAF,I,Pape Thiaw,Habib Diarra,midfielder,MF,,2004-01-03,Sunderland,19,4,FALSE,FALSE,https://en.wikipedia.org/wiki/2026_FIFA_World_Cup_squads,2026-05-22
WC-2026,2026,2026,SEN,Senegal,SEN,CAF,I,Pape Thiaw,Idrissa Gueye,midfielder,MF,,1989-09-26,Everton,131,7,FALSE,FALSE,https://en.wikipedia.org/wiki/2026_FIFA_World_Cup_squads,2026-05-22
WC-2026,2026,2026,SEN,Senegal,SEN,CAF,I,Pape Thiaw,Lamine Camara,midfielder,MF,,2004-01-01,Monaco,25,7,FALSE,FALSE,https://en.wikipedia.org/wiki/2026_FIFA_World_Cup_squads,2026-05-22
WC-2026,2026,2026,SEN,Senegal,SEN,CAF,I,Pape Thiaw,Pape Gueye,midfielder,MF,,1999-01-24,Villarreal,40,5,FALSE,FALSE,https://en.wikipedia.org/wiki/2026_FIFA_World_Cup_squads,2026-05-22
WC-2026,2026,2026,SEN,Senegal,SEN,CAF,I,Pape Thiaw,Pape Matar Sarr,midfielder,MF,,2002-09-14,Tottenham Hotspur,38,4,FALSE,FALSE,https://en.wikipedia.org/wiki/2026_FIFA_World_Cup_squads,2026-05-22
WC-2026,2026,2026,SEN,Senegal,SEN,CAF,I,Pape Thiaw,Pathé Ciss,midfielder,MF,,1994-03-16,Rayo Vallecano,29,0,FALSE,FALSE,https://en.wikipedia.org/wiki/2026_FIFA_World_Cup_squads,2026-05-22
WC-2026,2026,2026,ARG,Argentina,ARG,CONMEBOL,J,Lionel Scaloni,Agustín Giay,defender,DF,,2004-01-16,Palmeiras,1,0,FALSE,FALSE,https://en.wikipedia.org/wiki/2026_FIFA_World_Cup_squads,2026-05-22
WC-2026,2026,2026,ARG,Argentina,ARG,CONMEBOL,J,Lionel Scaloni,Cristian Romero,defender,DF,,1998-04-27,Tottenham Hotspur,49,3,FALSE,FALSE,https://en.wikipedia.org/wiki/2026_FIFA_World_Cup_squads,2026-05-22
WC-2026,2026,2026,ARG,Argentina,ARG,CONMEBOL,J,Lionel Scaloni,Facundo Medina,defender,DF,,1999-05-28,Marseille,7,0,FALSE,FALSE,https://en.wikipedia.org/wiki/2026_FIFA_World_Cup_squads,2026-05-22
WC-2026,2026,2026,ARG,Argentina,ARG,CONMEBOL,J,Lionel Scaloni,Gabriel Rojas,defender,DF,,1997-06-22,Racing,1,0,FALSE,FALSE,https://en.wikipedia.org/wiki/2026_FIFA_World_Cup_squads,2026-05-22
WC-2026,2026,2026,ARG,Argentina,ARG,CONMEBOL,J,Lionel Scaloni,Germán Pezzella,defender,DF,,1991-06-27,River Plate,42,3,FALSE,FALSE,https://en.wikipedia.org/wiki/2026_FIFA_World_Cup_squads,2026-05-22
WC-2026,2026,2026,ARG,Argentina,ARG,CONMEBOL,J,Lionel Scaloni,Gonzalo Montiel,defender,DF,,1997-01-01,River Plate,38,2,FALSE,FALSE,https://en.wikipedia.org/wiki/2026_FIFA_World_Cup_squads,2026-05-22
WC-2026,2026,2026,ARG,Argentina,ARG,CONMEBOL,J,Lionel Scaloni,Kevin Mac Allister,defender,DF,,1997-11-07,Union Saint-Gilloise,1,0,FALSE,FALSE,https://en.wikipedia.org/wiki/2026_FIFA_World_Cup_squads,2026-05-22
WC-2026,2026,2026,ARG,Argentina,ARG,CONMEBOL,J,Lionel Scaloni,Lautaro Di Lollo,defender,DF,,2004-03-10,Boca Juniors,0,0,FALSE,FALSE,https://en.wikipedia.org/wiki/2026_FIFA_World_Cup_squads,2026-05-22
WC-2026,2026,2026,ARG,Argentina,ARG,CONMEBOL,J,Lionel Scaloni,Leonardo Balerdi,defender,DF,,1999-01-26,Marseille,11,0,FALSE,FALSE,https://en.wikipedia.org/wiki/2026_FIFA_World_Cup_squads,2026-05-22
WC-2026,2026,2026,ARG,Argentina,ARG,CONMEBOL,J,Lionel Scaloni,Lisandro Martínez,defender,DF,,1998-01-18,Manchester United,26,1,FALSE,FALSE,https://en.wikipedia.org/wiki/2026_FIFA_World_Cup_squads,2026-05-22
WC-2026,2026,2026,ARG,Argentina,ARG,CONMEBOL,J,Lionel Scaloni,Lucas Martínez Quarta,defender,DF,,1996-05-10,River Plate,16,0,FALSE,FALSE,https://en.wikipedia.org/wiki/2026_FIFA_World_Cup_squads,2026-05-22
WC-2026,2026,2026,ARG,Argentina,ARG,CONMEBOL,J,Lionel Scaloni,Marcos Acuña,defender,DF,,1991-10-28,River Plate,62,0,FALSE,FALSE,https://en.wikipedia.org/wiki/2026_FIFA_World_Cup_squads,2026-05-22
WC-2026,2026,2026,ARG,Argentina,ARG,CONMEBOL,J,Lionel Scaloni,Marcos Senesi,defender,DF,,1997-05-10,Bournemouth,3,0,FALSE,FALSE,https://en.wikipedia.org/wiki/2026_FIFA_World_Cup_squads,2026-05-22
WC-2026,2026,2026,ARG,Argentina,ARG,CONMEBOL,J,Lionel Scaloni,Nahuel Molina,defender,DF,,1998-04-06,Atlético Madrid,58,1,FALSE,FALSE,https://en.wikipedia.org/wiki/2026_FIFA_World_Cup_squads,2026-05-22
WC-2026,2026,2026,ARG,Argentina,ARG,CONMEBOL,J,Lionel Scaloni,Nicolás Capaldo,defender,DF,,1998-09-14,Hamburger SV,0,0,FALSE,FALSE,https://en.wikipedia.org/wiki/2026_FIFA_World_Cup_squads,2026-05-22
WC-2026,2026,2026,ARG,Argentina,ARG,CONMEBOL,J,Lionel Scaloni,Nicolás Otamendi,defender,DF,,1988-02-12,Benfica,130,8,FALSE,FALSE,https://en.wikipedia.org/wiki/2026_FIFA_World_Cup_squads,2026-05-22
WC-2026,2026,2026,ARG,Argentina,ARG,CONMEBOL,J,Lionel Scaloni,Nicolás Tagliafico,defender,DF,,1992-08-31,Lyon,75,1,FALSE,FALSE,https://en.wikipedia.org/wiki/2026_FIFA_World_Cup_squads,2026-05-22
WC-2026,2026,2026,ARG,Argentina,ARG,CONMEBOL,J,Lionel Scaloni,Zaid Romero,defender,DF,,1999-12-15,Getafe,0,0,FALSE,FALSE,https://en.wikipedia.org/wiki/2026_FIFA_World_Cup_squads,2026-05-22
WC-2026,2026,2026,ARG,Argentina,ARG,CONMEBOL,J,Lionel Scaloni,Alejandro Garnacho,forward,FW,,2004-07-01,Chelsea,8,0,FALSE,FALSE,https://en.wikipedia.org/wiki/2026_FIFA_World_Cup_squads,2026-05-22
WC-2026,2026,2026,ARG,Argentina,ARG,CONMEBOL,J,Lionel Scaloni,Claudio Echeverri,forward,FW,,2006-01-02,Girona,0,0,FALSE,FALSE,https://en.wikipedia.org/wiki/2026_FIFA_World_Cup_squads,2026-05-22
WC-2026,2026,2026,ARG,Argentina,ARG,CONMEBOL,J,Lionel Scaloni,Franco Mastantuono,forward,FW,,2007-08-14,Real Madrid,4,0,FALSE,FALSE,https://en.wikipedia.org/wiki/2026_FIFA_World_Cup_squads,2026-05-22
WC-2026,2026,2026,ARG,Argentina,ARG,CONMEBOL,J,Lionel Scaloni,Gianluca Prestianni,forward,FW,,2006-01-31,Benfica,1,0,FALSE,FALSE,https://en.wikipedia.org/wiki/2026_FIFA_World_Cup_squads,2026-05-22
WC-2026,2026,2026,ARG,Argentina,ARG,CONMEBOL,J,Lionel Scaloni,José Manuel López,forward,FW,,2000-12-06,Palmeiras,3,0,FALSE,FALSE,https://en.wikipedia.org/wiki/2026_FIFA_World_Cup_squads,2026-05-22
WC-2026,2026,2026,ARG,Argentina,ARG,CONMEBOL,J,Lionel Scaloni,Julián Alvarez,forward,FW,,2000-01-31,Atlético Madrid,51,14,FALSE,FALSE,https://en.wikipedia.org/wiki/2026_FIFA_World_Cup_squads,2026-05-22
WC-2026,2026,2026,ARG,Argentina,ARG,CONMEBOL,J,Lionel Scaloni,Lautaro Martínez,forward,FW,,1997-08-22,Inter Milan,75,36,FALSE,FALSE,https://en.wikipedia.org/wiki/2026_FIFA_World_Cup_squads,2026-05-22
WC-2026,2026,2026,ARG,Argentina,ARG,CONMEBOL,J,Lionel Scaloni,Lionel Messi,forward,FW,,1987-06-24,Inter Miami CF,198,116,TRUE,FALSE,https://en.wikipedia.org/wiki/2026_FIFA_World_Cup_squads,2026-05-22
WC-2026,2026,2026,ARG,Argentina,ARG,CONMEBOL,J,Lionel Scaloni,Mateo Pellegrino,forward,FW,,2001-10-22,Parma,0,0,FALSE,FALSE,https://en.wikipedia.org/wiki/2026_FIFA_World_Cup_squads,2026-05-22
WC-2026,2026,2026,ARG,Argentina,ARG,CONMEBOL,J,Lionel Scaloni,Matías Soulé,forward,FW,,2003-04-15,Roma,0,0,FALSE,FALSE,https://en.wikipedia.org/wiki/2026_FIFA_World_Cup_squads,2026-05-22
WC-2026,2026,2026,ARG,Argentina,ARG,CONMEBOL,J,Lionel Scaloni,Nicolás González,forward,FW,,1998-04-06,Atlético Madrid,50,6,FALSE,FALSE,https://en.wikipedia.org/wiki/2026_FIFA_World_Cup_squads,2026-05-22
WC-2026,2026,2026,ARG,Argentina,ARG,CONMEBOL,J,Lionel Scaloni,Santiago Castro,forward,FW,,2004-09-18,Bologna,0,0,FALSE,FALSE,https://en.wikipedia.org/wiki/2026_FIFA_World_Cup_squads,2026-05-22
WC-2026,2026,2026,ARG,Argentina,ARG,CONMEBOL,J,Lionel Scaloni,Tomás Aranda,forward,FW,,2007-05-09,Boca Juniors,0,0,FALSE,FALSE,https://en.wikipedia.org/wiki/2026_FIFA_World_Cup_squads,2026-05-22
WC-2026,2026,2026,ARG,Argentina,ARG,CONMEBOL,J,Lionel Scaloni,Emiliano Martínez,goalkeeper,GK,,1992-09-02,Aston Villa,59,0,FALSE,FALSE,https://en.wikipedia.org/wiki/2026_FIFA_World_Cup_squads,2026-05-22
WC-2026,2026,2026,ARG,Argentina,ARG,CONMEBOL,J,Lionel Scaloni,Facundo Cambeses,goalkeeper,GK,,1997-04-09,Racing,1,0,FALSE,FALSE,https://en.wikipedia.org/wiki/2026_FIFA_World_Cup_squads,2026-05-22
WC-2026,2026,2026,ARG,Argentina,ARG,CONMEBOL,J,Lionel Scaloni,Gerónimo Rulli,goalkeeper,GK,,1992-05-20,Marseille,7,0,FALSE,FALSE,https://en.wikipedia.org/wiki/2026_FIFA_World_Cup_squads,2026-05-22
WC-2026,2026,2026,ARG,Argentina,ARG,CONMEBOL,J,Lionel Scaloni,Juan Musso,goalkeeper,GK,,1994-05-06,Atlético Madrid,3,0,FALSE,FALSE,https://en.wikipedia.org/wiki/2026_FIFA_World_Cup_squads,2026-05-22
WC-2026,2026,2026,ARG,Argentina,ARG,CONMEBOL,J,Lionel Scaloni,Santiago Beltrán,goalkeeper,GK,,2004-10-04,River Plate,0,0,FALSE,FALSE,https://en.wikipedia.org/wiki/2026_FIFA_World_Cup_squads,2026-05-22
WC-2026,2026,2026,ARG,Argentina,ARG,CONMEBOL,J,Lionel Scaloni,Walter Benítez,goalkeeper,GK,,1993-01-19,Crystal Palace,1,0,FALSE,FALSE,https://en.wikipedia.org/wiki/2026_FIFA_World_Cup_squads,2026-05-22
WC-2026,2026,2026,ARG,Argentina,ARG,CONMEBOL,J,Lionel Scaloni,Alan Varela,midfielder,MF,,2001-07-04,Porto,0,0,FALSE,FALSE,https://en.wikipedia.org/wiki/2026_FIFA_World_Cup_squads,2026-05-22
WC-2026,2026,2026,ARG,Argentina,ARG,CONMEBOL,J,Lionel Scaloni,Alexis Mac Allister,midfielder,MF,,1998-12-24,Liverpool,44,6,FALSE,FALSE,https://en.wikipedia.org/wiki/2026_FIFA_World_Cup_squads,2026-05-22
WC-2026,2026,2026,ARG,Argentina,ARG,CONMEBOL,J,Lionel Scaloni,Aníbal Moreno,midfielder,MF,,1999-05-13,River Plate,1,0,FALSE,FALSE,https://en.wikipedia.org/wiki/2026_FIFA_World_Cup_squads,2026-05-22
WC-2026,2026,2026,ARG,Argentina,ARG,CONMEBOL,J,Lionel Scaloni,Emiliano Buendía,midfielder,MF,,1996-12-25,Aston Villa,2,0,FALSE,FALSE,https://en.wikipedia.org/wiki/2026_FIFA_World_Cup_squads,2026-05-22
WC-2026,2026,2026,ARG,Argentina,ARG,CONMEBOL,J,Lionel Scaloni,Enzo Fernández,midfielder,MF,,2001-01-17,Chelsea,40,6,FALSE,FALSE,https://en.wikipedia.org/wiki/2026_FIFA_World_Cup_squads,2026-05-22
WC-2026,2026,2026,ARG,Argentina,ARG,CONMEBOL,J,Lionel Scaloni,Equi Fernández,midfielder,MF,,2002-07-25,Bayer Leverkusen,0,0,FALSE,FALSE,https://en.wikipedia.org/wiki/2026_FIFA_World_Cup_squads,2026-05-22
WC-2026,2026,2026,ARG,Argentina,ARG,CONMEBOL,J,Lionel Scaloni,Exequiel Palacios,midfielder,MF,,1998-10-05,Bayer Leverkusen,38,0,FALSE,FALSE,https://en.wikipedia.org/wiki/2026_FIFA_World_Cup_squads,2026-05-22
WC-2026,2026,2026,ARG,Argentina,ARG,CONMEBOL,J,Lionel Scaloni,Giovani Lo Celso,midfielder,MF,,1996-04-09,Real Betis,65,4,FALSE,FALSE,https://en.wikipedia.org/wiki/2026_FIFA_World_Cup_squads,2026-05-22
WC-2026,2026,2026,ARG,Argentina,ARG,CONMEBOL,J,Lionel Scaloni,Giuliano Simeone,midfielder,MF,,2002-12-18,Atlético Madrid,11,1,FALSE,FALSE,https://en.wikipedia.org/wiki/2026_FIFA_World_Cup_squads,2026-05-22
WC-2026,2026,2026,ARG,Argentina,ARG,CONMEBOL,J,Lionel Scaloni,Guido Rodríguez,midfielder,MF,,1994-04-12,Valencia,30,1,FALSE,FALSE,https://en.wikipedia.org/wiki/2026_FIFA_World_Cup_squads,2026-05-22
WC-2026,2026,2026,ARG,Argentina,ARG,CONMEBOL,J,Lionel Scaloni,Leandro Paredes,midfielder,MF,,1994-06-29,Boca Juniors,77,5,FALSE,FALSE,https://en.wikipedia.org/wiki/2026_FIFA_World_Cup_squads,2026-05-22
WC-2026,2026,2026,ARG,Argentina,ARG,CONMEBOL,J,Lionel Scaloni,Milton Delgado,midfielder,MF,,2005-06-16,Boca Juniors,0,0,FALSE,FALSE,https://en.wikipedia.org/wiki/2026_FIFA_World_Cup_squads,2026-05-22
WC-2026,2026,2026,ARG,Argentina,ARG,CONMEBOL,J,Lionel Scaloni,Máximo Perrone,midfielder,MF,,2003-01-07,Como,2,0,FALSE,FALSE,https://en.wikipedia.org/wiki/2026_FIFA_World_Cup_squads,2026-05-22
WC-2026,2026,2026,ARG,Argentina,ARG,CONMEBOL,J,Lionel Scaloni,Nico Paz,midfielder,MF,,2004-09-08,Como,8,1,FALSE,FALSE,https://en.wikipedia.org/wiki/2026_FIFA_World_Cup_squads,2026-05-22
WC-2026,2026,2026,ARG,Argentina,ARG,CONMEBOL,J,Lionel Scaloni,Nicolás Domínguez,midfielder,MF,,1998-06-28,Nottingham Forest,11,1,FALSE,FALSE,https://en.wikipedia.org/wiki/2026_FIFA_World_Cup_squads,2026-05-22
WC-2026,2026,2026,ARG,Argentina,ARG,CONMEBOL,J,Lionel Scaloni,Rodrigo De Paul,midfielder,MF,,1994-05-24,Inter Miami CF,85,2,FALSE,FALSE,https://en.wikipedia.org/wiki/2026_FIFA_World_Cup_squads,2026-05-22
WC-2026,2026,2026,ARG,Argentina,ARG,CONMEBOL,J,Lionel Scaloni,Thiago Almada,midfielder,MF,,2001-04-26,Atlético Madrid,14,4,FALSE,FALSE,https://en.wikipedia.org/wiki/2026_FIFA_World_Cup_squads,2026-05-22
WC-2026,2026,2026,ARG,Argentina,ARG,CONMEBOL,J,Lionel Scaloni,Valentín Barco,midfielder,MF,,2004-07-23,Strasbourg,2,1,FALSE,FALSE,https://en.wikipedia.org/wiki/2026_FIFA_World_Cup_squads,2026-05-22
WC-2026,2026,2026,AUT,Austria,AUT,UEFA,J,Ralf Rangnick,Alexander Prass,defender,DF,22,2001-05-26,TSG Hoffenheim,18,0,FALSE,TRUE,https://en.wikipedia.org/wiki/2026_FIFA_World_Cup_squads,2026-05-22
WC-2026,2026,2026,AUT,Austria,AUT,UEFA,J,Ralf Rangnick,David Affengruber,defender,DF,2,2001-03-19,Elche,1,0,FALSE,TRUE,https://en.wikipedia.org/wiki/2026_FIFA_World_Cup_squads,2026-05-22
WC-2026,2026,2026,AUT,Austria,AUT,UEFA,J,Ralf Rangnick,David Alaba,defender,DF,8,1992-06-24,Real Madrid,112,15,TRUE,TRUE,https://en.wikipedia.org/wiki/2026_FIFA_World_Cup_squads,2026-05-22
WC-2026,2026,2026,AUT,Austria,AUT,UEFA,J,Ralf Rangnick,Kevin Danso,defender,DF,3,1998-09-19,Tottenham Hotspur,31,0,FALSE,TRUE,https://en.wikipedia.org/wiki/2026_FIFA_World_Cup_squads,2026-05-22
WC-2026,2026,2026,AUT,Austria,AUT,UEFA,J,Ralf Rangnick,Marco Friedl,defender,DF,23,1998-03-16,Werder Bremen,10,0,FALSE,TRUE,https://en.wikipedia.org/wiki/2026_FIFA_World_Cup_squads,2026-05-22
WC-2026,2026,2026,AUT,Austria,AUT,UEFA,J,Ralf Rangnick,Michael Svoboda,defender,DF,25,1998-10-15,Venezia,4,0,FALSE,TRUE,https://en.wikipedia.org/wiki/2026_FIFA_World_Cup_squads,2026-05-22
WC-2026,2026,2026,AUT,Austria,AUT,UEFA,J,Ralf Rangnick,Philipp Lienhart,defender,DF,15,1996-07-11,SC Freiburg,40,3,FALSE,TRUE,https://en.wikipedia.org/wiki/2026_FIFA_World_Cup_squads,2026-05-22
WC-2026,2026,2026,AUT,Austria,AUT,UEFA,J,Ralf Rangnick,Phillipp Mwene,defender,DF,16,1994-01-29,Mainz 05,29,0,FALSE,TRUE,https://en.wikipedia.org/wiki/2026_FIFA_World_Cup_squads,2026-05-22
WC-2026,2026,2026,AUT,Austria,AUT,UEFA,J,Ralf Rangnick,Stefan Posch,defender,DF,5,1997-05-14,Mainz 05,51,5,FALSE,TRUE,https://en.wikipedia.org/wiki/2026_FIFA_World_Cup_squads,2026-05-22
WC-2026,2026,2026,AUT,Austria,AUT,UEFA,J,Ralf Rangnick,Marko Arnautović,forward,FW,7,1989-04-19,Red Star Belgrade,132,47,FALSE,TRUE,https://en.wikipedia.org/wiki/2026_FIFA_World_Cup_squads,2026-05-22
WC-2026,2026,2026,AUT,Austria,AUT,UEFA,J,Ralf Rangnick,Michael Gregoritsch,forward,FW,11,1994-04-18,FC Augsburg,74,24,FALSE,TRUE,https://en.wikipedia.org/wiki/2026_FIFA_World_Cup_squads,2026-05-22
WC-2026,2026,2026,AUT,Austria,AUT,UEFA,J,Ralf Rangnick,Saša Kalajdžić,forward,FW,14,1997-07-07,LASK,21,4,FALSE,TRUE,https://en.wikipedia.org/wiki/2026_FIFA_World_Cup_squads,2026-05-22
WC-2026,2026,2026,AUT,Austria,AUT,UEFA,J,Ralf Rangnick,Alexander Schlager,goalkeeper,GK,1,1996-02-01,Red Bull Salzburg,25,0,FALSE,TRUE,https://en.wikipedia.org/wiki/2026_FIFA_World_Cup_squads,2026-05-22
WC-2026,2026,2026,AUT,Austria,AUT,UEFA,J,Ralf Rangnick,Florian Wiegele,goalkeeper,GK,12,2001-03-21,Viktoria Plzeň,1,0,FALSE,TRUE,https://en.wikipedia.org/wiki/2026_FIFA_World_Cup_squads,2026-05-22
WC-2026,2026,2026,AUT,Austria,AUT,UEFA,J,Ralf Rangnick,Patrick Pentz,goalkeeper,GK,13,1997-01-02,Brøndby,18,0,FALSE,TRUE,https://en.wikipedia.org/wiki/2026_FIFA_World_Cup_squads,2026-05-22
WC-2026,2026,2026,AUT,Austria,AUT,UEFA,J,Ralf Rangnick,Alessandro Schöpf,midfielder,MF,26,1994-02-07,Wolfsberger AC,35,6,FALSE,TRUE,https://en.wikipedia.org/wiki/2026_FIFA_World_Cup_squads,2026-05-22
WC-2026,2026,2026,AUT,Austria,AUT,UEFA,J,Ralf Rangnick,Carney Chukwuemeka,midfielder,MF,17,2003-10-20,Borussia Dortmund,2,1,FALSE,TRUE,https://en.wikipedia.org/wiki/2026_FIFA_World_Cup_squads,2026-05-22
WC-2026,2026,2026,AUT,Austria,AUT,UEFA,J,Ralf Rangnick,Christoph Baumgartner,midfielder,MF,19,1999-08-01,RB Leipzig,58,19,FALSE,TRUE,https://en.wikipedia.org/wiki/2026_FIFA_World_Cup_squads,2026-05-22
WC-2026,2026,2026,AUT,Austria,AUT,UEFA,J,Ralf Rangnick,Florian Grillitsch,midfielder,MF,10,1995-08-07,Braga,58,1,FALSE,TRUE,https://en.wikipedia.org/wiki/2026_FIFA_World_Cup_squads,2026-05-22
WC-2026,2026,2026,AUT,Austria,AUT,UEFA,J,Ralf Rangnick,Konrad Laimer,midfielder,MF,20,1997-05-27,Bayern Munich,56,7,FALSE,TRUE,https://en.wikipedia.org/wiki/2026_FIFA_World_Cup_squads,2026-05-22
WC-2026,2026,2026,AUT,Austria,AUT,UEFA,J,Ralf Rangnick,Marcel Sabitzer,midfielder,MF,9,1994-03-17,Borussia Dortmund,97,25,FALSE,TRUE,https://en.wikipedia.org/wiki/2026_FIFA_World_Cup_squads,2026-05-22
WC-2026,2026,2026,AUT,Austria,AUT,UEFA,J,Ralf Rangnick,Nicolas Seiwald,midfielder,MF,6,2001-05-04,RB Leipzig,46,1,FALSE,TRUE,https://en.wikipedia.org/wiki/2026_FIFA_World_Cup_squads,2026-05-22
WC-2026,2026,2026,AUT,Austria,AUT,UEFA,J,Ralf Rangnick,Patrick Wimmer,midfielder,MF,21,2001-05-30,VfL Wolfsburg,30,1,FALSE,TRUE,https://en.wikipedia.org/wiki/2026_FIFA_World_Cup_squads,2026-05-22
WC-2026,2026,2026,AUT,Austria,AUT,UEFA,J,Ralf Rangnick,Paul Wanner,midfielder,MF,24,2005-12-23,PSV Eindhoven,2,0,FALSE,TRUE,https://en.wikipedia.org/wiki/2026_FIFA_World_Cup_squads,2026-05-22
WC-2026,2026,2026,AUT,Austria,AUT,UEFA,J,Ralf Rangnick,Romano Schmid,midfielder,MF,18,2000-01-27,Werder Bremen,33,3,FALSE,TRUE,https://en.wikipedia.org/wiki/2026_FIFA_World_Cup_squads,2026-05-22
WC-2026,2026,2026,AUT,Austria,AUT,UEFA,J,Ralf Rangnick,Xaver Schlager,midfielder,MF,4,1997-09-28,RB Leipzig,50,4,FALSE,TRUE,https://en.wikipedia.org/wiki/2026_FIFA_World_Cup_squads,2026-05-22
WC-2026,2026,2026,JOR,Jordan,JOR,AFC,J,Jamal Sellami,Abdallah Nasib,defender,DF,,1994-02-25,Al-Zawraa,64,3,FALSE,FALSE,https://en.wikipedia.org/wiki/2026_FIFA_World_Cup_squads,2026-05-22
WC-2026,2026,2026,JOR,Jordan,JOR,AFC,J,Jamal Sellami,Ahmad Assaf,defender,DF,,1999-07-21,Al-Hussein,6,0,FALSE,FALSE,https://en.wikipedia.org/wiki/2026_FIFA_World_Cup_squads,2026-05-22
WC-2026,2026,2026,JOR,Jordan,JOR,AFC,J,Jamal Sellami,Anas Badawi,defender,DF,,1997-09-13,Al-Faisaly,0,0,FALSE,FALSE,https://en.wikipedia.org/wiki/2026_FIFA_World_Cup_squads,2026-05-22
WC-2026,2026,2026,JOR,Jordan,JOR,AFC,J,Jamal Sellami,Husam Abu Dahab,defender,DF,,2000-05-13,Al-Faisaly,16,0,FALSE,FALSE,https://en.wikipedia.org/wiki/2026_FIFA_World_Cup_squads,2026-05-22
WC-2026,2026,2026,JOR,Jordan,JOR,AFC,J,Jamal Sellami,Ihsan Haddad,defender,DF,,1994-02-05,Al-Hussein,90,2,TRUE,FALSE,https://en.wikipedia.org/wiki/2026_FIFA_World_Cup_squads,2026-05-22
WC-2026,2026,2026,JOR,Jordan,JOR,AFC,J,Jamal Sellami,Mo Abualnadi,defender,DF,,2001-02-08,Selangor,16,0,FALSE,FALSE,https://en.wikipedia.org/wiki/2026_FIFA_World_Cup_squads,2026-05-22
WC-2026,2026,2026,JOR,Jordan,JOR,AFC,J,Jamal Sellami,Saed Al-Rosan,defender,DF,,1997-02-01,Al-Hussein,19,2,FALSE,FALSE,https://en.wikipedia.org/wiki/2026_FIFA_World_Cup_squads,2026-05-22
WC-2026,2026,2026,JOR,Jordan,JOR,AFC,J,Jamal Sellami,Salim Obaid,defender,DF,,1992-01-17,Al-Hussein,9,0,FALSE,FALSE,https://en.wikipedia.org/wiki/2026_FIFA_World_Cup_squads,2026-05-22
WC-2026,2026,2026,JOR,Jordan,JOR,AFC,J,Jamal Sellami,Yazan Al-Arab,defender,DF,,1996-01-31,FC Seoul,78,3,FALSE,FALSE,https://en.wikipedia.org/wiki/2026_FIFA_World_Cup_squads,2026-05-22
WC-2026,2026,2026,JOR,Jordan,JOR,AFC,J,Jamal Sellami,Ali Azaizeh,forward,FW,,2004-04-13,Al-Shabab,2,0,FALSE,FALSE,https://en.wikipedia.org/wiki/2026_FIFA_World_Cup_squads,2026-05-22
WC-2026,2026,2026,JOR,Jordan,JOR,AFC,J,Jamal Sellami,Ali Olwan,forward,FW,,2000-03-26,Al-Sailiya,64,29,FALSE,FALSE,https://en.wikipedia.org/wiki/2026_FIFA_World_Cup_squads,2026-05-22
WC-2026,2026,2026,JOR,Jordan,JOR,AFC,J,Jamal Sellami,Ibrahim Sabra,forward,FW,,2006-02-01,Lokomotiva Zagreb,9,1,FALSE,FALSE,https://en.wikipedia.org/wiki/2026_FIFA_World_Cup_squads,2026-05-22
WC-2026,2026,2026,JOR,Jordan,JOR,AFC,J,Jamal Sellami,Mahmoud Al-Mardi,forward,FW,,1993-10-06,Al-Hussein,87,9,FALSE,FALSE,https://en.wikipedia.org/wiki/2026_FIFA_World_Cup_squads,2026-05-22
WC-2026,2026,2026,JOR,Jordan,JOR,AFC,J,Jamal Sellami,Mohammad Abu Zrayq,forward,FW,,1997-12-30,Raja Casablanca,39,5,FALSE,FALSE,https://en.wikipedia.org/wiki/2026_FIFA_World_Cup_squads,2026-05-22
WC-2026,2026,2026,JOR,Jordan,JOR,AFC,J,Jamal Sellami,Musa Al-Taamari,forward,FW,,1997-06-10,Rennes,90,24,FALSE,FALSE,https://en.wikipedia.org/wiki/2026_FIFA_World_Cup_squads,2026-05-22
WC-2026,2026,2026,JOR,Jordan,JOR,AFC,J,Jamal Sellami,Odeh Al-Fakhouri,forward,FW,,2005-11-22,Pyramids,8,0,FALSE,FALSE,https://en.wikipedia.org/wiki/2026_FIFA_World_Cup_squads,2026-05-22
WC-2026,2026,2026,JOR,Jordan,JOR,AFC,J,Jamal Sellami,Abdallah Al-Fakhouri,goalkeeper,GK,,2000-01-22,Al-Wehdat,11,0,FALSE,FALSE,https://en.wikipedia.org/wiki/2026_FIFA_World_Cup_squads,2026-05-22
WC-2026,2026,2026,JOR,Jordan,JOR,AFC,J,Jamal Sellami,Ahmad Al-Juaidi,goalkeeper,GK,,2001-04-09,Shabab Al-Ordon,0,0,FALSE,FALSE,https://en.wikipedia.org/wiki/2026_FIFA_World_Cup_squads,2026-05-22
WC-2026,2026,2026,JOR,Jordan,JOR,AFC,J,Jamal Sellami,Nour Bani Attiah,goalkeeper,GK,,1993-01-25,Al-Faisaly,4,0,FALSE,FALSE,https://en.wikipedia.org/wiki/2026_FIFA_World_Cup_squads,2026-05-22
WC-2026,2026,2026,JOR,Jordan,JOR,AFC,J,Jamal Sellami,Yazeed Abulaila,goalkeeper,GK,,1993-01-08,Al-Hussein,74,0,FALSE,FALSE,https://en.wikipedia.org/wiki/2026_FIFA_World_Cup_squads,2026-05-22
WC-2026,2026,2026,JOR,Jordan,JOR,AFC,J,Jamal Sellami,Amer Jamous,midfielder,MF,,2002-07-03,Al-Zawraa,18,1,FALSE,FALSE,https://en.wikipedia.org/wiki/2026_FIFA_World_Cup_squads,2026-05-22
WC-2026,2026,2026,JOR,Jordan,JOR,AFC,J,Jamal Sellami,Ibrahim Sadeh,midfielder,MF,,2000-04-27,Al-Karma,55,3,FALSE,FALSE,https://en.wikipedia.org/wiki/2026_FIFA_World_Cup_squads,2026-05-22
WC-2026,2026,2026,JOR,Jordan,JOR,AFC,J,Jamal Sellami,Mohammad Abu Hashish,midfielder,MF,,1995-05-09,Al-Karma,54,1,FALSE,FALSE,https://en.wikipedia.org/wiki/2026_FIFA_World_Cup_squads,2026-05-22
WC-2026,2026,2026,JOR,Jordan,JOR,AFC,J,Jamal Sellami,Mohammad Al-Dawoud,midfielder,MF,,1992-12-04,Al-Wehdat,11,1,FALSE,FALSE,https://en.wikipedia.org/wiki/2026_FIFA_World_Cup_squads,2026-05-22
WC-2026,2026,2026,JOR,Jordan,JOR,AFC,J,Jamal Sellami,Mohammad Taha,midfielder,MF,,2005-07-13,Al-Hussein,0,0,FALSE,FALSE,https://en.wikipedia.org/wiki/2026_FIFA_World_Cup_squads,2026-05-22
WC-2026,2026,2026,JOR,Jordan,JOR,AFC,J,Jamal Sellami,Mohannad Abu Taha,midfielder,MF,,2003-02-02,Al-Quwa Al-Jawiya,27,1,FALSE,FALSE,https://en.wikipedia.org/wiki/2026_FIFA_World_Cup_squads,2026-05-22
WC-2026,2026,2026,JOR,Jordan,JOR,AFC,J,Jamal Sellami,Nizar Al-Rashdan,midfielder,MF,,1999-03-23,Qatar SC,45,4,FALSE,FALSE,https://en.wikipedia.org/wiki/2026_FIFA_World_Cup_squads,2026-05-22
WC-2026,2026,2026,JOR,Jordan,JOR,AFC,J,Jamal Sellami,Noor Al-Rawabdeh,midfielder,MF,,1997-02-24,Selangor,66,3,FALSE,FALSE,https://en.wikipedia.org/wiki/2026_FIFA_World_Cup_squads,2026-05-22
WC-2026,2026,2026,JOR,Jordan,JOR,AFC,J,Jamal Sellami,Rajaei Ayed,midfielder,MF,,1993-07-25,Al-Hussein,72,0,FALSE,FALSE,https://en.wikipedia.org/wiki/2026_FIFA_World_Cup_squads,2026-05-22
WC-2026,2026,2026,JOR,Jordan,JOR,AFC,J,Jamal Sellami,Yousef Qashi,midfielder,MF,,2005-04-15,Al-Hussein,0,0,FALSE,FALSE,https://en.wikipedia.org/wiki/2026_FIFA_World_Cup_squads,2026-05-22
WC-2026,2026,2026,COL,Colombia,COL,CONMEBOL,K,Néstor Lorenzo,Andrés Román,defender,DF,,1995-10-05,Atlético Nacional,3,0,FALSE,FALSE,https://en.wikipedia.org/wiki/2026_FIFA_World_Cup_squads,2026-05-22
WC-2026,2026,2026,COL,Colombia,COL,CONMEBOL,K,Néstor Lorenzo,Carlos Cuesta,defender,DF,,1999-03-09,Vasco da Gama,24,0,FALSE,FALSE,https://en.wikipedia.org/wiki/2026_FIFA_World_Cup_squads,2026-05-22
WC-2026,2026,2026,COL,Colombia,COL,CONMEBOL,K,Néstor Lorenzo,Cristian Borja,defender,DF,,1993-02-18,América,8,0,FALSE,FALSE,https://en.wikipedia.org/wiki/2026_FIFA_World_Cup_squads,2026-05-22
WC-2026,2026,2026,COL,Colombia,COL,CONMEBOL,K,Néstor Lorenzo,Daniel Muñoz,defender,DF,,1996-05-26,Crystal Palace,44,3,FALSE,FALSE,https://en.wikipedia.org/wiki/2026_FIFA_World_Cup_squads,2026-05-22
WC-2026,2026,2026,COL,Colombia,COL,CONMEBOL,K,Néstor Lorenzo,Davinson Sánchez,defender,DF,,1996-06-12,Galatasaray,77,3,FALSE,FALSE,https://en.wikipedia.org/wiki/2026_FIFA_World_Cup_squads,2026-05-22
WC-2026,2026,2026,COL,Colombia,COL,CONMEBOL,K,Néstor Lorenzo,Deiver Machado,defender,DF,,1993-09-02,Nantes,14,0,FALSE,FALSE,https://en.wikipedia.org/wiki/2026_FIFA_World_Cup_squads,2026-05-22
WC-2026,2026,2026,COL,Colombia,COL,CONMEBOL,K,Néstor Lorenzo,Jhohan Romaña,defender,DF,,1998-09-13,San Lorenzo,0,0,FALSE,FALSE,https://en.wikipedia.org/wiki/2026_FIFA_World_Cup_squads,2026-05-22
WC-2026,2026,2026,COL,Colombia,COL,CONMEBOL,K,Néstor Lorenzo,Jhon Lucumí,defender,DF,,1998-06-26,Bologna,35,1,FALSE,FALSE,https://en.wikipedia.org/wiki/2026_FIFA_World_Cup_squads,2026-05-22
WC-2026,2026,2026,COL,Colombia,COL,CONMEBOL,K,Néstor Lorenzo,Johan Mojica,defender,DF,,1992-08-21,Mallorca,43,1,FALSE,FALSE,https://en.wikipedia.org/wiki/2026_FIFA_World_Cup_squads,2026-05-22
WC-2026,2026,2026,COL,Colombia,COL,CONMEBOL,K,Néstor Lorenzo,Juan Cabal,defender,DF,,2001-01-08,Juventus,3,0,FALSE,FALSE,https://en.wikipedia.org/wiki/2026_FIFA_World_Cup_squads,2026-05-22
WC-2026,2026,2026,COL,Colombia,COL,CONMEBOL,K,Néstor Lorenzo,Junior Hernández []es,defender,DF,,1999-04-05,Deportes Tolima,0,0,FALSE,FALSE,https://en.wikipedia.org/wiki/2026_FIFA_World_Cup_squads,2026-05-22
WC-2026,2026,2026,COL,Colombia,COL,CONMEBOL,K,Néstor Lorenzo,Santiago Arias,defender,DF,,1992-01-13,Independiente,66,0,FALSE,FALSE,https://en.wikipedia.org/wiki/2026_FIFA_World_Cup_squads,2026-05-22
WC-2026,2026,2026,COL,Colombia,COL,CONMEBOL,K,Néstor Lorenzo,Willer Ditta,defender,DF,,1997-01-23,Cruz Azul,3,0,FALSE,FALSE,https://en.wikipedia.org/wiki/2026_FIFA_World_Cup_squads,2026-05-22
WC-2026,2026,2026,COL,Colombia,COL,CONMEBOL,K,Néstor Lorenzo,Yerry Mina,defender,DF,,1994-09-23,Cagliari,52,8,FALSE,FALSE,https://en.wikipedia.org/wiki/2026_FIFA_World_Cup_squads,2026-05-22
WC-2026,2026,2026,COL,Colombia,COL,CONMEBOL,K,Néstor Lorenzo,Yerson Mosquera,defender,DF,,2001-05-02,Wolverhampton Wanderers,4,1,FALSE,FALSE,https://en.wikipedia.org/wiki/2026_FIFA_World_Cup_squads,2026-05-22
WC-2026,2026,2026,COL,Colombia,COL,CONMEBOL,K,Néstor Lorenzo,Álvaro Angulo,defender,DF,,1998-03-06,UNAM,4,0,FALSE,FALSE,https://en.wikipedia.org/wiki/2026_FIFA_World_Cup_squads,2026-05-22
WC-2026,2026,2026,COL,Colombia,COL,CONMEBOL,K,Néstor Lorenzo,Édier Ocampo,defender,DF,,2003-03-10,Vancouver Whitecaps FC,0,0,FALSE,FALSE,https://en.wikipedia.org/wiki/2026_FIFA_World_Cup_squads,2026-05-22
WC-2026,2026,2026,COL,Colombia,COL,CONMEBOL,K,Néstor Lorenzo,Andrés Gómez,forward,FW,,2002-09-12,Vasco da Gama,6,2,FALSE,FALSE,https://en.wikipedia.org/wiki/2026_FIFA_World_Cup_squads,2026-05-22
WC-2026,2026,2026,COL,Colombia,COL,CONMEBOL,K,Néstor Lorenzo,Cucho Hernández,forward,FW,,1999-04-20,Real Betis,7,2,FALSE,FALSE,https://en.wikipedia.org/wiki/2026_FIFA_World_Cup_squads,2026-05-22
WC-2026,2026,2026,COL,Colombia,COL,CONMEBOL,K,Néstor Lorenzo,Edwuin Cetré,forward,FW,,1998-01-01,Estudiantes,0,0,FALSE,FALSE,https://en.wikipedia.org/wiki/2026_FIFA_World_Cup_squads,2026-05-22
WC-2026,2026,2026,COL,Colombia,COL,CONMEBOL,K,Néstor Lorenzo,Jhon Córdoba,forward,FW,,1993-05-11,Krasnodar,21,6,FALSE,FALSE,https://en.wikipedia.org/wiki/2026_FIFA_World_Cup_squads,2026-05-22
WC-2026,2026,2026,COL,Colombia,COL,CONMEBOL,K,Néstor Lorenzo,Jhon Durán,forward,FW,,2003-12-13,Zenit Saint Petersburg,17,3,FALSE,FALSE,https://en.wikipedia.org/wiki/2026_FIFA_World_Cup_squads,2026-05-22
WC-2026,2026,2026,COL,Colombia,COL,CONMEBOL,K,Néstor Lorenzo,Johan Carbonero,forward,FW,,1999-07-20,Internacional,2,2,FALSE,FALSE,https://en.wikipedia.org/wiki/2026_FIFA_World_Cup_squads,2026-05-22
WC-2026,2026,2026,COL,Colombia,COL,CONMEBOL,K,Néstor Lorenzo,Kevin Viveros,forward,FW,,2000-04-26,Athletico Paranaense,0,0,FALSE,FALSE,https://en.wikipedia.org/wiki/2026_FIFA_World_Cup_squads,2026-05-22
WC-2026,2026,2026,COL,Colombia,COL,CONMEBOL,K,Néstor Lorenzo,Luis Díaz,forward,FW,,1997-01-13,Bayern Munich,72,21,FALSE,FALSE,https://en.wikipedia.org/wiki/2026_FIFA_World_Cup_squads,2026-05-22
WC-2026,2026,2026,COL,Colombia,COL,CONMEBOL,K,Néstor Lorenzo,Luis Suárez,forward,FW,,1997-12-02,Sporting CP,10,4,FALSE,FALSE,https://en.wikipedia.org/wiki/2026_FIFA_World_Cup_squads,2026-05-22
WC-2026,2026,2026,COL,Colombia,COL,CONMEBOL,K,Néstor Lorenzo,Néiser Villarreal,forward,FW,,2005-04-24,Cruzeiro,0,0,FALSE,FALSE,https://en.wikipedia.org/wiki/2026_FIFA_World_Cup_squads,2026-05-22
WC-2026,2026,2026,COL,Colombia,COL,CONMEBOL,K,Néstor Lorenzo,Rafael Santos Borré,forward,FW,,1995-09-15,Internacional,44,6,FALSE,FALSE,https://en.wikipedia.org/wiki/2026_FIFA_World_Cup_squads,2026-05-22
WC-2026,2026,2026,COL,Colombia,COL,CONMEBOL,K,Néstor Lorenzo,Sebastián Villa,forward,FW,,1996-05-19,Independiente Rivadavia,4,0,FALSE,FALSE,https://en.wikipedia.org/wiki/2026_FIFA_World_Cup_squads,2026-05-22
WC-2026,2026,2026,COL,Colombia,COL,CONMEBOL,K,Néstor Lorenzo,Stiven Mendoza,forward,FW,,1992-06-27,Athletico Paranaense,2,0,FALSE,FALSE,https://en.wikipedia.org/wiki/2026_FIFA_World_Cup_squads,2026-05-22
WC-2026,2026,2026,COL,Colombia,COL,CONMEBOL,K,Néstor Lorenzo,Aldair Quintana,goalkeeper,GK,,1994-07-11,Independiente del Valle,0,0,FALSE,FALSE,https://en.wikipedia.org/wiki/2026_FIFA_World_Cup_squads,2026-05-22
WC-2026,2026,2026,COL,Colombia,COL,CONMEBOL,K,Néstor Lorenzo,Andrés Mosquera,goalkeeper,GK,,1991-09-10,Independiente Santa Fe,1,0,FALSE,FALSE,https://en.wikipedia.org/wiki/2026_FIFA_World_Cup_squads,2026-05-22
WC-2026,2026,2026,COL,Colombia,COL,CONMEBOL,K,Néstor Lorenzo,Camilo Vargas,goalkeeper,GK,,1989-03-09,Atlas,40,0,FALSE,FALSE,https://en.wikipedia.org/wiki/2026_FIFA_World_Cup_squads,2026-05-22
WC-2026,2026,2026,COL,Colombia,COL,CONMEBOL,K,Néstor Lorenzo,David Ospina,goalkeeper,GK,,1988-08-31,Atlético Nacional,129,0,FALSE,FALSE,https://en.wikipedia.org/wiki/2026_FIFA_World_Cup_squads,2026-05-22
WC-2026,2026,2026,COL,Colombia,COL,CONMEBOL,K,Néstor Lorenzo,Kevin Mier,goalkeeper,GK,,2000-05-18,Cruz Azul,3,0,FALSE,FALSE,https://en.wikipedia.org/wiki/2026_FIFA_World_Cup_squads,2026-05-22
WC-2026,2026,2026,COL,Colombia,COL,CONMEBOL,K,Néstor Lorenzo,Álvaro Montero,goalkeeper,GK,,1995-03-29,Vélez Sarsfield,11,0,FALSE,FALSE,https://en.wikipedia.org/wiki/2026_FIFA_World_Cup_squads,2026-05-22
WC-2026,2026,2026,COL,Colombia,COL,CONMEBOL,K,Néstor Lorenzo,Gustavo Puerta,midfielder,MF,,2003-07-26,Racing Santander,4,1,FALSE,FALSE,https://en.wikipedia.org/wiki/2026_FIFA_World_Cup_squads,2026-05-22
WC-2026,2026,2026,COL,Colombia,COL,CONMEBOL,K,Néstor Lorenzo,James Rodríguez,midfielder,MF,,1991-07-12,Minnesota United FC,124,31,TRUE,FALSE,https://en.wikipedia.org/wiki/2026_FIFA_World_Cup_squads,2026-05-22
WC-2026,2026,2026,COL,Colombia,COL,CONMEBOL,K,Néstor Lorenzo,Jaminton Campaz,midfielder,MF,,2000-05-24,Rosario Central,9,1,FALSE,FALSE,https://en.wikipedia.org/wiki/2026_FIFA_World_Cup_squads,2026-05-22
WC-2026,2026,2026,COL,Colombia,COL,CONMEBOL,K,Néstor Lorenzo,Jefferson Lerma,midfielder,MF,,1994-10-25,Crystal Palace,64,5,FALSE,FALSE,https://en.wikipedia.org/wiki/2026_FIFA_World_Cup_squads,2026-05-22
WC-2026,2026,2026,COL,Colombia,COL,CONMEBOL,K,Néstor Lorenzo,Jhon Arias,midfielder,MF,,1997-09-21,Palmeiras,36,4,FALSE,FALSE,https://en.wikipedia.org/wiki/2026_FIFA_World_Cup_squads,2026-05-22
WC-2026,2026,2026,COL,Colombia,COL,CONMEBOL,K,Néstor Lorenzo,Jhon Solís,midfielder,MF,,2004-10-03,Birmingham City,0,0,FALSE,FALSE,https://en.wikipedia.org/wiki/2026_FIFA_World_Cup_squads,2026-05-22
WC-2026,2026,2026,COL,Colombia,COL,CONMEBOL,K,Néstor Lorenzo,Johan Rojas,midfielder,MF,,2002-09-20,Vasco da Gama,0,0,FALSE,FALSE,https://en.wikipedia.org/wiki/2026_FIFA_World_Cup_squads,2026-05-22
WC-2026,2026,2026,COL,Colombia,COL,CONMEBOL,K,Néstor Lorenzo,Jordan Barrera,midfielder,MF,,2006-04-11,Botafogo,0,0,FALSE,FALSE,https://en.wikipedia.org/wiki/2026_FIFA_World_Cup_squads,2026-05-22
WC-2026,2026,2026,COL,Colombia,COL,CONMEBOL,K,Néstor Lorenzo,Jorge Carrascal,midfielder,MF,,1998-05-25,Flamengo,22,2,FALSE,FALSE,https://en.wikipedia.org/wiki/2026_FIFA_World_Cup_squads,2026-05-22
WC-2026,2026,2026,COL,Colombia,COL,CONMEBOL,K,Néstor Lorenzo,Juan Cuadrado,midfielder,MF,,1988-05-26,Pisa,116,11,FALSE,FALSE,https://en.wikipedia.org/wiki/2026_FIFA_World_Cup_squads,2026-05-22
WC-2026,2026,2026,COL,Colombia,COL,CONMEBOL,K,Néstor Lorenzo,Juan Fernando Quintero,midfielder,MF,,1993-01-18,River Plate,47,6,FALSE,FALSE,https://en.wikipedia.org/wiki/2026_FIFA_World_Cup_squads,2026-05-22
WC-2026,2026,2026,COL,Colombia,COL,CONMEBOL,K,Néstor Lorenzo,Juan Manuel Rengifo []es,midfielder,MF,,2005-04-02,Atlético Nacional,0,0,FALSE,FALSE,https://en.wikipedia.org/wiki/2026_FIFA_World_Cup_squads,2026-05-22
WC-2026,2026,2026,COL,Colombia,COL,CONMEBOL,K,Néstor Lorenzo,Juan Portilla,midfielder,MF,,1998-09-12,Athletico Paranaense,8,0,FALSE,FALSE,https://en.wikipedia.org/wiki/2026_FIFA_World_Cup_squads,2026-05-22
WC-2026,2026,2026,COL,Colombia,COL,CONMEBOL,K,Néstor Lorenzo,Kevin Castaño,midfielder,MF,,2000-09-29,River Plate,24,0,FALSE,FALSE,https://en.wikipedia.org/wiki/2026_FIFA_World_Cup_squads,2026-05-22
WC-2026,2026,2026,COL,Colombia,COL,CONMEBOL,K,Néstor Lorenzo,Nelson Deossa,midfielder,MF,,2000-02-06,Real Betis,0,0,FALSE,FALSE,https://en.wikipedia.org/wiki/2026_FIFA_World_Cup_squads,2026-05-22
WC-2026,2026,2026,COL,Colombia,COL,CONMEBOL,K,Néstor Lorenzo,Richard Ríos,midfielder,MF,,2000-06-02,Benfica,30,2,FALSE,FALSE,https://en.wikipedia.org/wiki/2026_FIFA_World_Cup_squads,2026-05-22
WC-2026,2026,2026,COL,Colombia,COL,CONMEBOL,K,Néstor Lorenzo,Sebastián Gómez,midfielder,MF,,1996-06-03,Coritiba,2,0,FALSE,FALSE,https://en.wikipedia.org/wiki/2026_FIFA_World_Cup_squads,2026-05-22
WC-2026,2026,2026,COL,Colombia,COL,CONMEBOL,K,Néstor Lorenzo,Wilmar Barrios,midfielder,MF,,1993-10-16,Zenit Saint Petersburg,55,1,FALSE,FALSE,https://en.wikipedia.org/wiki/2026_FIFA_World_Cup_squads,2026-05-22
WC-2026,2026,2026,COL,Colombia,COL,CONMEBOL,K,Néstor Lorenzo,Yáser Asprilla,midfielder,MF,,2003-11-19,Galatasaray,11,2,FALSE,FALSE,https://en.wikipedia.org/wiki/2026_FIFA_World_Cup_squads,2026-05-22
WC-2026,2026,2026,COD,Congo DR,COD,CAF,K,Sébastien Desabre,Aaron Wan-Bissaka,defender,DF,,1997-11-26,West Ham United,10,0,FALSE,TRUE,https://en.wikipedia.org/wiki/2026_FIFA_World_Cup_squads,2026-05-22
WC-2026,2026,2026,COD,Congo DR,COD,CAF,K,Sébastien Desabre,Arthur Masuaku,defender,DF,,1993-11-07,Lens,44,4,FALSE,TRUE,https://en.wikipedia.org/wiki/2026_FIFA_World_Cup_squads,2026-05-22
WC-2026,2026,2026,COD,Congo DR,COD,CAF,K,Sébastien Desabre,Axel Tuanzebe,defender,DF,,1997-11-14,Burnley,12,1,FALSE,TRUE,https://en.wikipedia.org/wiki/2026_FIFA_World_Cup_squads,2026-05-22
WC-2026,2026,2026,COD,Congo DR,COD,CAF,K,Sébastien Desabre,Chancel Mbemba,defender,DF,,1994-08-08,Lille,107,7,TRUE,TRUE,https://en.wikipedia.org/wiki/2026_FIFA_World_Cup_squads,2026-05-22
WC-2026,2026,2026,COD,Congo DR,COD,CAF,K,Sébastien Desabre,Dylan Batubinsika,defender,DF,,1996-02-15,AEL,14,1,FALSE,TRUE,https://en.wikipedia.org/wiki/2026_FIFA_World_Cup_squads,2026-05-22
WC-2026,2026,2026,COD,Congo DR,COD,CAF,K,Sébastien Desabre,Gédéon Kalulu,defender,DF,,1997-08-29,Aris Limassol,27,0,FALSE,TRUE,https://en.wikipedia.org/wiki/2026_FIFA_World_Cup_squads,2026-05-22
WC-2026,2026,2026,COD,Congo DR,COD,CAF,K,Sébastien Desabre,Joris Kayembe,defender,DF,,1994-08-08,Genk,24,0,FALSE,TRUE,https://en.wikipedia.org/wiki/2026_FIFA_World_Cup_squads,2026-05-22
WC-2026,2026,2026,COD,Congo DR,COD,CAF,K,Sébastien Desabre,Steve Kapuadi,defender,DF,,1998-04-30,Widzew Łódź,3,0,FALSE,TRUE,https://en.wikipedia.org/wiki/2026_FIFA_World_Cup_squads,2026-05-22
WC-2026,2026,2026,COD,Congo DR,COD,CAF,K,Sébastien Desabre,Cédric Bakambu,forward,FW,,1991-04-11,Real Betis,68,21,FALSE,TRUE,https://en.wikipedia.org/wiki/2026_FIFA_World_Cup_squads,2026-05-22
WC-2026,2026,2026,COD,Congo DR,COD,CAF,K,Sébastien Desabre,Fiston Mayele,forward,FW,,1994-06-24,Pyramids,37,6,FALSE,TRUE,https://en.wikipedia.org/wiki/2026_FIFA_World_Cup_squads,2026-05-22
WC-2026,2026,2026,COD,Congo DR,COD,CAF,K,Sébastien Desabre,Simon Banza,forward,FW,,1996-08-13,Al Jazira,14,2,FALSE,TRUE,https://en.wikipedia.org/wiki/2026_FIFA_World_Cup_squads,2026-05-22
WC-2026,2026,2026,COD,Congo DR,COD,CAF,K,Sébastien Desabre,Théo Bongonda,forward,FW,,1995-11-20,Spartak Moscow,37,7,FALSE,TRUE,https://en.wikipedia.org/wiki/2026_FIFA_World_Cup_squads,2026-05-22
WC-2026,2026,2026,COD,Congo DR,COD,CAF,K,Sébastien Desabre,Yoane Wissa,forward,FW,,1996-09-03,Newcastle United,36,9,FALSE,TRUE,https://en.wikipedia.org/wiki/2026_FIFA_World_Cup_squads,2026-05-22
WC-2026,2026,2026,COD,Congo DR,COD,CAF,K,Sébastien Desabre,Lionel Mpasi,goalkeeper,GK,,1994-08-01,Le Havre,27,0,FALSE,TRUE,https://en.wikipedia.org/wiki/2026_FIFA_World_Cup_squads,2026-05-22
WC-2026,2026,2026,COD,Congo DR,COD,CAF,K,Sébastien Desabre,Matthieu Epolo,goalkeeper,GK,,2005-01-15,Standard Liège,1,0,FALSE,TRUE,https://en.wikipedia.org/wiki/2026_FIFA_World_Cup_squads,2026-05-22
WC-2026,2026,2026,COD,Congo DR,COD,CAF,K,Sébastien Desabre,Timothy Fayulu,goalkeeper,GK,,1999-07-24,Noah,3,0,FALSE,TRUE,https://en.wikipedia.org/wiki/2026_FIFA_World_Cup_squads,2026-05-22
WC-2026,2026,2026,COD,Congo DR,COD,CAF,K,Sébastien Desabre,Aaron Tshibola,midfielder,MF,,1995-01-02,Kilmarnock,16,1,FALSE,TRUE,https://en.wikipedia.org/wiki/2026_FIFA_World_Cup_squads,2026-05-22
WC-2026,2026,2026,COD,Congo DR,COD,CAF,K,Sébastien Desabre,Brian Cipenga,midfielder,MF,,1998-03-11,Castellón,7,0,FALSE,TRUE,https://en.wikipedia.org/wiki/2026_FIFA_World_Cup_squads,2026-05-22
WC-2026,2026,2026,COD,Congo DR,COD,CAF,K,Sébastien Desabre,Charles Pickel,midfielder,MF,,1997-05-15,Espanyol,33,1,FALSE,TRUE,https://en.wikipedia.org/wiki/2026_FIFA_World_Cup_squads,2026-05-22
WC-2026,2026,2026,COD,Congo DR,COD,CAF,K,Sébastien Desabre,Edo Kayembe,midfielder,MF,,1998-06-03,Watford,41,2,FALSE,TRUE,https://en.wikipedia.org/wiki/2026_FIFA_World_Cup_squads,2026-05-22
WC-2026,2026,2026,COD,Congo DR,COD,CAF,K,Sébastien Desabre,Gaël Kakuta,midfielder,MF,,1991-06-21,AEL,30,5,FALSE,TRUE,https://en.wikipedia.org/wiki/2026_FIFA_World_Cup_squads,2026-05-22
WC-2026,2026,2026,COD,Congo DR,COD,CAF,K,Sébastien Desabre,Meschak Elia,midfielder,MF,,1997-08-06,Alanyaspor,68,12,FALSE,TRUE,https://en.wikipedia.org/wiki/2026_FIFA_World_Cup_squads,2026-05-22
WC-2026,2026,2026,COD,Congo DR,COD,CAF,K,Sébastien Desabre,Nathanaël Mbuku,midfielder,MF,,2002-03-16,Montpellier,17,2,FALSE,TRUE,https://en.wikipedia.org/wiki/2026_FIFA_World_Cup_squads,2026-05-22
WC-2026,2026,2026,COD,Congo DR,COD,CAF,K,Sébastien Desabre,Ngal'ayel Mukau,midfielder,MF,,2004-11-03,Lille,12,0,FALSE,TRUE,https://en.wikipedia.org/wiki/2026_FIFA_World_Cup_squads,2026-05-22
WC-2026,2026,2026,COD,Congo DR,COD,CAF,K,Sébastien Desabre,Noah Sadiki,midfielder,MF,,2004-12-17,Sunderland,18,0,FALSE,TRUE,https://en.wikipedia.org/wiki/2026_FIFA_World_Cup_squads,2026-05-22
WC-2026,2026,2026,COD,Congo DR,COD,CAF,K,Sébastien Desabre,Samuel Moutoussamy,midfielder,MF,,1996-08-12,Atromitos,56,0,FALSE,TRUE,https://en.wikipedia.org/wiki/2026_FIFA_World_Cup_squads,2026-05-22
WC-2026,2026,2026,POR,Portugal,POR,UEFA,K,Roberto Martínez,Diogo Dalot,defender,DF,,1999-03-18,Manchester United,33,3,FALSE,TRUE,https://en.wikipedia.org/wiki/2026_FIFA_World_Cup_squads,2026-05-22
WC-2026,2026,2026,POR,Portugal,POR,UEFA,K,Roberto Martínez,Gonçalo Inácio,defender,DF,,2001-08-25,Sporting CP,20,2,FALSE,TRUE,https://en.wikipedia.org/wiki/2026_FIFA_World_Cup_squads,2026-05-22
WC-2026,2026,2026,POR,Portugal,POR,UEFA,K,Roberto Martínez,João Cancelo,defender,DF,,1994-05-27,Barcelona,66,12,FALSE,TRUE,https://en.wikipedia.org/wiki/2026_FIFA_World_Cup_squads,2026-05-22
WC-2026,2026,2026,POR,Portugal,POR,UEFA,K,Roberto Martínez,Matheus Nunes,defender,DF,,1998-08-27,Manchester City,19,2,FALSE,TRUE,https://en.wikipedia.org/wiki/2026_FIFA_World_Cup_squads,2026-05-22
WC-2026,2026,2026,POR,Portugal,POR,UEFA,K,Roberto Martínez,Nuno Mendes,defender,DF,,2002-06-19,Paris Saint-Germain,43,1,FALSE,TRUE,https://en.wikipedia.org/wiki/2026_FIFA_World_Cup_squads,2026-05-22
WC-2026,2026,2026,POR,Portugal,POR,UEFA,K,Roberto Martínez,Nélson Semedo,defender,DF,,1993-11-16,Fenerbahçe,48,0,FALSE,TRUE,https://en.wikipedia.org/wiki/2026_FIFA_World_Cup_squads,2026-05-22
WC-2026,2026,2026,POR,Portugal,POR,UEFA,K,Roberto Martínez,Renato Veiga,defender,DF,,2003-07-29,Villarreal,11,1,FALSE,TRUE,https://en.wikipedia.org/wiki/2026_FIFA_World_Cup_squads,2026-05-22
WC-2026,2026,2026,POR,Portugal,POR,UEFA,K,Roberto Martínez,Rúben Dias,defender,DF,,1997-05-14,Manchester City,74,3,FALSE,TRUE,https://en.wikipedia.org/wiki/2026_FIFA_World_Cup_squads,2026-05-22
WC-2026,2026,2026,POR,Portugal,POR,UEFA,K,Roberto Martínez,Tomás Araújo,defender,DF,,2002-05-16,Benfica,3,0,FALSE,TRUE,https://en.wikipedia.org/wiki/2026_FIFA_World_Cup_squads,2026-05-22
WC-2026,2026,2026,POR,Portugal,POR,UEFA,K,Roberto Martínez,Cristiano Ronaldo,forward,FW,,1985-02-05,Al-Nassr,226,143,TRUE,TRUE,https://en.wikipedia.org/wiki/2026_FIFA_World_Cup_squads,2026-05-22
WC-2026,2026,2026,POR,Portugal,POR,UEFA,K,Roberto Martínez,Francisco Conceição,forward,FW,,2002-12-14,Juventus,15,3,FALSE,TRUE,https://en.wikipedia.org/wiki/2026_FIFA_World_Cup_squads,2026-05-22
WC-2026,2026,2026,POR,Portugal,POR,UEFA,K,Roberto Martínez,Francisco Trincão,forward,FW,,1999-12-29,Sporting CP,17,3,FALSE,TRUE,https://en.wikipedia.org/wiki/2026_FIFA_World_Cup_squads,2026-05-22
WC-2026,2026,2026,POR,Portugal,POR,UEFA,K,Roberto Martínez,Gonçalo Guedes,forward,FW,,1996-11-29,Real Sociedad,33,7,FALSE,TRUE,https://en.wikipedia.org/wiki/2026_FIFA_World_Cup_squads,2026-05-22
WC-2026,2026,2026,POR,Portugal,POR,UEFA,K,Roberto Martínez,Gonçalo Ramos,forward,FW,,2001-06-20,Paris Saint-Germain,24,10,FALSE,TRUE,https://en.wikipedia.org/wiki/2026_FIFA_World_Cup_squads,2026-05-22
WC-2026,2026,2026,POR,Portugal,POR,UEFA,K,Roberto Martínez,João Félix,forward,FW,,1999-11-10,Al-Nassr,52,12,FALSE,TRUE,https://en.wikipedia.org/wiki/2026_FIFA_World_Cup_squads,2026-05-22
WC-2026,2026,2026,POR,Portugal,POR,UEFA,K,Roberto Martínez,Pedro Neto,forward,FW,,2000-03-09,Chelsea,23,2,FALSE,TRUE,https://en.wikipedia.org/wiki/2026_FIFA_World_Cup_squads,2026-05-22
WC-2026,2026,2026,POR,Portugal,POR,UEFA,K,Roberto Martínez,Rafael Leão,forward,FW,,1999-06-10,Milan,43,5,FALSE,TRUE,https://en.wikipedia.org/wiki/2026_FIFA_World_Cup_squads,2026-05-22
WC-2026,2026,2026,POR,Portugal,POR,UEFA,K,Roberto Martínez,Diogo Costa,goalkeeper,GK,,1999-09-19,Porto,42,0,FALSE,TRUE,https://en.wikipedia.org/wiki/2026_FIFA_World_Cup_squads,2026-05-22
WC-2026,2026,2026,POR,Portugal,POR,UEFA,K,Roberto Martínez,José Sá,goalkeeper,GK,,1993-01-17,Wolverhampton Wanderers,4,0,FALSE,TRUE,https://en.wikipedia.org/wiki/2026_FIFA_World_Cup_squads,2026-05-22
WC-2026,2026,2026,POR,Portugal,POR,UEFA,K,Roberto Martínez,Rui Silva,goalkeeper,GK,,1994-02-07,Sporting CP,2,0,FALSE,TRUE,https://en.wikipedia.org/wiki/2026_FIFA_World_Cup_squads,2026-05-22
WC-2026,2026,2026,POR,Portugal,POR,UEFA,K,Roberto Martínez,Bernardo Silva,midfielder,MF,,1994-08-10,Manchester City,107,14,FALSE,TRUE,https://en.wikipedia.org/wiki/2026_FIFA_World_Cup_squads,2026-05-22
WC-2026,2026,2026,POR,Portugal,POR,UEFA,K,Roberto Martínez,Bruno Fernandes,midfielder,MF,,1994-09-08,Manchester United,87,28,FALSE,TRUE,https://en.wikipedia.org/wiki/2026_FIFA_World_Cup_squads,2026-05-22
WC-2026,2026,2026,POR,Portugal,POR,UEFA,K,Roberto Martínez,João Neves,midfielder,MF,,2004-09-27,Paris Saint-Germain,21,3,FALSE,TRUE,https://en.wikipedia.org/wiki/2026_FIFA_World_Cup_squads,2026-05-22
WC-2026,2026,2026,POR,Portugal,POR,UEFA,K,Roberto Martínez,Rúben Neves,midfielder,MF,,1997-03-13,Al-Hilal,65,1,FALSE,TRUE,https://en.wikipedia.org/wiki/2026_FIFA_World_Cup_squads,2026-05-22
WC-2026,2026,2026,POR,Portugal,POR,UEFA,K,Roberto Martínez,Samú Costa,midfielder,MF,,2000-11-27,Mallorca,4,0,FALSE,TRUE,https://en.wikipedia.org/wiki/2026_FIFA_World_Cup_squads,2026-05-22
WC-2026,2026,2026,POR,Portugal,POR,UEFA,K,Roberto Martínez,Vitinha,midfielder,MF,,2000-02-13,Paris Saint-Germain,37,0,FALSE,TRUE,https://en.wikipedia.org/wiki/2026_FIFA_World_Cup_squads,2026-05-22
WC-2026,2026,2026,UZB,Uzbekistan,UZB,AFC,K,Fabio Cannavaro,Abdukodir Khusanov,defender,DF,,2004-02-29,Manchester City,25,0,FALSE,FALSE,https://en.wikipedia.org/wiki/2026_FIFA_World_Cup_squads,2026-05-22
WC-2026,2026,2026,UZB,Uzbekistan,UZB,AFC,K,Fabio Cannavaro,Abdulla Abdullaev,defender,DF,,1997-09-01,Dibba Al Fujairah,16,0,FALSE,FALSE,https://en.wikipedia.org/wiki/2026_FIFA_World_Cup_squads,2026-05-22
WC-2026,2026,2026,UZB,Uzbekistan,UZB,AFC,K,Fabio Cannavaro,Avazbek Ulmasaliev,defender,DF,,2000-03-27,AGMK,0,0,FALSE,FALSE,https://en.wikipedia.org/wiki/2026_FIFA_World_Cup_squads,2026-05-22
WC-2026,2026,2026,UZB,Uzbekistan,UZB,AFC,K,Fabio Cannavaro,Bekhruz Karimov,defender,DF,,2007-07-08,Surkhon,2,0,FALSE,FALSE,https://en.wikipedia.org/wiki/2026_FIFA_World_Cup_squads,2026-05-22
WC-2026,2026,2026,UZB,Uzbekistan,UZB,AFC,K,Fabio Cannavaro,Diyor Ortikboev,defender,DF,,2003-01-06,Khorazm,0,0,FALSE,FALSE,https://en.wikipedia.org/wiki/2026_FIFA_World_Cup_squads,2026-05-22
WC-2026,2026,2026,UZB,Uzbekistan,UZB,AFC,K,Fabio Cannavaro,Farrukh Sayfiev,defender,DF,,1991-01-17,Neftchi,44,1,FALSE,FALSE,https://en.wikipedia.org/wiki/2026_FIFA_World_Cup_squads,2026-05-22
WC-2026,2026,2026,UZB,Uzbekistan,UZB,AFC,K,Fabio Cannavaro,Ibrokhimkhalil Yuldoshev,defender,DF,,2001-02-14,Neftchi,16,1,FALSE,FALSE,https://en.wikipedia.org/wiki/2026_FIFA_World_Cup_squads,2026-05-22
WC-2026,2026,2026,UZB,Uzbekistan,UZB,AFC,K,Fabio Cannavaro,Jakhongir Urozov,defender,DF,,2004-01-18,Dinamo Samarqand,2,0,FALSE,FALSE,https://en.wikipedia.org/wiki/2026_FIFA_World_Cup_squads,2026-05-22
WC-2026,2026,2026,UZB,Uzbekistan,UZB,AFC,K,Fabio Cannavaro,Khojiakbar Alijonov,defender,DF,,1997-04-19,Pakhtakor,40,2,FALSE,FALSE,https://en.wikipedia.org/wiki/2026_FIFA_World_Cup_squads,2026-05-22
WC-2026,2026,2026,UZB,Uzbekistan,UZB,AFC,K,Fabio Cannavaro,Mukhammadkodir Khamraliev,defender,DF,,2001-07-06,Pakhtakor,2,0,FALSE,FALSE,https://en.wikipedia.org/wiki/2026_FIFA_World_Cup_squads,2026-05-22
WC-2026,2026,2026,UZB,Uzbekistan,UZB,AFC,K,Fabio Cannavaro,Mukhammadrasul Abdumazhidov,defender,DF,,2004-07-23,Pakhtakor,0,0,FALSE,FALSE,https://en.wikipedia.org/wiki/2026_FIFA_World_Cup_squads,2026-05-22
WC-2026,2026,2026,UZB,Uzbekistan,UZB,AFC,K,Fabio Cannavaro,Rustam Ashurmatov,defender,DF,,1996-07-07,Esteghlal,47,1,FALSE,FALSE,https://en.wikipedia.org/wiki/2026_FIFA_World_Cup_squads,2026-05-22
WC-2026,2026,2026,UZB,Uzbekistan,UZB,AFC,K,Fabio Cannavaro,Sherzod Nasrullaev,defender,DF,,1998-07-23,Nasaf,29,2,FALSE,FALSE,https://en.wikipedia.org/wiki/2026_FIFA_World_Cup_squads,2026-05-22
WC-2026,2026,2026,UZB,Uzbekistan,UZB,AFC,K,Fabio Cannavaro,Umar Eshmurodov,defender,DF,,1992-11-30,Nasaf,29,0,FALSE,FALSE,https://en.wikipedia.org/wiki/2026_FIFA_World_Cup_squads,2026-05-22
WC-2026,2026,2026,UZB,Uzbekistan,UZB,AFC,K,Fabio Cannavaro,Abbosbek Fayzullaev,forward,FW,,2003-10-03,İstanbul Başakşehir,30,8,FALSE,FALSE,https://en.wikipedia.org/wiki/2026_FIFA_World_Cup_squads,2026-05-22
WC-2026,2026,2026,UZB,Uzbekistan,UZB,AFC,K,Fabio Cannavaro,Azizbek Amonov,forward,FW,,1997-10-30,Buxoro,11,2,FALSE,FALSE,https://en.wikipedia.org/wiki/2026_FIFA_World_Cup_squads,2026-05-22
WC-2026,2026,2026,UZB,Uzbekistan,UZB,AFC,K,Fabio Cannavaro,Dostonbek Khamdamov,forward,FW,,1996-07-24,Pakhtakor,33,5,FALSE,FALSE,https://en.wikipedia.org/wiki/2026_FIFA_World_Cup_squads,2026-05-22
WC-2026,2026,2026,UZB,Uzbekistan,UZB,AFC,K,Fabio Cannavaro,Eldor Shomurodov,forward,FW,,1995-06-29,İstanbul Başakşehir,90,44,TRUE,FALSE,https://en.wikipedia.org/wiki/2026_FIFA_World_Cup_squads,2026-05-22
WC-2026,2026,2026,UZB,Uzbekistan,UZB,AFC,K,Fabio Cannavaro,Igor Sergeev,forward,FW,,1993-04-30,Persepolis,81,24,FALSE,FALSE,https://en.wikipedia.org/wiki/2026_FIFA_World_Cup_squads,2026-05-22
WC-2026,2026,2026,UZB,Uzbekistan,UZB,AFC,K,Fabio Cannavaro,Jaloliddin Masharipov,forward,FW,,1993-09-01,Esteghlal,74,12,FALSE,FALSE,https://en.wikipedia.org/wiki/2026_FIFA_World_Cup_squads,2026-05-22
WC-2026,2026,2026,UZB,Uzbekistan,UZB,AFC,K,Fabio Cannavaro,Khusayin Norchaev,forward,FW,,2002-02-06,Navbahor,1,1,FALSE,FALSE,https://en.wikipedia.org/wiki/2026_FIFA_World_Cup_squads,2026-05-22
WC-2026,2026,2026,UZB,Uzbekistan,UZB,AFC,K,Fabio Cannavaro,Oston Urunov,forward,FW,,2000-12-19,Persepolis,40,10,FALSE,FALSE,https://en.wikipedia.org/wiki/2026_FIFA_World_Cup_squads,2026-05-22
WC-2026,2026,2026,UZB,Uzbekistan,UZB,AFC,K,Fabio Cannavaro,Ruslanbek Jiyanov,forward,FW,,2001-06-05,Navbahor,5,0,FALSE,FALSE,https://en.wikipedia.org/wiki/2026_FIFA_World_Cup_squads,2026-05-22
WC-2026,2026,2026,UZB,Uzbekistan,UZB,AFC,K,Fabio Cannavaro,Sherzod Temirov,forward,FW,,1998-10-27,Erbil,2,0,FALSE,FALSE,https://en.wikipedia.org/wiki/2026_FIFA_World_Cup_squads,2026-05-22
WC-2026,2026,2026,UZB,Uzbekistan,UZB,AFC,K,Fabio Cannavaro,Abduvohid Nematov,goalkeeper,GK,,2001-03-20,Nasaf,7,0,FALSE,FALSE,https://en.wikipedia.org/wiki/2026_FIFA_World_Cup_squads,2026-05-22
WC-2026,2026,2026,UZB,Uzbekistan,UZB,AFC,K,Fabio Cannavaro,Botirali Ergashev,goalkeeper,GK,,1995-06-23,Neftchi,2,0,FALSE,FALSE,https://en.wikipedia.org/wiki/2026_FIFA_World_Cup_squads,2026-05-22
WC-2026,2026,2026,UZB,Uzbekistan,UZB,AFC,K,Fabio Cannavaro,Utkir Yusupov,goalkeeper,GK,,1991-01-04,Navbahor,39,0,FALSE,FALSE,https://en.wikipedia.org/wiki/2026_FIFA_World_Cup_squads,2026-05-22
WC-2026,2026,2026,UZB,Uzbekistan,UZB,AFC,K,Fabio Cannavaro,Vladimir Nazarov,goalkeeper,GK,,2002-06-03,Pakhtakor,1,0,FALSE,FALSE,https://en.wikipedia.org/wiki/2026_FIFA_World_Cup_squads,2026-05-22
WC-2026,2026,2026,UZB,Uzbekistan,UZB,AFC,K,Fabio Cannavaro,Akmal Mozgovoy,midfielder,MF,,1999-04-02,Pakhtakor,23,1,FALSE,FALSE,https://en.wikipedia.org/wiki/2026_FIFA_World_Cup_squads,2026-05-22
WC-2026,2026,2026,UZB,Uzbekistan,UZB,AFC,K,Fabio Cannavaro,Alisher Odilov,midfielder,MF,,2001-07-15,Neftchi,2,1,FALSE,FALSE,https://en.wikipedia.org/wiki/2026_FIFA_World_Cup_squads,2026-05-22
WC-2026,2026,2026,UZB,Uzbekistan,UZB,AFC,K,Fabio Cannavaro,Azizjon Ganiev,midfielder,MF,,1998-02-22,Al Bataeh,18,0,FALSE,FALSE,https://en.wikipedia.org/wiki/2026_FIFA_World_Cup_squads,2026-05-22
WC-2026,2026,2026,UZB,Uzbekistan,UZB,AFC,K,Fabio Cannavaro,Jamshid Iskanderov,midfielder,MF,,1993-10-16,Neftchi,37,4,FALSE,FALSE,https://en.wikipedia.org/wiki/2026_FIFA_World_Cup_squads,2026-05-22
WC-2026,2026,2026,UZB,Uzbekistan,UZB,AFC,K,Fabio Cannavaro,Jasurbek Jaloliddinov,midfielder,MF,,2002-05-15,Sogdiana,1,0,FALSE,FALSE,https://en.wikipedia.org/wiki/2026_FIFA_World_Cup_squads,2026-05-22
WC-2026,2026,2026,UZB,Uzbekistan,UZB,AFC,K,Fabio Cannavaro,Kuvondik Ruziev,midfielder,MF,,1994-10-06,Neftchi,6,0,FALSE,FALSE,https://en.wikipedia.org/wiki/2026_FIFA_World_Cup_squads,2026-05-22
WC-2026,2026,2026,UZB,Uzbekistan,UZB,AFC,K,Fabio Cannavaro,Nodirbek Abdurazzokov,midfielder,MF,,2004-05-26,AGMK,0,0,FALSE,FALSE,https://en.wikipedia.org/wiki/2026_FIFA_World_Cup_squads,2026-05-22
WC-2026,2026,2026,UZB,Uzbekistan,UZB,AFC,K,Fabio Cannavaro,Odiljon Hamrobekov,midfielder,MF,,1996-02-13,Tractor,71,1,FALSE,FALSE,https://en.wikipedia.org/wiki/2026_FIFA_World_Cup_squads,2026-05-22
WC-2026,2026,2026,UZB,Uzbekistan,UZB,AFC,K,Fabio Cannavaro,Otabek Shukurov,midfielder,MF,,1996-06-22,Baniyas,82,9,FALSE,FALSE,https://en.wikipedia.org/wiki/2026_FIFA_World_Cup_squads,2026-05-22
WC-2026,2026,2026,UZB,Uzbekistan,UZB,AFC,K,Fabio Cannavaro,Sardorbek Bakhromov,midfielder,MF,,2005-02-16,Nasaf,0,0,FALSE,FALSE,https://en.wikipedia.org/wiki/2026_FIFA_World_Cup_squads,2026-05-22
WC-2026,2026,2026,UZB,Uzbekistan,UZB,AFC,K,Fabio Cannavaro,Sherzod Esanov,midfielder,MF,,2003-02-01,Buxoro,0,0,FALSE,FALSE,https://en.wikipedia.org/wiki/2026_FIFA_World_Cup_squads,2026-05-22
WC-2026,2026,2026,UZB,Uzbekistan,UZB,AFC,K,Fabio Cannavaro,Umarali Rakhmonaliev,midfielder,MF,,2003-08-18,Sabah,1,0,FALSE,FALSE,https://en.wikipedia.org/wiki/2026_FIFA_World_Cup_squads,2026-05-22
WC-2026,2026,2026,CRO,Croatia,CRO,UEFA,L,Zlatko Dalić,Duje Ćaleta-Car,defender,DF,,1996-09-17,Real Sociedad,38,1,FALSE,TRUE,https://en.wikipedia.org/wiki/2026_FIFA_World_Cup_squads,2026-05-22
WC-2026,2026,2026,CRO,Croatia,CRO,UEFA,L,Zlatko Dalić,Josip Stanišić,defender,DF,,2000-04-02,Bayern Munich,29,0,FALSE,TRUE,https://en.wikipedia.org/wiki/2026_FIFA_World_Cup_squads,2026-05-22
WC-2026,2026,2026,CRO,Croatia,CRO,UEFA,L,Zlatko Dalić,Josip Šutalo,defender,DF,,2000-02-28,Ajax,31,0,FALSE,TRUE,https://en.wikipedia.org/wiki/2026_FIFA_World_Cup_squads,2026-05-22
WC-2026,2026,2026,CRO,Croatia,CRO,UEFA,L,Zlatko Dalić,Joško Gvardiol,defender,DF,,2002-01-23,Manchester City,46,4,FALSE,TRUE,https://en.wikipedia.org/wiki/2026_FIFA_World_Cup_squads,2026-05-22
WC-2026,2026,2026,CRO,Croatia,CRO,UEFA,L,Zlatko Dalić,Luka Vušković,defender,DF,,2007-02-24,Hamburger SV,4,1,FALSE,TRUE,https://en.wikipedia.org/wiki/2026_FIFA_World_Cup_squads,2026-05-22
WC-2026,2026,2026,CRO,Croatia,CRO,UEFA,L,Zlatko Dalić,Marin Pongračić,defender,DF,,1997-09-11,Fiorentina,18,0,FALSE,TRUE,https://en.wikipedia.org/wiki/2026_FIFA_World_Cup_squads,2026-05-22
WC-2026,2026,2026,CRO,Croatia,CRO,UEFA,L,Zlatko Dalić,Martin Erlić,defender,DF,,1998-01-24,Midtjylland,12,1,FALSE,TRUE,https://en.wikipedia.org/wiki/2026_FIFA_World_Cup_squads,2026-05-22
WC-2026,2026,2026,CRO,Croatia,CRO,UEFA,L,Zlatko Dalić,Andrej Kramarić,forward,FW,,1991-06-19,TSG Hoffenheim,114,36,FALSE,TRUE,https://en.wikipedia.org/wiki/2026_FIFA_World_Cup_squads,2026-05-22
WC-2026,2026,2026,CRO,Croatia,CRO,UEFA,L,Zlatko Dalić,Ante Budimir,forward,FW,,1991-07-22,Osasuna,36,6,FALSE,TRUE,https://en.wikipedia.org/wiki/2026_FIFA_World_Cup_squads,2026-05-22
WC-2026,2026,2026,CRO,Croatia,CRO,UEFA,L,Zlatko Dalić,Igor Matanović,forward,FW,,2003-03-31,SC Freiburg,8,2,FALSE,TRUE,https://en.wikipedia.org/wiki/2026_FIFA_World_Cup_squads,2026-05-22
WC-2026,2026,2026,CRO,Croatia,CRO,UEFA,L,Zlatko Dalić,Ivan Perišić,forward,FW,,1989-02-02,PSV Eindhoven,152,38,FALSE,TRUE,https://en.wikipedia.org/wiki/2026_FIFA_World_Cup_squads,2026-05-22
WC-2026,2026,2026,CRO,Croatia,CRO,UEFA,L,Zlatko Dalić,Marco Pašalić,forward,FW,,2000-09-14,Orlando City,13,1,FALSE,TRUE,https://en.wikipedia.org/wiki/2026_FIFA_World_Cup_squads,2026-05-22
WC-2026,2026,2026,CRO,Croatia,CRO,UEFA,L,Zlatko Dalić,Petar Musa,forward,FW,,1998-03-04,FC Dallas,10,1,FALSE,TRUE,https://en.wikipedia.org/wiki/2026_FIFA_World_Cup_squads,2026-05-22
WC-2026,2026,2026,CRO,Croatia,CRO,UEFA,L,Zlatko Dalić,Dominik Kotarski,goalkeeper,GK,,2000-02-10,Copenhagen,3,0,FALSE,TRUE,https://en.wikipedia.org/wiki/2026_FIFA_World_Cup_squads,2026-05-22
WC-2026,2026,2026,CRO,Croatia,CRO,UEFA,L,Zlatko Dalić,Dominik Livaković,goalkeeper,GK,,1995-01-09,Dinamo Zagreb,73,0,FALSE,TRUE,https://en.wikipedia.org/wiki/2026_FIFA_World_Cup_squads,2026-05-22
WC-2026,2026,2026,CRO,Croatia,CRO,UEFA,L,Zlatko Dalić,Ivor Pandur,goalkeeper,GK,,2000-03-25,Hull City,0,0,FALSE,TRUE,https://en.wikipedia.org/wiki/2026_FIFA_World_Cup_squads,2026-05-22
WC-2026,2026,2026,CRO,Croatia,CRO,UEFA,L,Zlatko Dalić,Kristijan Jakić,midfielder,MF,,1997-05-14,FC Augsburg,16,2,FALSE,TRUE,https://en.wikipedia.org/wiki/2026_FIFA_World_Cup_squads,2026-05-22
WC-2026,2026,2026,CRO,Croatia,CRO,UEFA,L,Zlatko Dalić,Luka Modrić,midfielder,MF,,1985-09-09,Milan,196,28,TRUE,TRUE,https://en.wikipedia.org/wiki/2026_FIFA_World_Cup_squads,2026-05-22
WC-2026,2026,2026,CRO,Croatia,CRO,UEFA,L,Zlatko Dalić,Luka Sučić,midfielder,MF,,2002-09-08,Real Sociedad,19,1,FALSE,TRUE,https://en.wikipedia.org/wiki/2026_FIFA_World_Cup_squads,2026-05-22
WC-2026,2026,2026,CRO,Croatia,CRO,UEFA,L,Zlatko Dalić,Mario Pašalić,midfielder,MF,,1995-02-09,Atalanta,83,11,FALSE,TRUE,https://en.wikipedia.org/wiki/2026_FIFA_World_Cup_squads,2026-05-22
WC-2026,2026,2026,CRO,Croatia,CRO,UEFA,L,Zlatko Dalić,Martin Baturina,midfielder,MF,,2003-02-16,Como,17,1,FALSE,TRUE,https://en.wikipedia.org/wiki/2026_FIFA_World_Cup_squads,2026-05-22
WC-2026,2026,2026,CRO,Croatia,CRO,UEFA,L,Zlatko Dalić,Mateo Kovačić,midfielder,MF,,1994-05-06,Manchester City,111,5,FALSE,TRUE,https://en.wikipedia.org/wiki/2026_FIFA_World_Cup_squads,2026-05-22
WC-2026,2026,2026,CRO,Croatia,CRO,UEFA,L,Zlatko Dalić,Nikola Moro,midfielder,MF,,1998-03-12,Bologna,9,0,FALSE,TRUE,https://en.wikipedia.org/wiki/2026_FIFA_World_Cup_squads,2026-05-22
WC-2026,2026,2026,CRO,Croatia,CRO,UEFA,L,Zlatko Dalić,Nikola Vlašić,midfielder,MF,,1997-10-04,Torino,61,10,FALSE,TRUE,https://en.wikipedia.org/wiki/2026_FIFA_World_Cup_squads,2026-05-22
WC-2026,2026,2026,CRO,Croatia,CRO,UEFA,L,Zlatko Dalić,Petar Sučić,midfielder,MF,,2003-10-25,Inter Milan,15,1,FALSE,TRUE,https://en.wikipedia.org/wiki/2026_FIFA_World_Cup_squads,2026-05-22
WC-2026,2026,2026,CRO,Croatia,CRO,UEFA,L,Zlatko Dalić,Toni Fruk,midfielder,MF,,2001-04-09,Rijeka,7,1,FALSE,TRUE,https://en.wikipedia.org/wiki/2026_FIFA_World_Cup_squads,2026-05-22
WC-2026,2026,2026,ENG,England,ENG,UEFA,L,Thomas Tuchel,Dan Burn,defender,DF,,1992-05-09,Newcastle United,6,0,FALSE,TRUE,https://en.wikipedia.org/wiki/2026_FIFA_World_Cup_squads,2026-05-22
WC-2026,2026,2026,ENG,England,ENG,UEFA,L,Thomas Tuchel,Djed Spence,defender,DF,,2000-08-09,Tottenham Hotspur,4,0,FALSE,TRUE,https://en.wikipedia.org/wiki/2026_FIFA_World_Cup_squads,2026-05-22
WC-2026,2026,2026,ENG,England,ENG,UEFA,L,Thomas Tuchel,Ezri Konsa,defender,DF,,1997-10-23,Aston Villa,18,1,FALSE,TRUE,https://en.wikipedia.org/wiki/2026_FIFA_World_Cup_squads,2026-05-22
WC-2026,2026,2026,ENG,England,ENG,UEFA,L,Thomas Tuchel,Jarell Quansah,defender,DF,,2003-01-29,Bayer Leverkusen,1,0,FALSE,TRUE,https://en.wikipedia.org/wiki/2026_FIFA_World_Cup_squads,2026-05-22
WC-2026,2026,2026,ENG,England,ENG,UEFA,L,Thomas Tuchel,John Stones,defender,DF,,1994-05-28,Manchester City,87,3,FALSE,TRUE,https://en.wikipedia.org/wiki/2026_FIFA_World_Cup_squads,2026-05-22
WC-2026,2026,2026,ENG,England,ENG,UEFA,L,Thomas Tuchel,Marc Guéhi,defender,DF,,2000-07-13,Manchester City,27,1,FALSE,TRUE,https://en.wikipedia.org/wiki/2026_FIFA_World_Cup_squads,2026-05-22
WC-2026,2026,2026,ENG,England,ENG,UEFA,L,Thomas Tuchel,Nico O'Reilly,defender,DF,,2005-03-21,Manchester City,3,0,FALSE,TRUE,https://en.wikipedia.org/wiki/2026_FIFA_World_Cup_squads,2026-05-22
WC-2026,2026,2026,ENG,England,ENG,UEFA,L,Thomas Tuchel,Reece James,defender,DF,,1999-12-08,Chelsea,22,1,FALSE,TRUE,https://en.wikipedia.org/wiki/2026_FIFA_World_Cup_squads,2026-05-22
WC-2026,2026,2026,ENG,England,ENG,UEFA,L,Thomas Tuchel,Tino Livramento,defender,DF,,2002-11-12,Newcastle United,5,0,FALSE,TRUE,https://en.wikipedia.org/wiki/2026_FIFA_World_Cup_squads,2026-05-22
WC-2026,2026,2026,ENG,England,ENG,UEFA,L,Thomas Tuchel,Anthony Gordon,forward,FW,,2001-02-24,Newcastle United,17,2,FALSE,TRUE,https://en.wikipedia.org/wiki/2026_FIFA_World_Cup_squads,2026-05-22
WC-2026,2026,2026,ENG,England,ENG,UEFA,L,Thomas Tuchel,Bukayo Saka,forward,FW,,2001-09-05,Arsenal,48,14,FALSE,TRUE,https://en.wikipedia.org/wiki/2026_FIFA_World_Cup_squads,2026-05-22
WC-2026,2026,2026,ENG,England,ENG,UEFA,L,Thomas Tuchel,Eberechi Eze,forward,FW,,1998-06-29,Arsenal,16,3,FALSE,TRUE,https://en.wikipedia.org/wiki/2026_FIFA_World_Cup_squads,2026-05-22
WC-2026,2026,2026,ENG,England,ENG,UEFA,L,Thomas Tuchel,Harry Kane,forward,FW,,1993-07-28,Bayern Munich,112,78,TRUE,TRUE,https://en.wikipedia.org/wiki/2026_FIFA_World_Cup_squads,2026-05-22
WC-2026,2026,2026,ENG,England,ENG,UEFA,L,Thomas Tuchel,Ivan Toney,forward,FW,,1996-03-16,Al-Ahli,7,1,FALSE,TRUE,https://en.wikipedia.org/wiki/2026_FIFA_World_Cup_squads,2026-05-22
WC-2026,2026,2026,ENG,England,ENG,UEFA,L,Thomas Tuchel,Marcus Rashford,forward,FW,,1997-10-31,Barcelona,70,18,FALSE,TRUE,https://en.wikipedia.org/wiki/2026_FIFA_World_Cup_squads,2026-05-22
WC-2026,2026,2026,ENG,England,ENG,UEFA,L,Thomas Tuchel,Noni Madueke,forward,FW,,2002-03-10,Arsenal,10,1,FALSE,TRUE,https://en.wikipedia.org/wiki/2026_FIFA_World_Cup_squads,2026-05-22
WC-2026,2026,2026,ENG,England,ENG,UEFA,L,Thomas Tuchel,Ollie Watkins,forward,FW,,1995-12-30,Aston Villa,20,6,FALSE,TRUE,https://en.wikipedia.org/wiki/2026_FIFA_World_Cup_squads,2026-05-22
WC-2026,2026,2026,ENG,England,ENG,UEFA,L,Thomas Tuchel,Dean Henderson,goalkeeper,GK,,1997-03-12,Crystal Palace,4,0,FALSE,TRUE,https://en.wikipedia.org/wiki/2026_FIFA_World_Cup_squads,2026-05-22
WC-2026,2026,2026,ENG,England,ENG,UEFA,L,Thomas Tuchel,James Trafford,goalkeeper,GK,,2002-10-10,Manchester City,1,0,FALSE,TRUE,https://en.wikipedia.org/wiki/2026_FIFA_World_Cup_squads,2026-05-22
WC-2026,2026,2026,ENG,England,ENG,UEFA,L,Thomas Tuchel,Jordan Pickford,goalkeeper,GK,,1994-03-07,Everton,82,0,FALSE,TRUE,https://en.wikipedia.org/wiki/2026_FIFA_World_Cup_squads,2026-05-22
WC-2026,2026,2026,ENG,England,ENG,UEFA,L,Thomas Tuchel,Declan Rice,midfielder,MF,,1999-01-14,Arsenal,72,6,FALSE,TRUE,https://en.wikipedia.org/wiki/2026_FIFA_World_Cup_squads,2026-05-22
WC-2026,2026,2026,ENG,England,ENG,UEFA,L,Thomas Tuchel,Elliot Anderson,midfielder,MF,,2002-11-06,Nottingham Forest,7,0,FALSE,TRUE,https://en.wikipedia.org/wiki/2026_FIFA_World_Cup_squads,2026-05-22
WC-2026,2026,2026,ENG,England,ENG,UEFA,L,Thomas Tuchel,Jordan Henderson,midfielder,MF,,1990-06-17,Brentford,89,3,FALSE,TRUE,https://en.wikipedia.org/wiki/2026_FIFA_World_Cup_squads,2026-05-22
WC-2026,2026,2026,ENG,England,ENG,UEFA,L,Thomas Tuchel,Jude Bellingham,midfielder,MF,,2003-06-29,Real Madrid,46,6,FALSE,TRUE,https://en.wikipedia.org/wiki/2026_FIFA_World_Cup_squads,2026-05-22
WC-2026,2026,2026,ENG,England,ENG,UEFA,L,Thomas Tuchel,Kobbie Mainoo,midfielder,MF,,2005-04-19,Manchester United,12,0,FALSE,TRUE,https://en.wikipedia.org/wiki/2026_FIFA_World_Cup_squads,2026-05-22
WC-2026,2026,2026,ENG,England,ENG,UEFA,L,Thomas Tuchel,Morgan Rogers,midfielder,MF,,2002-07-26,Aston Villa,13,1,FALSE,TRUE,https://en.wikipedia.org/wiki/2026_FIFA_World_Cup_squads,2026-05-22
