entity_name,iso_alpha2,iso_alpha3,entity_type,sovereign_status,start_year,end_year,continent,subregion,football_confederation,source_statehood,source_continent,source_confederation,notes
Afghanistan,AF,AFG,current_iso3166_country_or_area,sovereign_state,1930,2026,Asia,Southern Asia,AFC,"Correlates of War Project. 2025. State System Membership, v2024. https://correlatesofwar.org/data-sets/state-system-membership/ | United Nations member states via OWID data page. https://ourworldindata.org/grapher/united-nations-membership-status",Country metadata: countryinfo package / ISO 3166 country names; verify against ISO source for production use.,FIFA Member Associations. https://inside.fifa.com/associations,Current-form start years are simplified for project use; verify exact legal/COW tenure dates for research-grade historical modeling.
Albania,AL,ALB,current_iso3166_country_or_area,sovereign_state,1930,2026,Europe,Southern Europe,UEFA,"Correlates of War Project. 2025. State System Membership, v2024. https://correlatesofwar.org/data-sets/state-system-membership/ | United Nations member states via OWID data page. https://ourworldindata.org/grapher/united-nations-membership-status",Country metadata: countryinfo package / ISO 3166 country names; verify against ISO source for production use.,FIFA Member Associations. https://inside.fifa.com/associations,Current-form start years are simplified for project use; verify exact legal/COW tenure dates for research-grade historical modeling.
American Samoa,AS,ASM,current_iso3166_country_or_area,dependent_territory_or_non_sovereign_fifa_entity,1930,2026,Oceania,Polynesia,OFC,"Correlates of War Project. 2025. State System Membership, v2024. https://correlatesofwar.org/data-sets/state-system-membership/ | United Nations member states via OWID data page. https://ourworldindata.org/grapher/united-nations-membership-status",Country metadata: countryinfo package / ISO 3166 country names; verify against ISO source for production use.,FIFA Member Associations. https://inside.fifa.com/associations,Current-form start years are simplified for project use; verify exact legal/COW tenure dates for research-grade historical modeling.
Andorra,AD,AND,current_iso3166_country_or_area,sovereign_state,1930,2026,Europe,Southern Europe,UEFA,"Correlates of War Project. 2025. State System Membership, v2024. https://correlatesofwar.org/data-sets/state-system-membership/ | United Nations member states via OWID data page. https://ourworldindata.org/grapher/united-nations-membership-status",Country metadata: countryinfo package / ISO 3166 country names; verify against ISO source for production use.,FIFA Member Associations. https://inside.fifa.com/associations,Current-form start years are simplified for project use; verify exact legal/COW tenure dates for research-grade historical modeling.
Anguilla,AI,AIA,current_iso3166_country_or_area,dependent_territory_or_non_sovereign_fifa_entity,1930,2026,Americas,Caribbean,CONCACAF,"Correlates of War Project. 2025. State System Membership, v2024. https://correlatesofwar.org/data-sets/state-system-membership/ | United Nations member states via OWID data page. https://ourworldindata.org/grapher/united-nations-membership-status",Country metadata: countryinfo package / ISO 3166 country names; verify against ISO source for production use.,FIFA Member Associations. https://inside.fifa.com/associations,Current-form start years are simplified for project use; verify exact legal/COW tenure dates for research-grade historical modeling.
Antarctica,AQ,ATA,current_iso3166_country_or_area,dependent_territory_or_non_sovereign_fifa_entity,1930,2026,Antarctica,Antarctica,Unknown,"Correlates of War Project. 2025. State System Membership, v2024. https://correlatesofwar.org/data-sets/state-system-membership/ | United Nations member states via OWID data page. https://ourworldindata.org/grapher/united-nations-membership-status",Country metadata: countryinfo package / ISO 3166 country names; verify against ISO source for production use.,FIFA Member Associations. https://inside.fifa.com/associations,Current-form start years are simplified for project use; verify exact legal/COW tenure dates for research-grade historical modeling.
Argentina,AR,ARG,current_iso3166_country_or_area,sovereign_state,1930,2026,Americas,South America,CONMEBOL,"Correlates of War Project. 2025. State System Membership, v2024. https://correlatesofwar.org/data-sets/state-system-membership/ | United Nations member states via OWID data page. https://ourworldindata.org/grapher/united-nations-membership-status",Country metadata: countryinfo package / ISO 3166 country names; verify against ISO source for production use.,FIFA Member Associations. https://inside.fifa.com/associations,Current-form start years are simplified for project use; verify exact legal/COW tenure dates for research-grade historical modeling.
Aruba,AW,ABW,current_iso3166_country_or_area,dependent_territory_or_non_sovereign_fifa_entity,1930,2026,Americas,Caribbean,CONCACAF,"Correlates of War Project. 2025. State System Membership, v2024. https://correlatesofwar.org/data-sets/state-system-membership/ | United Nations member states via OWID data page. https://ourworldindata.org/grapher/united-nations-membership-status",Country metadata: countryinfo package / ISO 3166 country names; verify against ISO source for production use.,FIFA Member Associations. https://inside.fifa.com/associations,Current-form start years are simplified for project use; verify exact legal/COW tenure dates for research-grade historical modeling.
Australia,AU,AUS,current_iso3166_country_or_area,sovereign_state,1930,2026,Oceania,Australia and New Zealand,AFC,"Correlates of War Project. 2025. State System Membership, v2024. https://correlatesofwar.org/data-sets/state-system-membership/ | United Nations member states via OWID data page. https://ourworldindata.org/grapher/united-nations-membership-status",Country metadata: countryinfo package / ISO 3166 country names; verify against ISO source for production use.,FIFA Member Associations. https://inside.fifa.com/associations,Current-form start years are simplified for project use; verify exact legal/COW tenure dates for research-grade historical modeling.
Austria,AT,AUT,current_iso3166_country_or_area,sovereign_state,1930,2026,Europe,Western Europe,UEFA,"Correlates of War Project. 2025. State System Membership, v2024. https://correlatesofwar.org/data-sets/state-system-membership/ | United Nations member states via OWID data page. https://ourworldindata.org/grapher/united-nations-membership-status",Country metadata: countryinfo package / ISO 3166 country names; verify against ISO source for production use.,FIFA Member Associations. https://inside.fifa.com/associations,Current-form start years are simplified for project use; verify exact legal/COW tenure dates for research-grade historical modeling.
Belgium,BE,BEL,current_iso3166_country_or_area,sovereign_state,1930,2026,Europe,Western Europe,UEFA,"Correlates of War Project. 2025. State System Membership, v2024. https://correlatesofwar.org/data-sets/state-system-membership/ | United Nations member states via OWID data page. https://ourworldindata.org/grapher/united-nations-membership-status",Country metadata: countryinfo package / ISO 3166 country names; verify against ISO source for production use.,FIFA Member Associations. https://inside.fifa.com/associations,Current-form start years are simplified for project use; verify exact legal/COW tenure dates for research-grade historical modeling.
Bermuda,BM,BMU,current_iso3166_country_or_area,dependent_territory_or_non_sovereign_fifa_entity,1930,2026,Americas,Northern America,CONCACAF,"Correlates of War Project. 2025. State System Membership, v2024. https://correlatesofwar.org/data-sets/state-system-membership/ | United Nations member states via OWID data page. https://ourworldindata.org/grapher/united-nations-membership-status",Country metadata: countryinfo package / ISO 3166 country names; verify against ISO source for production use.,FIFA Member Associations. https://inside.fifa.com/associations,Current-form start years are simplified for project use; verify exact legal/COW tenure dates for research-grade historical modeling.
Bhutan,BT,BTN,current_iso3166_country_or_area,sovereign_state,1930,2026,Asia,Southern Asia,AFC,"Correlates of War Project. 2025. State System Membership, v2024. https://correlatesofwar.org/data-sets/state-system-membership/ | United Nations member states via OWID data page. https://ourworldindata.org/grapher/united-nations-membership-status",Country metadata: countryinfo package / ISO 3166 country names; verify against ISO source for production use.,FIFA Member Associations. https://inside.fifa.com/associations,Current-form start years are simplified for project use; verify exact legal/COW tenure dates for research-grade historical modeling.
"Bolivia, Plurinational State of",BO,BOL,current_iso3166_country_or_area,sovereign_state,1930,2026,Americas,South America,CONMEBOL,"Correlates of War Project. 2025. State System Membership, v2024. https://correlatesofwar.org/data-sets/state-system-membership/ | United Nations member states via OWID data page. https://ourworldindata.org/grapher/united-nations-membership-status",Country metadata: countryinfo package / ISO 3166 country names; verify against ISO source for production use.,FIFA Member Associations. https://inside.fifa.com/associations,Current-form start years are simplified for project use; verify exact legal/COW tenure dates for research-grade historical modeling.
"Bonaire, Sint Eustatius and Saba",BQ,BES,current_iso3166_country_or_area,dependent_territory_or_non_sovereign_fifa_entity,1930,2026,Americas,Caribbean,CONCACAF,"Correlates of War Project. 2025. State System Membership, v2024. https://correlatesofwar.org/data-sets/state-system-membership/ | United Nations member states via OWID data page. https://ourworldindata.org/grapher/united-nations-membership-status",Country metadata: countryinfo package / ISO 3166 country names; verify against ISO source for production use.,FIFA Member Associations. https://inside.fifa.com/associations,Current-form start years are simplified for project use; verify exact legal/COW tenure dates for research-grade historical modeling.
Bouvet Island,BV,BVT,current_iso3166_country_or_area,dependent_territory_or_non_sovereign_fifa_entity,1930,2026,Antarctica,Antarctica,Unknown,"Correlates of War Project. 2025. State System Membership, v2024. https://correlatesofwar.org/data-sets/state-system-membership/ | United Nations member states via OWID data page. https://ourworldindata.org/grapher/united-nations-membership-status",Country metadata: countryinfo package / ISO 3166 country names; verify against ISO source for production use.,FIFA Member Associations. https://inside.fifa.com/associations,Current-form start years are simplified for project use; verify exact legal/COW tenure dates for research-grade historical modeling.
Brazil,BR,BRA,current_iso3166_country_or_area,sovereign_state,1930,2026,Americas,South America,CONMEBOL,"Correlates of War Project. 2025. State System Membership, v2024. https://correlatesofwar.org/data-sets/state-system-membership/ | United Nations member states via OWID data page. https://ourworldindata.org/grapher/united-nations-membership-status",Country metadata: countryinfo package / ISO 3166 country names; verify against ISO source for production use.,FIFA Member Associations. https://inside.fifa.com/associations,Current-form start years are simplified for project use; verify exact legal/COW tenure dates for research-grade historical modeling.
British Indian Ocean Territory,IO,IOT,current_iso3166_country_or_area,dependent_territory_or_non_sovereign_fifa_entity,1930,2026,Africa,Eastern Africa,CAF,"Correlates of War Project. 2025. State System Membership, v2024. https://correlatesofwar.org/data-sets/state-system-membership/ | United Nations member states via OWID data page. https://ourworldindata.org/grapher/united-nations-membership-status",Country metadata: countryinfo package / ISO 3166 country names; verify against ISO source for production use.,FIFA Member Associations. https://inside.fifa.com/associations,Current-form start years are simplified for project use; verify exact legal/COW tenure dates for research-grade historical modeling.
Bulgaria,BG,BGR,current_iso3166_country_or_area,sovereign_state,1930,2026,Europe,Eastern Europe,UEFA,"Correlates of War Project. 2025. State System Membership, v2024. https://correlatesofwar.org/data-sets/state-system-membership/ | United Nations member states via OWID data page. https://ourworldindata.org/grapher/united-nations-membership-status",Country metadata: countryinfo package / ISO 3166 country names; verify against ISO source for production use.,FIFA Member Associations. https://inside.fifa.com/associations,Current-form start years are simplified for project use; verify exact legal/COW tenure dates for research-grade historical modeling.
Canada,CA,CAN,current_iso3166_country_or_area,sovereign_state,1930,2026,Americas,Northern America,CONCACAF,"Correlates of War Project. 2025. State System Membership, v2024. https://correlatesofwar.org/data-sets/state-system-membership/ | United Nations member states via OWID data page. https://ourworldindata.org/grapher/united-nations-membership-status",Country metadata: countryinfo package / ISO 3166 country names; verify against ISO source for production use.,FIFA Member Associations. https://inside.fifa.com/associations,Current-form start years are simplified for project use; verify exact legal/COW tenure dates for research-grade historical modeling.
Cayman Islands,KY,CYM,current_iso3166_country_or_area,dependent_territory_or_non_sovereign_fifa_entity,1930,2026,Americas,Caribbean,CONCACAF,"Correlates of War Project. 2025. State System Membership, v2024. https://correlatesofwar.org/data-sets/state-system-membership/ | United Nations member states via OWID data page. https://ourworldindata.org/grapher/united-nations-membership-status",Country metadata: countryinfo package / ISO 3166 country names; verify against ISO source for production use.,FIFA Member Associations. https://inside.fifa.com/associations,Current-form start years are simplified for project use; verify exact legal/COW tenure dates for research-grade historical modeling.
Chile,CL,CHL,current_iso3166_country_or_area,sovereign_state,1930,2026,Americas,South America,CONMEBOL,"Correlates of War Project. 2025. State System Membership, v2024. https://correlatesofwar.org/data-sets/state-system-membership/ | United Nations member states via OWID data page. https://ourworldindata.org/grapher/united-nations-membership-status",Country metadata: countryinfo package / ISO 3166 country names; verify against ISO source for production use.,FIFA Member Associations. https://inside.fifa.com/associations,Current-form start years are simplified for project use; verify exact legal/COW tenure dates for research-grade historical modeling.
China,CN,CHN,current_iso3166_country_or_area,sovereign_state,1930,2026,Asia,Eastern Asia,AFC,"Correlates of War Project. 2025. State System Membership, v2024. https://correlatesofwar.org/data-sets/state-system-membership/ | United Nations member states via OWID data page. https://ourworldindata.org/grapher/united-nations-membership-status",Country metadata: countryinfo package / ISO 3166 country names; verify against ISO source for production use.,FIFA Member Associations. https://inside.fifa.com/associations,Current-form start years are simplified for project use; verify exact legal/COW tenure dates for research-grade historical modeling.
Christmas Island,CX,CXR,current_iso3166_country_or_area,dependent_territory_or_non_sovereign_fifa_entity,1930,2026,Oceania,Australia and New Zealand,OFC,"Correlates of War Project. 2025. State System Membership, v2024. https://correlatesofwar.org/data-sets/state-system-membership/ | United Nations member states via OWID data page. https://ourworldindata.org/grapher/united-nations-membership-status",Country metadata: countryinfo package / ISO 3166 country names; verify against ISO source for production use.,FIFA Member Associations. https://inside.fifa.com/associations,Current-form start years are simplified for project use; verify exact legal/COW tenure dates for research-grade historical modeling.
Cocos (Keeling) Islands,CC,CCK,current_iso3166_country_or_area,dependent_territory_or_non_sovereign_fifa_entity,1930,2026,Oceania,Australia and New Zealand,OFC,"Correlates of War Project. 2025. State System Membership, v2024. https://correlatesofwar.org/data-sets/state-system-membership/ | United Nations member states via OWID data page. https://ourworldindata.org/grapher/united-nations-membership-status",Country metadata: countryinfo package / ISO 3166 country names; verify against ISO source for production use.,FIFA Member Associations. https://inside.fifa.com/associations,Current-form start years are simplified for project use; verify exact legal/COW tenure dates for research-grade historical modeling.
Colombia,CO,COL,current_iso3166_country_or_area,sovereign_state,1930,2026,Americas,South America,CONMEBOL,"Correlates of War Project. 2025. State System Membership, v2024. https://correlatesofwar.org/data-sets/state-system-membership/ | United Nations member states via OWID data page. https://ourworldindata.org/grapher/united-nations-membership-status",Country metadata: countryinfo package / ISO 3166 country names; verify against ISO source for production use.,FIFA Member Associations. https://inside.fifa.com/associations,Current-form start years are simplified for project use; verify exact legal/COW tenure dates for research-grade historical modeling.
Cook Islands,CK,COK,current_iso3166_country_or_area,dependent_territory_or_non_sovereign_fifa_entity,1930,2026,Oceania,Polynesia,OFC,"Correlates of War Project. 2025. State System Membership, v2024. https://correlatesofwar.org/data-sets/state-system-membership/ | United Nations member states via OWID data page. https://ourworldindata.org/grapher/united-nations-membership-status",Country metadata: countryinfo package / ISO 3166 country names; verify against ISO source for production use.,FIFA Member Associations. https://inside.fifa.com/associations,Current-form start years are simplified for project use; verify exact legal/COW tenure dates for research-grade historical modeling.
Costa Rica,CR,CRI,current_iso3166_country_or_area,sovereign_state,1930,2026,Americas,Central America,CONCACAF,"Correlates of War Project. 2025. State System Membership, v2024. https://correlatesofwar.org/data-sets/state-system-membership/ | United Nations member states via OWID data page. https://ourworldindata.org/grapher/united-nations-membership-status",Country metadata: countryinfo package / ISO 3166 country names; verify against ISO source for production use.,FIFA Member Associations. https://inside.fifa.com/associations,Current-form start years are simplified for project use; verify exact legal/COW tenure dates for research-grade historical modeling.
Cuba,CU,CUB,current_iso3166_country_or_area,sovereign_state,1930,2026,Americas,Caribbean,CONCACAF,"Correlates of War Project. 2025. State System Membership, v2024. https://correlatesofwar.org/data-sets/state-system-membership/ | United Nations member states via OWID data page. https://ourworldindata.org/grapher/united-nations-membership-status",Country metadata: countryinfo package / ISO 3166 country names; verify against ISO source for production use.,FIFA Member Associations. https://inside.fifa.com/associations,Current-form start years are simplified for project use; verify exact legal/COW tenure dates for research-grade historical modeling.
Curaçao,CW,CUW,current_iso3166_country_or_area,dependent_territory_or_non_sovereign_fifa_entity,1930,2026,Americas,Caribbean,CONCACAF,"Correlates of War Project. 2025. State System Membership, v2024. https://correlatesofwar.org/data-sets/state-system-membership/ | United Nations member states via OWID data page. https://ourworldindata.org/grapher/united-nations-membership-status",Country metadata: countryinfo package / ISO 3166 country names; verify against ISO source for production use.,FIFA Member Associations. https://inside.fifa.com/associations,Current-form start years are simplified for project use; verify exact legal/COW tenure dates for research-grade historical modeling.
Czechoslovakia,CS,CSK,historic_state,historic_state,1930,1992,Europe,Eastern Europe,UEFA,"Correlates of War Project. 2025. State System Membership, v2024. https://correlatesofwar.org/data-sets/state-system-membership/",Manual historical mapping for football dataset; verify for research use.,FIFA Member Associations. https://inside.fifa.com/associations,Manually added because historical football datasets often contain this entity.
Denmark,DK,DNK,current_iso3166_country_or_area,sovereign_state,1930,2026,Europe,Northern Europe,UEFA,"Correlates of War Project. 2025. State System Membership, v2024. https://correlatesofwar.org/data-sets/state-system-membership/ | United Nations member states via OWID data page. https://ourworldindata.org/grapher/united-nations-membership-status",Country metadata: countryinfo package / ISO 3166 country names; verify against ISO source for production use.,FIFA Member Associations. https://inside.fifa.com/associations,Current-form start years are simplified for project use; verify exact legal/COW tenure dates for research-grade historical modeling.
Dominican Republic,DO,DOM,current_iso3166_country_or_area,sovereign_state,1930,2026,Americas,Caribbean,CONCACAF,"Correlates of War Project. 2025. State System Membership, v2024. https://correlatesofwar.org/data-sets/state-system-membership/ | United Nations member states via OWID data page. https://ourworldindata.org/grapher/united-nations-membership-status",Country metadata: countryinfo package / ISO 3166 country names; verify against ISO source for production use.,FIFA Member Associations. https://inside.fifa.com/associations,Current-form start years are simplified for project use; verify exact legal/COW tenure dates for research-grade historical modeling.
Ecuador,EC,ECU,current_iso3166_country_or_area,sovereign_state,1930,2026,Americas,South America,CONMEBOL,"Correlates of War Project. 2025. State System Membership, v2024. https://correlatesofwar.org/data-sets/state-system-membership/ | United Nations member states via OWID data page. https://ourworldindata.org/grapher/united-nations-membership-status",Country metadata: countryinfo package / ISO 3166 country names; verify against ISO source for production use.,FIFA Member Associations. https://inside.fifa.com/associations,Current-form start years are simplified for project use; verify exact legal/COW tenure dates for research-grade historical modeling.
Egypt,EG,EGY,current_iso3166_country_or_area,sovereign_state,1930,2026,Africa,Northern Africa,CAF,"Correlates of War Project. 2025. State System Membership, v2024. https://correlatesofwar.org/data-sets/state-system-membership/ | United Nations member states via OWID data page. https://ourworldindata.org/grapher/united-nations-membership-status",Country metadata: countryinfo package / ISO 3166 country names; verify against ISO source for production use.,FIFA Member Associations. https://inside.fifa.com/associations,Current-form start years are simplified for project use; verify exact legal/COW tenure dates for research-grade historical modeling.
El Salvador,SV,SLV,current_iso3166_country_or_area,sovereign_state,1930,2026,Americas,Central America,CONCACAF,"Correlates of War Project. 2025. State System Membership, v2024. https://correlatesofwar.org/data-sets/state-system-membership/ | United Nations member states via OWID data page. https://ourworldindata.org/grapher/united-nations-membership-status",Country metadata: countryinfo package / ISO 3166 country names; verify against ISO source for production use.,FIFA Member Associations. https://inside.fifa.com/associations,Current-form start years are simplified for project use; verify exact legal/COW tenure dates for research-grade historical modeling.
England,GB,ENG,constituent_country_fifa_entity,constituent_country_fifa_entity,1930,2026,Europe,Northern Europe,UEFA,"Correlates of War Project. 2025. State System Membership, v2024. https://correlatesofwar.org/data-sets/state-system-membership/",Manual historical mapping for football dataset; verify for research use.,FIFA Member Associations. https://inside.fifa.com/associations,Manually added because historical football datasets often contain this entity.
Estonia,EE,EST,current_iso3166_country_or_area,sovereign_state,1930,1940,Europe,Northern Europe,UEFA,"Correlates of War Project. 2025. State System Membership, v2024. https://correlatesofwar.org/data-sets/state-system-membership/ | United Nations member states via OWID data page. https://ourworldindata.org/grapher/united-nations-membership-status",Country metadata: countryinfo package / ISO 3166 country names; verify against ISO source for production use.,FIFA Member Associations. https://inside.fifa.com/associations,Current-form start years are simplified for project use; verify exact legal/COW tenure dates for research-grade historical modeling.
Ethiopia,ET,ETH,current_iso3166_country_or_area,sovereign_state,1930,2026,Africa,Eastern Africa,CAF,"Correlates of War Project. 2025. State System Membership, v2024. https://correlatesofwar.org/data-sets/state-system-membership/ | United Nations member states via OWID data page. https://ourworldindata.org/grapher/united-nations-membership-status",Country metadata: countryinfo package / ISO 3166 country names; verify against ISO source for production use.,FIFA Member Associations. https://inside.fifa.com/associations,Current-form start years are simplified for project use; verify exact legal/COW tenure dates for research-grade historical modeling.
Falkland Islands (Malvinas),FK,FLK,current_iso3166_country_or_area,dependent_territory_or_non_sovereign_fifa_entity,1930,2026,Americas,South America,CONMEBOL,"Correlates of War Project. 2025. State System Membership, v2024. https://correlatesofwar.org/data-sets/state-system-membership/ | United Nations member states via OWID data page. https://ourworldindata.org/grapher/united-nations-membership-status",Country metadata: countryinfo package / ISO 3166 country names; verify against ISO source for production use.,FIFA Member Associations. https://inside.fifa.com/associations,Current-form start years are simplified for project use; verify exact legal/COW tenure dates for research-grade historical modeling.
Faroe Islands,FO,FRO,current_iso3166_country_or_area,dependent_territory_or_non_sovereign_fifa_entity,1930,2026,Europe,Northern Europe,UEFA,"Correlates of War Project. 2025. State System Membership, v2024. https://correlatesofwar.org/data-sets/state-system-membership/ | United Nations member states via OWID data page. https://ourworldindata.org/grapher/united-nations-membership-status",Country metadata: countryinfo package / ISO 3166 country names; verify against ISO source for production use.,FIFA Member Associations. https://inside.fifa.com/associations,Current-form start years are simplified for project use; verify exact legal/COW tenure dates for research-grade historical modeling.
Finland,FI,FIN,current_iso3166_country_or_area,sovereign_state,1930,2026,Europe,Northern Europe,UEFA,"Correlates of War Project. 2025. State System Membership, v2024. https://correlatesofwar.org/data-sets/state-system-membership/ | United Nations member states via OWID data page. https://ourworldindata.org/grapher/united-nations-membership-status",Country metadata: countryinfo package / ISO 3166 country names; verify against ISO source for production use.,FIFA Member Associations. https://inside.fifa.com/associations,Current-form start years are simplified for project use; verify exact legal/COW tenure dates for research-grade historical modeling.
France,FR,FRA,current_iso3166_country_or_area,sovereign_state,1930,2026,Europe,Western Europe,UEFA,"Correlates of War Project. 2025. State System Membership, v2024. https://correlatesofwar.org/data-sets/state-system-membership/ | United Nations member states via OWID data page. https://ourworldindata.org/grapher/united-nations-membership-status",Country metadata: countryinfo package / ISO 3166 country names; verify against ISO source for production use.,FIFA Member Associations. https://inside.fifa.com/associations,Current-form start years are simplified for project use; verify exact legal/COW tenure dates for research-grade historical modeling.
French Guiana,GF,GUF,current_iso3166_country_or_area,dependent_territory_or_non_sovereign_fifa_entity,1930,2026,Americas,South America,CONCACAF,"Correlates of War Project. 2025. State System Membership, v2024. https://correlatesofwar.org/data-sets/state-system-membership/ | United Nations member states via OWID data page. https://ourworldindata.org/grapher/united-nations-membership-status",Country metadata: countryinfo package / ISO 3166 country names; verify against ISO source for production use.,FIFA Member Associations. https://inside.fifa.com/associations,Current-form start years are simplified for project use; verify exact legal/COW tenure dates for research-grade historical modeling.
French Polynesia,PF,PYF,current_iso3166_country_or_area,dependent_territory_or_non_sovereign_fifa_entity,1930,2026,Oceania,Polynesia,OFC,"Correlates of War Project. 2025. State System Membership, v2024. https://correlatesofwar.org/data-sets/state-system-membership/ | United Nations member states via OWID data page. https://ourworldindata.org/grapher/united-nations-membership-status",Country metadata: countryinfo package / ISO 3166 country names; verify against ISO source for production use.,FIFA Member Associations. https://inside.fifa.com/associations,Current-form start years are simplified for project use; verify exact legal/COW tenure dates for research-grade historical modeling.
French Southern Territories,TF,ATF,current_iso3166_country_or_area,dependent_territory_or_non_sovereign_fifa_entity,1930,2026,Antarctica,Antarctica,Unknown,"Correlates of War Project. 2025. State System Membership, v2024. https://correlatesofwar.org/data-sets/state-system-membership/ | United Nations member states via OWID data page. https://ourworldindata.org/grapher/united-nations-membership-status",Country metadata: countryinfo package / ISO 3166 country names; verify against ISO source for production use.,FIFA Member Associations. https://inside.fifa.com/associations,Current-form start years are simplified for project use; verify exact legal/COW tenure dates for research-grade historical modeling.
Gibraltar,GI,GIB,current_iso3166_country_or_area,dependent_territory_or_non_sovereign_fifa_entity,1930,2026,Europe,Southern Europe,UEFA,"Correlates of War Project. 2025. State System Membership, v2024. https://correlatesofwar.org/data-sets/state-system-membership/ | United Nations member states via OWID data page. https://ourworldindata.org/grapher/united-nations-membership-status",Country metadata: countryinfo package / ISO 3166 country names; verify against ISO source for production use.,FIFA Member Associations. https://inside.fifa.com/associations,Current-form start years are simplified for project use; verify exact legal/COW tenure dates for research-grade historical modeling.
Greece,GR,GRC,current_iso3166_country_or_area,sovereign_state,1930,2026,Europe,Southern Europe,UEFA,"Correlates of War Project. 2025. State System Membership, v2024. https://correlatesofwar.org/data-sets/state-system-membership/ | United Nations member states via OWID data page. https://ourworldindata.org/grapher/united-nations-membership-status",Country metadata: countryinfo package / ISO 3166 country names; verify against ISO source for production use.,FIFA Member Associations. https://inside.fifa.com/associations,Current-form start years are simplified for project use; verify exact legal/COW tenure dates for research-grade historical modeling.
Greenland,GL,GRL,current_iso3166_country_or_area,dependent_territory_or_non_sovereign_fifa_entity,1930,2026,Americas,Northern America,CONCACAF,"Correlates of War Project. 2025. State System Membership, v2024. https://correlatesofwar.org/data-sets/state-system-membership/ | United Nations member states via OWID data page. https://ourworldindata.org/grapher/united-nations-membership-status",Country metadata: countryinfo package / ISO 3166 country names; verify against ISO source for production use.,FIFA Member Associations. https://inside.fifa.com/associations,Current-form start years are simplified for project use; verify exact legal/COW tenure dates for research-grade historical modeling.
Grenada,GD,GRD,current_iso3166_country_or_area,sovereign_state,1930,2026,Americas,Caribbean,CONCACAF,"Correlates of War Project. 2025. State System Membership, v2024. https://correlatesofwar.org/data-sets/state-system-membership/ | United Nations member states via OWID data page. https://ourworldindata.org/grapher/united-nations-membership-status",Country metadata: countryinfo package / ISO 3166 country names; verify against ISO source for production use.,FIFA Member Associations. https://inside.fifa.com/associations,Current-form start years are simplified for project use; verify exact legal/COW tenure dates for research-grade historical modeling.
Guadeloupe,GP,GLP,current_iso3166_country_or_area,dependent_territory_or_non_sovereign_fifa_entity,1930,2026,Americas,Caribbean,CONCACAF,"Correlates of War Project. 2025. State System Membership, v2024. https://correlatesofwar.org/data-sets/state-system-membership/ | United Nations member states via OWID data page. https://ourworldindata.org/grapher/united-nations-membership-status",Country metadata: countryinfo package / ISO 3166 country names; verify against ISO source for production use.,FIFA Member Associations. https://inside.fifa.com/associations,Current-form start years are simplified for project use; verify exact legal/COW tenure dates for research-grade historical modeling.
Guam,GU,GUM,current_iso3166_country_or_area,dependent_territory_or_non_sovereign_fifa_entity,1930,2026,Oceania,Micronesia,AFC,"Correlates of War Project. 2025. State System Membership, v2024. https://correlatesofwar.org/data-sets/state-system-membership/ | United Nations member states via OWID data page. https://ourworldindata.org/grapher/united-nations-membership-status",Country metadata: countryinfo package / ISO 3166 country names; verify against ISO source for production use.,FIFA Member Associations. https://inside.fifa.com/associations,Current-form start years are simplified for project use; verify exact legal/COW tenure dates for research-grade historical modeling.
Guatemala,GT,GTM,current_iso3166_country_or_area,sovereign_state,1930,2026,Americas,Central America,CONCACAF,"Correlates of War Project. 2025. State System Membership, v2024. https://correlatesofwar.org/data-sets/state-system-membership/ | United Nations member states via OWID data page. https://ourworldindata.org/grapher/united-nations-membership-status",Country metadata: countryinfo package / ISO 3166 country names; verify against ISO source for production use.,FIFA Member Associations. https://inside.fifa.com/associations,Current-form start years are simplified for project use; verify exact legal/COW tenure dates for research-grade historical modeling.
Guernsey,GG,GGY,current_iso3166_country_or_area,dependent_territory_or_non_sovereign_fifa_entity,1930,2026,Europe,Northern Europe,UEFA,"Correlates of War Project. 2025. State System Membership, v2024. https://correlatesofwar.org/data-sets/state-system-membership/ | United Nations member states via OWID data page. https://ourworldindata.org/grapher/united-nations-membership-status",Country metadata: countryinfo package / ISO 3166 country names; verify against ISO source for production use.,FIFA Member Associations. https://inside.fifa.com/associations,Current-form start years are simplified for project use; verify exact legal/COW tenure dates for research-grade historical modeling.
Haiti,HT,HTI,current_iso3166_country_or_area,sovereign_state,1930,2026,Americas,Caribbean,CONCACAF,"Correlates of War Project. 2025. State System Membership, v2024. https://correlatesofwar.org/data-sets/state-system-membership/ | United Nations member states via OWID data page. https://ourworldindata.org/grapher/united-nations-membership-status",Country metadata: countryinfo package / ISO 3166 country names; verify against ISO source for production use.,FIFA Member Associations. https://inside.fifa.com/associations,Current-form start years are simplified for project use; verify exact legal/COW tenure dates for research-grade historical modeling.
Heard Island and McDonald Islands,HM,HMD,current_iso3166_country_or_area,dependent_territory_or_non_sovereign_fifa_entity,1930,2026,Antarctica,Antarctica,Unknown,"Correlates of War Project. 2025. State System Membership, v2024. https://correlatesofwar.org/data-sets/state-system-membership/ | United Nations member states via OWID data page. https://ourworldindata.org/grapher/united-nations-membership-status",Country metadata: countryinfo package / ISO 3166 country names; verify against ISO source for production use.,FIFA Member Associations. https://inside.fifa.com/associations,Current-form start years are simplified for project use; verify exact legal/COW tenure dates for research-grade historical modeling.
Holy See (Vatican City State),VA,VAT,current_iso3166_country_or_area,un_observer_state,1930,2026,Europe,Southern Europe,Unknown,"Correlates of War Project. 2025. State System Membership, v2024. https://correlatesofwar.org/data-sets/state-system-membership/ | United Nations member states via OWID data page. https://ourworldindata.org/grapher/united-nations-membership-status",Country metadata: countryinfo package / ISO 3166 country names; verify against ISO source for production use.,FIFA Member Associations. https://inside.fifa.com/associations,Current-form start years are simplified for project use; verify exact legal/COW tenure dates for research-grade historical modeling.
Honduras,HN,HND,current_iso3166_country_or_area,sovereign_state,1930,2026,Americas,Central America,CONCACAF,"Correlates of War Project. 2025. State System Membership, v2024. https://correlatesofwar.org/data-sets/state-system-membership/ | United Nations member states via OWID data page. https://ourworldindata.org/grapher/united-nations-membership-status",Country metadata: countryinfo package / ISO 3166 country names; verify against ISO source for production use.,FIFA Member Associations. https://inside.fifa.com/associations,Current-form start years are simplified for project use; verify exact legal/COW tenure dates for research-grade historical modeling.
Hong Kong,HK,HKG,current_iso3166_country_or_area,dependent_territory_or_non_sovereign_fifa_entity,1930,2026,Asia,Eastern Asia,AFC,"Correlates of War Project. 2025. State System Membership, v2024. https://correlatesofwar.org/data-sets/state-system-membership/ | United Nations member states via OWID data page. https://ourworldindata.org/grapher/united-nations-membership-status",Country metadata: countryinfo package / ISO 3166 country names; verify against ISO source for production use.,FIFA Member Associations. https://inside.fifa.com/associations,Current-form start years are simplified for project use; verify exact legal/COW tenure dates for research-grade historical modeling.
Hungary,HU,HUN,current_iso3166_country_or_area,sovereign_state,1930,2026,Europe,Eastern Europe,UEFA,"Correlates of War Project. 2025. State System Membership, v2024. https://correlatesofwar.org/data-sets/state-system-membership/ | United Nations member states via OWID data page. https://ourworldindata.org/grapher/united-nations-membership-status",Country metadata: countryinfo package / ISO 3166 country names; verify against ISO source for production use.,FIFA Member Associations. https://inside.fifa.com/associations,Current-form start years are simplified for project use; verify exact legal/COW tenure dates for research-grade historical modeling.
Iceland,IS,ISL,current_iso3166_country_or_area,sovereign_state,1930,2026,Europe,Northern Europe,UEFA,"Correlates of War Project. 2025. State System Membership, v2024. https://correlatesofwar.org/data-sets/state-system-membership/ | United Nations member states via OWID data page. https://ourworldindata.org/grapher/united-nations-membership-status",Country metadata: countryinfo package / ISO 3166 country names; verify against ISO source for production use.,FIFA Member Associations. https://inside.fifa.com/associations,Current-form start years are simplified for project use; verify exact legal/COW tenure dates for research-grade historical modeling.
"Iran, Islamic Republic of",IR,IRN,current_iso3166_country_or_area,sovereign_state,1930,2026,Asia,Southern Asia,AFC,"Correlates of War Project. 2025. State System Membership, v2024. https://correlatesofwar.org/data-sets/state-system-membership/ | United Nations member states via OWID data page. https://ourworldindata.org/grapher/united-nations-membership-status",Country metadata: countryinfo package / ISO 3166 country names; verify against ISO source for production use.,FIFA Member Associations. https://inside.fifa.com/associations,Current-form start years are simplified for project use; verify exact legal/COW tenure dates for research-grade historical modeling.
Iraq,IQ,IRQ,current_iso3166_country_or_area,sovereign_state,1930,2026,Asia,Western Asia,AFC,"Correlates of War Project. 2025. State System Membership, v2024. https://correlatesofwar.org/data-sets/state-system-membership/ | United Nations member states via OWID data page. https://ourworldindata.org/grapher/united-nations-membership-status",Country metadata: countryinfo package / ISO 3166 country names; verify against ISO source for production use.,FIFA Member Associations. https://inside.fifa.com/associations,Current-form start years are simplified for project use; verify exact legal/COW tenure dates for research-grade historical modeling.
Ireland,IE,IRL,current_iso3166_country_or_area,sovereign_state,1930,2026,Europe,Northern Europe,UEFA,"Correlates of War Project. 2025. State System Membership, v2024. https://correlatesofwar.org/data-sets/state-system-membership/ | United Nations member states via OWID data page. https://ourworldindata.org/grapher/united-nations-membership-status",Country metadata: countryinfo package / ISO 3166 country names; verify against ISO source for production use.,FIFA Member Associations. https://inside.fifa.com/associations,Current-form start years are simplified for project use; verify exact legal/COW tenure dates for research-grade historical modeling.
Isle of Man,IM,IMN,current_iso3166_country_or_area,dependent_territory_or_non_sovereign_fifa_entity,1930,2026,Europe,Northern Europe,UEFA,"Correlates of War Project. 2025. State System Membership, v2024. https://correlatesofwar.org/data-sets/state-system-membership/ | United Nations member states via OWID data page. https://ourworldindata.org/grapher/united-nations-membership-status",Country metadata: countryinfo package / ISO 3166 country names; verify against ISO source for production use.,FIFA Member Associations. https://inside.fifa.com/associations,Current-form start years are simplified for project use; verify exact legal/COW tenure dates for research-grade historical modeling.
Italy,IT,ITA,current_iso3166_country_or_area,sovereign_state,1930,2026,Europe,Southern Europe,UEFA,"Correlates of War Project. 2025. State System Membership, v2024. https://correlatesofwar.org/data-sets/state-system-membership/ | United Nations member states via OWID data page. https://ourworldindata.org/grapher/united-nations-membership-status",Country metadata: countryinfo package / ISO 3166 country names; verify against ISO source for production use.,FIFA Member Associations. https://inside.fifa.com/associations,Current-form start years are simplified for project use; verify exact legal/COW tenure dates for research-grade historical modeling.
Japan,JP,JPN,current_iso3166_country_or_area,sovereign_state,1930,2026,Asia,Eastern Asia,AFC,"Correlates of War Project. 2025. State System Membership, v2024. https://correlatesofwar.org/data-sets/state-system-membership/ | United Nations member states via OWID data page. https://ourworldindata.org/grapher/united-nations-membership-status",Country metadata: countryinfo package / ISO 3166 country names; verify against ISO source for production use.,FIFA Member Associations. https://inside.fifa.com/associations,Current-form start years are simplified for project use; verify exact legal/COW tenure dates for research-grade historical modeling.
Jersey,JE,JEY,current_iso3166_country_or_area,dependent_territory_or_non_sovereign_fifa_entity,1930,2026,Europe,Northern Europe,UEFA,"Correlates of War Project. 2025. State System Membership, v2024. https://correlatesofwar.org/data-sets/state-system-membership/ | United Nations member states via OWID data page. https://ourworldindata.org/grapher/united-nations-membership-status",Country metadata: countryinfo package / ISO 3166 country names; verify against ISO source for production use.,FIFA Member Associations. https://inside.fifa.com/associations,Current-form start years are simplified for project use; verify exact legal/COW tenure dates for research-grade historical modeling.
Jordan,JO,JOR,current_iso3166_country_or_area,sovereign_state,1930,2026,Asia,Western Asia,AFC,"Correlates of War Project. 2025. State System Membership, v2024. https://correlatesofwar.org/data-sets/state-system-membership/ | United Nations member states via OWID data page. https://ourworldindata.org/grapher/united-nations-membership-status",Country metadata: countryinfo package / ISO 3166 country names; verify against ISO source for production use.,FIFA Member Associations. https://inside.fifa.com/associations,Current-form start years are simplified for project use; verify exact legal/COW tenure dates for research-grade historical modeling.
"Korea, Democratic People's Republic of",KP,PRK,current_iso3166_country_or_area,sovereign_state,1930,2026,Asia,Eastern Asia,AFC,"Correlates of War Project. 2025. State System Membership, v2024. https://correlatesofwar.org/data-sets/state-system-membership/ | United Nations member states via OWID data page. https://ourworldindata.org/grapher/united-nations-membership-status",Country metadata: countryinfo package / ISO 3166 country names; verify against ISO source for production use.,FIFA Member Associations. https://inside.fifa.com/associations,Current-form start years are simplified for project use; verify exact legal/COW tenure dates for research-grade historical modeling.
"Korea, Republic of",KR,KOR,current_iso3166_country_or_area,sovereign_state,1930,2026,Asia,Eastern Asia,AFC,"Correlates of War Project. 2025. State System Membership, v2024. https://correlatesofwar.org/data-sets/state-system-membership/ | United Nations member states via OWID data page. https://ourworldindata.org/grapher/united-nations-membership-status",Country metadata: countryinfo package / ISO 3166 country names; verify against ISO source for production use.,FIFA Member Associations. https://inside.fifa.com/associations,Current-form start years are simplified for project use; verify exact legal/COW tenure dates for research-grade historical modeling.
Latvia,LV,LVA,current_iso3166_country_or_area,sovereign_state,1930,1940,Europe,Northern Europe,UEFA,"Correlates of War Project. 2025. State System Membership, v2024. https://correlatesofwar.org/data-sets/state-system-membership/ | United Nations member states via OWID data page. https://ourworldindata.org/grapher/united-nations-membership-status",Country metadata: countryinfo package / ISO 3166 country names; verify against ISO source for production use.,FIFA Member Associations. https://inside.fifa.com/associations,Current-form start years are simplified for project use; verify exact legal/COW tenure dates for research-grade historical modeling.
Liberia,LR,LBR,current_iso3166_country_or_area,sovereign_state,1930,2026,Africa,Western Africa,CAF,"Correlates of War Project. 2025. State System Membership, v2024. https://correlatesofwar.org/data-sets/state-system-membership/ | United Nations member states via OWID data page. https://ourworldindata.org/grapher/united-nations-membership-status",Country metadata: countryinfo package / ISO 3166 country names; verify against ISO source for production use.,FIFA Member Associations. https://inside.fifa.com/associations,Current-form start years are simplified for project use; verify exact legal/COW tenure dates for research-grade historical modeling.
Liechtenstein,LI,LIE,current_iso3166_country_or_area,sovereign_state,1930,2026,Europe,Western Europe,UEFA,"Correlates of War Project. 2025. State System Membership, v2024. https://correlatesofwar.org/data-sets/state-system-membership/ | United Nations member states via OWID data page. https://ourworldindata.org/grapher/united-nations-membership-status",Country metadata: countryinfo package / ISO 3166 country names; verify against ISO source for production use.,FIFA Member Associations. https://inside.fifa.com/associations,Current-form start years are simplified for project use; verify exact legal/COW tenure dates for research-grade historical modeling.
Lithuania,LT,LTU,current_iso3166_country_or_area,sovereign_state,1930,1940,Europe,Northern Europe,UEFA,"Correlates of War Project. 2025. State System Membership, v2024. https://correlatesofwar.org/data-sets/state-system-membership/ | United Nations member states via OWID data page. https://ourworldindata.org/grapher/united-nations-membership-status",Country metadata: countryinfo package / ISO 3166 country names; verify against ISO source for production use.,FIFA Member Associations. https://inside.fifa.com/associations,Current-form start years are simplified for project use; verify exact legal/COW tenure dates for research-grade historical modeling.
Luxembourg,LU,LUX,current_iso3166_country_or_area,sovereign_state,1930,2026,Europe,Western Europe,UEFA,"Correlates of War Project. 2025. State System Membership, v2024. https://correlatesofwar.org/data-sets/state-system-membership/ | United Nations member states via OWID data page. https://ourworldindata.org/grapher/united-nations-membership-status",Country metadata: countryinfo package / ISO 3166 country names; verify against ISO source for production use.,FIFA Member Associations. https://inside.fifa.com/associations,Current-form start years are simplified for project use; verify exact legal/COW tenure dates for research-grade historical modeling.
Macao,MO,MAC,current_iso3166_country_or_area,dependent_territory_or_non_sovereign_fifa_entity,1930,2026,Asia,Eastern Asia,AFC,"Correlates of War Project. 2025. State System Membership, v2024. https://correlatesofwar.org/data-sets/state-system-membership/ | United Nations member states via OWID data page. https://ourworldindata.org/grapher/united-nations-membership-status",Country metadata: countryinfo package / ISO 3166 country names; verify against ISO source for production use.,FIFA Member Associations. https://inside.fifa.com/associations,Current-form start years are simplified for project use; verify exact legal/COW tenure dates for research-grade historical modeling.
Martinique,MQ,MTQ,current_iso3166_country_or_area,dependent_territory_or_non_sovereign_fifa_entity,1930,2026,Americas,Caribbean,CONCACAF,"Correlates of War Project. 2025. State System Membership, v2024. https://correlatesofwar.org/data-sets/state-system-membership/ | United Nations member states via OWID data page. https://ourworldindata.org/grapher/united-nations-membership-status",Country metadata: countryinfo package / ISO 3166 country names; verify against ISO source for production use.,FIFA Member Associations. https://inside.fifa.com/associations,Current-form start years are simplified for project use; verify exact legal/COW tenure dates for research-grade historical modeling.
Mayotte,YT,MYT,current_iso3166_country_or_area,dependent_territory_or_non_sovereign_fifa_entity,1930,2026,Africa,Eastern Africa,CAF,"Correlates of War Project. 2025. State System Membership, v2024. https://correlatesofwar.org/data-sets/state-system-membership/ | United Nations member states via OWID data page. https://ourworldindata.org/grapher/united-nations-membership-status",Country metadata: countryinfo package / ISO 3166 country names; verify against ISO source for production use.,FIFA Member Associations. https://inside.fifa.com/associations,Current-form start years are simplified for project use; verify exact legal/COW tenure dates for research-grade historical modeling.
Mexico,MX,MEX,current_iso3166_country_or_area,sovereign_state,1930,2026,Americas,Central America,CONCACAF,"Correlates of War Project. 2025. State System Membership, v2024. https://correlatesofwar.org/data-sets/state-system-membership/ | United Nations member states via OWID data page. https://ourworldindata.org/grapher/united-nations-membership-status",Country metadata: countryinfo package / ISO 3166 country names; verify against ISO source for production use.,FIFA Member Associations. https://inside.fifa.com/associations,Current-form start years are simplified for project use; verify exact legal/COW tenure dates for research-grade historical modeling.
Monaco,MC,MCO,current_iso3166_country_or_area,sovereign_state,1930,2026,Europe,Western Europe,UEFA,"Correlates of War Project. 2025. State System Membership, v2024. https://correlatesofwar.org/data-sets/state-system-membership/ | United Nations member states via OWID data page. https://ourworldindata.org/grapher/united-nations-membership-status",Country metadata: countryinfo package / ISO 3166 country names; verify against ISO source for production use.,FIFA Member Associations. https://inside.fifa.com/associations,Current-form start years are simplified for project use; verify exact legal/COW tenure dates for research-grade historical modeling.
Mongolia,MN,MNG,current_iso3166_country_or_area,sovereign_state,1930,2026,Asia,Eastern Asia,AFC,"Correlates of War Project. 2025. State System Membership, v2024. https://correlatesofwar.org/data-sets/state-system-membership/ | United Nations member states via OWID data page. https://ourworldindata.org/grapher/united-nations-membership-status",Country metadata: countryinfo package / ISO 3166 country names; verify against ISO source for production use.,FIFA Member Associations. https://inside.fifa.com/associations,Current-form start years are simplified for project use; verify exact legal/COW tenure dates for research-grade historical modeling.
Montserrat,MS,MSR,current_iso3166_country_or_area,dependent_territory_or_non_sovereign_fifa_entity,1930,2026,Americas,Caribbean,CONCACAF,"Correlates of War Project. 2025. State System Membership, v2024. https://correlatesofwar.org/data-sets/state-system-membership/ | United Nations member states via OWID data page. https://ourworldindata.org/grapher/united-nations-membership-status",Country metadata: countryinfo package / ISO 3166 country names; verify against ISO source for production use.,FIFA Member Associations. https://inside.fifa.com/associations,Current-form start years are simplified for project use; verify exact legal/COW tenure dates for research-grade historical modeling.
Nepal,NP,NPL,current_iso3166_country_or_area,sovereign_state,1930,2026,Asia,Southern Asia,AFC,"Correlates of War Project. 2025. State System Membership, v2024. https://correlatesofwar.org/data-sets/state-system-membership/ | United Nations member states via OWID data page. https://ourworldindata.org/grapher/united-nations-membership-status",Country metadata: countryinfo package / ISO 3166 country names; verify against ISO source for production use.,FIFA Member Associations. https://inside.fifa.com/associations,Current-form start years are simplified for project use; verify exact legal/COW tenure dates for research-grade historical modeling.
Netherlands,NL,NLD,current_iso3166_country_or_area,sovereign_state,1930,2026,Europe,Western Europe,UEFA,"Correlates of War Project. 2025. State System Membership, v2024. https://correlatesofwar.org/data-sets/state-system-membership/ | United Nations member states via OWID data page. https://ourworldindata.org/grapher/united-nations-membership-status",Country metadata: countryinfo package / ISO 3166 country names; verify against ISO source for production use.,FIFA Member Associations. https://inside.fifa.com/associations,Current-form start years are simplified for project use; verify exact legal/COW tenure dates for research-grade historical modeling.
New Caledonia,NC,NCL,current_iso3166_country_or_area,dependent_territory_or_non_sovereign_fifa_entity,1930,2026,Oceania,Melanesia,OFC,"Correlates of War Project. 2025. State System Membership, v2024. https://correlatesofwar.org/data-sets/state-system-membership/ | United Nations member states via OWID data page. https://ourworldindata.org/grapher/united-nations-membership-status",Country metadata: countryinfo package / ISO 3166 country names; verify against ISO source for production use.,FIFA Member Associations. https://inside.fifa.com/associations,Current-form start years are simplified for project use; verify exact legal/COW tenure dates for research-grade historical modeling.
New Zealand,NZ,NZL,current_iso3166_country_or_area,sovereign_state,1930,2026,Oceania,Australia and New Zealand,OFC,"Correlates of War Project. 2025. State System Membership, v2024. https://correlatesofwar.org/data-sets/state-system-membership/ | United Nations member states via OWID data page. https://ourworldindata.org/grapher/united-nations-membership-status",Country metadata: countryinfo package / ISO 3166 country names; verify against ISO source for production use.,FIFA Member Associations. https://inside.fifa.com/associations,Current-form start years are simplified for project use; verify exact legal/COW tenure dates for research-grade historical modeling.
Nicaragua,NI,NIC,current_iso3166_country_or_area,sovereign_state,1930,2026,Americas,Central America,CONCACAF,"Correlates of War Project. 2025. State System Membership, v2024. https://correlatesofwar.org/data-sets/state-system-membership/ | United Nations member states via OWID data page. https://ourworldindata.org/grapher/united-nations-membership-status",Country metadata: countryinfo package / ISO 3166 country names; verify against ISO source for production use.,FIFA Member Associations. https://inside.fifa.com/associations,Current-form start years are simplified for project use; verify exact legal/COW tenure dates for research-grade historical modeling.
Niger,NE,NER,current_iso3166_country_or_area,sovereign_state,1930,2026,Africa,Western Africa,CAF,"Correlates of War Project. 2025. State System Membership, v2024. https://correlatesofwar.org/data-sets/state-system-membership/ | United Nations member states via OWID data page. https://ourworldindata.org/grapher/united-nations-membership-status",Country metadata: countryinfo package / ISO 3166 country names; verify against ISO source for production use.,FIFA Member Associations. https://inside.fifa.com/associations,Current-form start years are simplified for project use; verify exact legal/COW tenure dates for research-grade historical modeling.
Nigeria,NG,NGA,current_iso3166_country_or_area,sovereign_state,1930,2026,Africa,Western Africa,CAF,"Correlates of War Project. 2025. State System Membership, v2024. https://correlatesofwar.org/data-sets/state-system-membership/ | United Nations member states via OWID data page. https://ourworldindata.org/grapher/united-nations-membership-status",Country metadata: countryinfo package / ISO 3166 country names; verify against ISO source for production use.,FIFA Member Associations. https://inside.fifa.com/associations,Current-form start years are simplified for project use; verify exact legal/COW tenure dates for research-grade historical modeling.
Niue,NU,NIU,current_iso3166_country_or_area,dependent_territory_or_non_sovereign_fifa_entity,1930,2026,Oceania,Polynesia,OFC,"Correlates of War Project. 2025. State System Membership, v2024. https://correlatesofwar.org/data-sets/state-system-membership/ | United Nations member states via OWID data page. https://ourworldindata.org/grapher/united-nations-membership-status",Country metadata: countryinfo package / ISO 3166 country names; verify against ISO source for production use.,FIFA Member Associations. https://inside.fifa.com/associations,Current-form start years are simplified for project use; verify exact legal/COW tenure dates for research-grade historical modeling.
Norfolk Island,NF,NFK,current_iso3166_country_or_area,dependent_territory_or_non_sovereign_fifa_entity,1930,2026,Oceania,Australia and New Zealand,OFC,"Correlates of War Project. 2025. State System Membership, v2024. https://correlatesofwar.org/data-sets/state-system-membership/ | United Nations member states via OWID data page. https://ourworldindata.org/grapher/united-nations-membership-status",Country metadata: countryinfo package / ISO 3166 country names; verify against ISO source for production use.,FIFA Member Associations. https://inside.fifa.com/associations,Current-form start years are simplified for project use; verify exact legal/COW tenure dates for research-grade historical modeling.
North Yemen,YE,YAR,historic_state,historic_state,1930,1990,Asia,Western Asia,AFC,"Correlates of War Project. 2025. State System Membership, v2024. https://correlatesofwar.org/data-sets/state-system-membership/",Manual historical mapping for football dataset; verify for research use.,FIFA Member Associations. https://inside.fifa.com/associations,Manually added because historical football datasets often contain this entity.
Northern Ireland,GB,NIR,constituent_country_fifa_entity,constituent_country_fifa_entity,1930,2026,Europe,Northern Europe,UEFA,"Correlates of War Project. 2025. State System Membership, v2024. https://correlatesofwar.org/data-sets/state-system-membership/",Manual historical mapping for football dataset; verify for research use.,FIFA Member Associations. https://inside.fifa.com/associations,Manually added because historical football datasets often contain this entity.
Northern Mariana Islands,MP,MNP,current_iso3166_country_or_area,dependent_territory_or_non_sovereign_fifa_entity,1930,2026,Oceania,Micronesia,AFC,"Correlates of War Project. 2025. State System Membership, v2024. https://correlatesofwar.org/data-sets/state-system-membership/ | United Nations member states via OWID data page. https://ourworldindata.org/grapher/united-nations-membership-status",Country metadata: countryinfo package / ISO 3166 country names; verify against ISO source for production use.,FIFA Member Associations. https://inside.fifa.com/associations,Current-form start years are simplified for project use; verify exact legal/COW tenure dates for research-grade historical modeling.
Norway,NO,NOR,current_iso3166_country_or_area,sovereign_state,1930,2026,Europe,Northern Europe,UEFA,"Correlates of War Project. 2025. State System Membership, v2024. https://correlatesofwar.org/data-sets/state-system-membership/ | United Nations member states via OWID data page. https://ourworldindata.org/grapher/united-nations-membership-status",Country metadata: countryinfo package / ISO 3166 country names; verify against ISO source for production use.,FIFA Member Associations. https://inside.fifa.com/associations,Current-form start years are simplified for project use; verify exact legal/COW tenure dates for research-grade historical modeling.
Oman,OM,OMN,current_iso3166_country_or_area,sovereign_state,1930,2026,Asia,Western Asia,AFC,"Correlates of War Project. 2025. State System Membership, v2024. https://correlatesofwar.org/data-sets/state-system-membership/ | United Nations member states via OWID data page. https://ourworldindata.org/grapher/united-nations-membership-status",Country metadata: countryinfo package / ISO 3166 country names; verify against ISO source for production use.,FIFA Member Associations. https://inside.fifa.com/associations,Current-form start years are simplified for project use; verify exact legal/COW tenure dates for research-grade historical modeling.
Panama,PA,PAN,current_iso3166_country_or_area,sovereign_state,1930,2026,Americas,Central America,CONCACAF,"Correlates of War Project. 2025. State System Membership, v2024. https://correlatesofwar.org/data-sets/state-system-membership/ | United Nations member states via OWID data page. https://ourworldindata.org/grapher/united-nations-membership-status",Country metadata: countryinfo package / ISO 3166 country names; verify against ISO source for production use.,FIFA Member Associations. https://inside.fifa.com/associations,Current-form start years are simplified for project use; verify exact legal/COW tenure dates for research-grade historical modeling.
Paraguay,PY,PRY,current_iso3166_country_or_area,sovereign_state,1930,2026,Americas,South America,CONMEBOL,"Correlates of War Project. 2025. State System Membership, v2024. https://correlatesofwar.org/data-sets/state-system-membership/ | United Nations member states via OWID data page. https://ourworldindata.org/grapher/united-nations-membership-status",Country metadata: countryinfo package / ISO 3166 country names; verify against ISO source for production use.,FIFA Member Associations. https://inside.fifa.com/associations,Current-form start years are simplified for project use; verify exact legal/COW tenure dates for research-grade historical modeling.
Peru,PE,PER,current_iso3166_country_or_area,sovereign_state,1930,2026,Americas,South America,CONMEBOL,"Correlates of War Project. 2025. State System Membership, v2024. https://correlatesofwar.org/data-sets/state-system-membership/ | United Nations member states via OWID data page. https://ourworldindata.org/grapher/united-nations-membership-status",Country metadata: countryinfo package / ISO 3166 country names; verify against ISO source for production use.,FIFA Member Associations. https://inside.fifa.com/associations,Current-form start years are simplified for project use; verify exact legal/COW tenure dates for research-grade historical modeling.
Philippines,PH,PHL,current_iso3166_country_or_area,sovereign_state,1930,2026,Asia,South-Eastern Asia,AFC,"Correlates of War Project. 2025. State System Membership, v2024. https://correlatesofwar.org/data-sets/state-system-membership/ | United Nations member states via OWID data page. https://ourworldindata.org/grapher/united-nations-membership-status",Country metadata: countryinfo package / ISO 3166 country names; verify against ISO source for production use.,FIFA Member Associations. https://inside.fifa.com/associations,Current-form start years are simplified for project use; verify exact legal/COW tenure dates for research-grade historical modeling.
Pitcairn,PN,PCN,current_iso3166_country_or_area,dependent_territory_or_non_sovereign_fifa_entity,1930,2026,Oceania,Polynesia,OFC,"Correlates of War Project. 2025. State System Membership, v2024. https://correlatesofwar.org/data-sets/state-system-membership/ | United Nations member states via OWID data page. https://ourworldindata.org/grapher/united-nations-membership-status",Country metadata: countryinfo package / ISO 3166 country names; verify against ISO source for production use.,FIFA Member Associations. https://inside.fifa.com/associations,Current-form start years are simplified for project use; verify exact legal/COW tenure dates for research-grade historical modeling.
Poland,PL,POL,current_iso3166_country_or_area,sovereign_state,1930,2026,Europe,Eastern Europe,UEFA,"Correlates of War Project. 2025. State System Membership, v2024. https://correlatesofwar.org/data-sets/state-system-membership/ | United Nations member states via OWID data page. https://ourworldindata.org/grapher/united-nations-membership-status",Country metadata: countryinfo package / ISO 3166 country names; verify against ISO source for production use.,FIFA Member Associations. https://inside.fifa.com/associations,Current-form start years are simplified for project use; verify exact legal/COW tenure dates for research-grade historical modeling.
Portugal,PT,PRT,current_iso3166_country_or_area,sovereign_state,1930,2026,Europe,Southern Europe,UEFA,"Correlates of War Project. 2025. State System Membership, v2024. https://correlatesofwar.org/data-sets/state-system-membership/ | United Nations member states via OWID data page. https://ourworldindata.org/grapher/united-nations-membership-status",Country metadata: countryinfo package / ISO 3166 country names; verify against ISO source for production use.,FIFA Member Associations. https://inside.fifa.com/associations,Current-form start years are simplified for project use; verify exact legal/COW tenure dates for research-grade historical modeling.
Puerto Rico,PR,PRI,current_iso3166_country_or_area,dependent_territory_or_non_sovereign_fifa_entity,1930,2026,Americas,Caribbean,CONCACAF,"Correlates of War Project. 2025. State System Membership, v2024. https://correlatesofwar.org/data-sets/state-system-membership/ | United Nations member states via OWID data page. https://ourworldindata.org/grapher/united-nations-membership-status",Country metadata: countryinfo package / ISO 3166 country names; verify against ISO source for production use.,FIFA Member Associations. https://inside.fifa.com/associations,Current-form start years are simplified for project use; verify exact legal/COW tenure dates for research-grade historical modeling.
Romania,RO,ROU,current_iso3166_country_or_area,sovereign_state,1930,2026,Europe,Eastern Europe,UEFA,"Correlates of War Project. 2025. State System Membership, v2024. https://correlatesofwar.org/data-sets/state-system-membership/ | United Nations member states via OWID data page. https://ourworldindata.org/grapher/united-nations-membership-status",Country metadata: countryinfo package / ISO 3166 country names; verify against ISO source for production use.,FIFA Member Associations. https://inside.fifa.com/associations,Current-form start years are simplified for project use; verify exact legal/COW tenure dates for research-grade historical modeling.
Réunion,RE,REU,current_iso3166_country_or_area,dependent_territory_or_non_sovereign_fifa_entity,1930,2026,Africa,Eastern Africa,CAF,"Correlates of War Project. 2025. State System Membership, v2024. https://correlatesofwar.org/data-sets/state-system-membership/ | United Nations member states via OWID data page. https://ourworldindata.org/grapher/united-nations-membership-status",Country metadata: countryinfo package / ISO 3166 country names; verify against ISO source for production use.,FIFA Member Associations. https://inside.fifa.com/associations,Current-form start years are simplified for project use; verify exact legal/COW tenure dates for research-grade historical modeling.
Saint Barthélemy,BL,BLM,current_iso3166_country_or_area,dependent_territory_or_non_sovereign_fifa_entity,1930,2026,Americas,Caribbean,CONCACAF,"Correlates of War Project. 2025. State System Membership, v2024. https://correlatesofwar.org/data-sets/state-system-membership/ | United Nations member states via OWID data page. https://ourworldindata.org/grapher/united-nations-membership-status",Country metadata: countryinfo package / ISO 3166 country names; verify against ISO source for production use.,FIFA Member Associations. https://inside.fifa.com/associations,Current-form start years are simplified for project use; verify exact legal/COW tenure dates for research-grade historical modeling.
"Saint Helena, Ascension and Tristan da Cunha",SH,SHN,current_iso3166_country_or_area,dependent_territory_or_non_sovereign_fifa_entity,1930,2026,Africa,Western Africa,CAF,"Correlates of War Project. 2025. State System Membership, v2024. https://correlatesofwar.org/data-sets/state-system-membership/ | United Nations member states via OWID data page. https://ourworldindata.org/grapher/united-nations-membership-status",Country metadata: countryinfo package / ISO 3166 country names; verify against ISO source for production use.,FIFA Member Associations. https://inside.fifa.com/associations,Current-form start years are simplified for project use; verify exact legal/COW tenure dates for research-grade historical modeling.
Saint Martin (French part),MF,MAF,current_iso3166_country_or_area,dependent_territory_or_non_sovereign_fifa_entity,1930,2026,Americas,Caribbean,CONCACAF,"Correlates of War Project. 2025. State System Membership, v2024. https://correlatesofwar.org/data-sets/state-system-membership/ | United Nations member states via OWID data page. https://ourworldindata.org/grapher/united-nations-membership-status",Country metadata: countryinfo package / ISO 3166 country names; verify against ISO source for production use.,FIFA Member Associations. https://inside.fifa.com/associations,Current-form start years are simplified for project use; verify exact legal/COW tenure dates for research-grade historical modeling.
Saint Pierre and Miquelon,PM,SPM,current_iso3166_country_or_area,dependent_territory_or_non_sovereign_fifa_entity,1930,2026,Americas,Northern America,CONCACAF,"Correlates of War Project. 2025. State System Membership, v2024. https://correlatesofwar.org/data-sets/state-system-membership/ | United Nations member states via OWID data page. https://ourworldindata.org/grapher/united-nations-membership-status",Country metadata: countryinfo package / ISO 3166 country names; verify against ISO source for production use.,FIFA Member Associations. https://inside.fifa.com/associations,Current-form start years are simplified for project use; verify exact legal/COW tenure dates for research-grade historical modeling.
San Marino,SM,SMR,current_iso3166_country_or_area,sovereign_state,1930,2026,Europe,Southern Europe,UEFA,"Correlates of War Project. 2025. State System Membership, v2024. https://correlatesofwar.org/data-sets/state-system-membership/ | United Nations member states via OWID data page. https://ourworldindata.org/grapher/united-nations-membership-status",Country metadata: countryinfo package / ISO 3166 country names; verify against ISO source for production use.,FIFA Member Associations. https://inside.fifa.com/associations,Current-form start years are simplified for project use; verify exact legal/COW tenure dates for research-grade historical modeling.
Saudi Arabia,SA,SAU,current_iso3166_country_or_area,sovereign_state,1930,2026,Asia,Western Asia,AFC,"Correlates of War Project. 2025. State System Membership, v2024. https://correlatesofwar.org/data-sets/state-system-membership/ | United Nations member states via OWID data page. https://ourworldindata.org/grapher/united-nations-membership-status",Country metadata: countryinfo package / ISO 3166 country names; verify against ISO source for production use.,FIFA Member Associations. https://inside.fifa.com/associations,Current-form start years are simplified for project use; verify exact legal/COW tenure dates for research-grade historical modeling.
Scotland,GB,SCO,constituent_country_fifa_entity,constituent_country_fifa_entity,1930,2026,Europe,Northern Europe,UEFA,"Correlates of War Project. 2025. State System Membership, v2024. https://correlatesofwar.org/data-sets/state-system-membership/",Manual historical mapping for football dataset; verify for research use.,FIFA Member Associations. https://inside.fifa.com/associations,Manually added because historical football datasets often contain this entity.
Sint Maarten (Dutch part),SX,SXM,current_iso3166_country_or_area,dependent_territory_or_non_sovereign_fifa_entity,1930,2026,Americas,Caribbean,CONCACAF,"Correlates of War Project. 2025. State System Membership, v2024. https://correlatesofwar.org/data-sets/state-system-membership/ | United Nations member states via OWID data page. https://ourworldindata.org/grapher/united-nations-membership-status",Country metadata: countryinfo package / ISO 3166 country names; verify against ISO source for production use.,FIFA Member Associations. https://inside.fifa.com/associations,Current-form start years are simplified for project use; verify exact legal/COW tenure dates for research-grade historical modeling.
South Africa,ZA,ZAF,current_iso3166_country_or_area,sovereign_state,1930,2026,Africa,Southern Africa,CAF,"Correlates of War Project. 2025. State System Membership, v2024. https://correlatesofwar.org/data-sets/state-system-membership/ | United Nations member states via OWID data page. https://ourworldindata.org/grapher/united-nations-membership-status",Country metadata: countryinfo package / ISO 3166 country names; verify against ISO source for production use.,FIFA Member Associations. https://inside.fifa.com/associations,Current-form start years are simplified for project use; verify exact legal/COW tenure dates for research-grade historical modeling.
South Georgia and the South Sandwich Islands,GS,SGS,current_iso3166_country_or_area,dependent_territory_or_non_sovereign_fifa_entity,1930,2026,Americas,South America,CONMEBOL,"Correlates of War Project. 2025. State System Membership, v2024. https://correlatesofwar.org/data-sets/state-system-membership/ | United Nations member states via OWID data page. https://ourworldindata.org/grapher/united-nations-membership-status",Country metadata: countryinfo package / ISO 3166 country names; verify against ISO source for production use.,FIFA Member Associations. https://inside.fifa.com/associations,Current-form start years are simplified for project use; verify exact legal/COW tenure dates for research-grade historical modeling.
Soviet Union,SU,SUN,historic_state,historic_state,1930,1991,Europe,Eastern Europe,UEFA,"Correlates of War Project. 2025. State System Membership, v2024. https://correlatesofwar.org/data-sets/state-system-membership/",Manual historical mapping for football dataset; verify for research use.,FIFA Member Associations. https://inside.fifa.com/associations,Manually added because historical football datasets often contain this entity.
Spain,ES,ESP,current_iso3166_country_or_area,sovereign_state,1930,2026,Europe,Southern Europe,UEFA,"Correlates of War Project. 2025. State System Membership, v2024. https://correlatesofwar.org/data-sets/state-system-membership/ | United Nations member states via OWID data page. https://ourworldindata.org/grapher/united-nations-membership-status",Country metadata: countryinfo package / ISO 3166 country names; verify against ISO source for production use.,FIFA Member Associations. https://inside.fifa.com/associations,Current-form start years are simplified for project use; verify exact legal/COW tenure dates for research-grade historical modeling.
Svalbard and Jan Mayen,SJ,SJM,current_iso3166_country_or_area,dependent_territory_or_non_sovereign_fifa_entity,1930,2026,Europe,Northern Europe,UEFA,"Correlates of War Project. 2025. State System Membership, v2024. https://correlatesofwar.org/data-sets/state-system-membership/ | United Nations member states via OWID data page. https://ourworldindata.org/grapher/united-nations-membership-status",Country metadata: countryinfo package / ISO 3166 country names; verify against ISO source for production use.,FIFA Member Associations. https://inside.fifa.com/associations,Current-form start years are simplified for project use; verify exact legal/COW tenure dates for research-grade historical modeling.
Sweden,SE,SWE,current_iso3166_country_or_area,sovereign_state,1930,2026,Europe,Northern Europe,UEFA,"Correlates of War Project. 2025. State System Membership, v2024. https://correlatesofwar.org/data-sets/state-system-membership/ | United Nations member states via OWID data page. https://ourworldindata.org/grapher/united-nations-membership-status",Country metadata: countryinfo package / ISO 3166 country names; verify against ISO source for production use.,FIFA Member Associations. https://inside.fifa.com/associations,Current-form start years are simplified for project use; verify exact legal/COW tenure dates for research-grade historical modeling.
Switzerland,CH,CHE,current_iso3166_country_or_area,sovereign_state,1930,2026,Europe,Western Europe,UEFA,"Correlates of War Project. 2025. State System Membership, v2024. https://correlatesofwar.org/data-sets/state-system-membership/ | United Nations member states via OWID data page. https://ourworldindata.org/grapher/united-nations-membership-status",Country metadata: countryinfo package / ISO 3166 country names; verify against ISO source for production use.,FIFA Member Associations. https://inside.fifa.com/associations,Current-form start years are simplified for project use; verify exact legal/COW tenure dates for research-grade historical modeling.
"Taiwan, Province of China",TW,TWN,current_iso3166_country_or_area,de_facto_state_contested,1930,2026,Asia,Eastern Asia,AFC,"Correlates of War Project. 2025. State System Membership, v2024. https://correlatesofwar.org/data-sets/state-system-membership/ | United Nations member states via OWID data page. https://ourworldindata.org/grapher/united-nations-membership-status",Country metadata: countryinfo package / ISO 3166 country names; verify against ISO source for production use.,FIFA Member Associations. https://inside.fifa.com/associations,Current-form start years are simplified for project use; verify exact legal/COW tenure dates for research-grade historical modeling.
Thailand,TH,THA,current_iso3166_country_or_area,sovereign_state,1930,2026,Asia,South-Eastern Asia,AFC,"Correlates of War Project. 2025. State System Membership, v2024. https://correlatesofwar.org/data-sets/state-system-membership/ | United Nations member states via OWID data page. https://ourworldindata.org/grapher/united-nations-membership-status",Country metadata: countryinfo package / ISO 3166 country names; verify against ISO source for production use.,FIFA Member Associations. https://inside.fifa.com/associations,Current-form start years are simplified for project use; verify exact legal/COW tenure dates for research-grade historical modeling.
Tokelau,TK,TKL,current_iso3166_country_or_area,dependent_territory_or_non_sovereign_fifa_entity,1930,2026,Oceania,Polynesia,OFC,"Correlates of War Project. 2025. State System Membership, v2024. https://correlatesofwar.org/data-sets/state-system-membership/ | United Nations member states via OWID data page. https://ourworldindata.org/grapher/united-nations-membership-status",Country metadata: countryinfo package / ISO 3166 country names; verify against ISO source for production use.,FIFA Member Associations. https://inside.fifa.com/associations,Current-form start years are simplified for project use; verify exact legal/COW tenure dates for research-grade historical modeling.
Turks and Caicos Islands,TC,TCA,current_iso3166_country_or_area,dependent_territory_or_non_sovereign_fifa_entity,1930,2026,Americas,Caribbean,CONCACAF,"Correlates of War Project. 2025. State System Membership, v2024. https://correlatesofwar.org/data-sets/state-system-membership/ | United Nations member states via OWID data page. https://ourworldindata.org/grapher/united-nations-membership-status",Country metadata: countryinfo package / ISO 3166 country names; verify against ISO source for production use.,FIFA Member Associations. https://inside.fifa.com/associations,Current-form start years are simplified for project use; verify exact legal/COW tenure dates for research-grade historical modeling.
Türkiye,TR,TUR,current_iso3166_country_or_area,sovereign_state,1930,2026,Asia,Western Asia,AFC,"Correlates of War Project. 2025. State System Membership, v2024. https://correlatesofwar.org/data-sets/state-system-membership/ | United Nations member states via OWID data page. https://ourworldindata.org/grapher/united-nations-membership-status",Country metadata: countryinfo package / ISO 3166 country names; verify against ISO source for production use.,FIFA Member Associations. https://inside.fifa.com/associations,Current-form start years are simplified for project use; verify exact legal/COW tenure dates for research-grade historical modeling.
Uganda,UG,UGA,current_iso3166_country_or_area,sovereign_state,1930,2026,Africa,Eastern Africa,CAF,"Correlates of War Project. 2025. State System Membership, v2024. https://correlatesofwar.org/data-sets/state-system-membership/ | United Nations member states via OWID data page. https://ourworldindata.org/grapher/united-nations-membership-status",Country metadata: countryinfo package / ISO 3166 country names; verify against ISO source for production use.,FIFA Member Associations. https://inside.fifa.com/associations,Current-form start years are simplified for project use; verify exact legal/COW tenure dates for research-grade historical modeling.
United Kingdom,GB,GBR,current_iso3166_country_or_area,sovereign_state,1930,2026,Europe,Northern Europe,UEFA,"Correlates of War Project. 2025. State System Membership, v2024. https://correlatesofwar.org/data-sets/state-system-membership/ | United Nations member states via OWID data page. https://ourworldindata.org/grapher/united-nations-membership-status",Country metadata: countryinfo package / ISO 3166 country names; verify against ISO source for production use.,FIFA Member Associations. https://inside.fifa.com/associations,Current-form start years are simplified for project use; verify exact legal/COW tenure dates for research-grade historical modeling.
United States,US,USA,current_iso3166_country_or_area,sovereign_state,1930,2026,Americas,Northern America,CONCACAF,"Correlates of War Project. 2025. State System Membership, v2024. https://correlatesofwar.org/data-sets/state-system-membership/ | United Nations member states via OWID data page. https://ourworldindata.org/grapher/united-nations-membership-status",Country metadata: countryinfo package / ISO 3166 country names; verify against ISO source for production use.,FIFA Member Associations. https://inside.fifa.com/associations,Current-form start years are simplified for project use; verify exact legal/COW tenure dates for research-grade historical modeling.
United States Minor Outlying Islands,UM,UMI,current_iso3166_country_or_area,dependent_territory_or_non_sovereign_fifa_entity,1930,2026,Oceania,Micronesia,Unknown,"Correlates of War Project. 2025. State System Membership, v2024. https://correlatesofwar.org/data-sets/state-system-membership/ | United Nations member states via OWID data page. https://ourworldindata.org/grapher/united-nations-membership-status",Country metadata: countryinfo package / ISO 3166 country names; verify against ISO source for production use.,FIFA Member Associations. https://inside.fifa.com/associations,Current-form start years are simplified for project use; verify exact legal/COW tenure dates for research-grade historical modeling.
Uruguay,UY,URY,current_iso3166_country_or_area,sovereign_state,1930,2026,Americas,South America,CONMEBOL,"Correlates of War Project. 2025. State System Membership, v2024. https://correlatesofwar.org/data-sets/state-system-membership/ | United Nations member states via OWID data page. https://ourworldindata.org/grapher/united-nations-membership-status",Country metadata: countryinfo package / ISO 3166 country names; verify against ISO source for production use.,FIFA Member Associations. https://inside.fifa.com/associations,Current-form start years are simplified for project use; verify exact legal/COW tenure dates for research-grade historical modeling.
"Venezuela, Bolivarian Republic of",VE,VEN,current_iso3166_country_or_area,sovereign_state,1930,2026,Americas,South America,CONMEBOL,"Correlates of War Project. 2025. State System Membership, v2024. https://correlatesofwar.org/data-sets/state-system-membership/ | United Nations member states via OWID data page. https://ourworldindata.org/grapher/united-nations-membership-status",Country metadata: countryinfo package / ISO 3166 country names; verify against ISO source for production use.,FIFA Member Associations. https://inside.fifa.com/associations,Current-form start years are simplified for project use; verify exact legal/COW tenure dates for research-grade historical modeling.
"Virgin Islands, British",VG,VGB,current_iso3166_country_or_area,dependent_territory_or_non_sovereign_fifa_entity,1930,2026,Americas,Caribbean,CONCACAF,"Correlates of War Project. 2025. State System Membership, v2024. https://correlatesofwar.org/data-sets/state-system-membership/ | United Nations member states via OWID data page. https://ourworldindata.org/grapher/united-nations-membership-status",Country metadata: countryinfo package / ISO 3166 country names; verify against ISO source for production use.,FIFA Member Associations. https://inside.fifa.com/associations,Current-form start years are simplified for project use; verify exact legal/COW tenure dates for research-grade historical modeling.
"Virgin Islands, U.S.",VI,VIR,current_iso3166_country_or_area,dependent_territory_or_non_sovereign_fifa_entity,1930,2026,Americas,Caribbean,CONCACAF,"Correlates of War Project. 2025. State System Membership, v2024. https://correlatesofwar.org/data-sets/state-system-membership/ | United Nations member states via OWID data page. https://ourworldindata.org/grapher/united-nations-membership-status",Country metadata: countryinfo package / ISO 3166 country names; verify against ISO source for production use.,FIFA Member Associations. https://inside.fifa.com/associations,Current-form start years are simplified for project use; verify exact legal/COW tenure dates for research-grade historical modeling.
Wales,GB,WAL,constituent_country_fifa_entity,constituent_country_fifa_entity,1930,2026,Europe,Northern Europe,UEFA,"Correlates of War Project. 2025. State System Membership, v2024. https://correlatesofwar.org/data-sets/state-system-membership/",Manual historical mapping for football dataset; verify for research use.,FIFA Member Associations. https://inside.fifa.com/associations,Manually added because historical football datasets often contain this entity.
Wallis and Futuna,WF,WLF,current_iso3166_country_or_area,dependent_territory_or_non_sovereign_fifa_entity,1930,2026,Oceania,Polynesia,OFC,"Correlates of War Project. 2025. State System Membership, v2024. https://correlatesofwar.org/data-sets/state-system-membership/ | United Nations member states via OWID data page. https://ourworldindata.org/grapher/united-nations-membership-status",Country metadata: countryinfo package / ISO 3166 country names; verify against ISO source for production use.,FIFA Member Associations. https://inside.fifa.com/associations,Current-form start years are simplified for project use; verify exact legal/COW tenure dates for research-grade historical modeling.
Western Sahara,EH,ESH,current_iso3166_country_or_area,dependent_territory_or_non_sovereign_fifa_entity,1930,2026,Africa,Northern Africa,CAF,"Correlates of War Project. 2025. State System Membership, v2024. https://correlatesofwar.org/data-sets/state-system-membership/ | United Nations member states via OWID data page. https://ourworldindata.org/grapher/united-nations-membership-status",Country metadata: countryinfo package / ISO 3166 country names; verify against ISO source for production use.,FIFA Member Associations. https://inside.fifa.com/associations,Current-form start years are simplified for project use; verify exact legal/COW tenure dates for research-grade historical modeling.
Yugoslavia,YU,YUG,historic_state,historic_state,1930,1992,Europe,Southern Europe,UEFA,"Correlates of War Project. 2025. State System Membership, v2024. https://correlatesofwar.org/data-sets/state-system-membership/",Manual historical mapping for football dataset; verify for research use.,FIFA Member Associations. https://inside.fifa.com/associations,Manually added because historical football datasets often contain this entity.
Åland Islands,AX,ALA,current_iso3166_country_or_area,dependent_territory_or_non_sovereign_fifa_entity,1930,2026,Europe,Northern Europe,Unknown,"Correlates of War Project. 2025. State System Membership, v2024. https://correlatesofwar.org/data-sets/state-system-membership/ | United Nations member states via OWID data page. https://ourworldindata.org/grapher/united-nations-membership-status",Country metadata: countryinfo package / ISO 3166 country names; verify against ISO source for production use.,FIFA Member Associations. https://inside.fifa.com/associations,Current-form start years are simplified for project use; verify exact legal/COW tenure dates for research-grade historical modeling.
Lebanon,LB,LBN,current_iso3166_country_or_area,sovereign_state,1943,2026,Asia,Western Asia,AFC,"Correlates of War Project. 2025. State System Membership, v2024. https://correlatesofwar.org/data-sets/state-system-membership/ | United Nations member states via OWID data page. https://ourworldindata.org/grapher/united-nations-membership-status",Country metadata: countryinfo package / ISO 3166 country names; verify against ISO source for production use.,FIFA Member Associations. https://inside.fifa.com/associations,Current-form start years are simplified for project use; verify exact legal/COW tenure dates for research-grade historical modeling.
Syrian Arab Republic,SY,SYR,current_iso3166_country_or_area,sovereign_state,1946,2026,Asia,Western Asia,AFC,"Correlates of War Project. 2025. State System Membership, v2024. https://correlatesofwar.org/data-sets/state-system-membership/ | United Nations member states via OWID data page. https://ourworldindata.org/grapher/united-nations-membership-status",Country metadata: countryinfo package / ISO 3166 country names; verify against ISO source for production use.,FIFA Member Associations. https://inside.fifa.com/associations,Current-form start years are simplified for project use; verify exact legal/COW tenure dates for research-grade historical modeling.
India,IN,IND,current_iso3166_country_or_area,sovereign_state,1947,2026,Asia,Southern Asia,AFC,"Correlates of War Project. 2025. State System Membership, v2024. https://correlatesofwar.org/data-sets/state-system-membership/ | United Nations member states via OWID data page. https://ourworldindata.org/grapher/united-nations-membership-status",Country metadata: countryinfo package / ISO 3166 country names; verify against ISO source for production use.,FIFA Member Associations. https://inside.fifa.com/associations,Current-form start years are simplified for project use; verify exact legal/COW tenure dates for research-grade historical modeling.
Pakistan,PK,PAK,current_iso3166_country_or_area,sovereign_state,1947,2026,Asia,Southern Asia,AFC,"Correlates of War Project. 2025. State System Membership, v2024. https://correlatesofwar.org/data-sets/state-system-membership/ | United Nations member states via OWID data page. https://ourworldindata.org/grapher/united-nations-membership-status",Country metadata: countryinfo package / ISO 3166 country names; verify against ISO source for production use.,FIFA Member Associations. https://inside.fifa.com/associations,Current-form start years are simplified for project use; verify exact legal/COW tenure dates for research-grade historical modeling.
Israel,IL,ISR,current_iso3166_country_or_area,sovereign_state,1948,2026,Asia,Western Asia,UEFA,"Correlates of War Project. 2025. State System Membership, v2024. https://correlatesofwar.org/data-sets/state-system-membership/ | United Nations member states via OWID data page. https://ourworldindata.org/grapher/united-nations-membership-status",Country metadata: countryinfo package / ISO 3166 country names; verify against ISO source for production use.,FIFA Member Associations. https://inside.fifa.com/associations,Current-form start years are simplified for project use; verify exact legal/COW tenure dates for research-grade historical modeling.
Myanmar,MM,MMR,current_iso3166_country_or_area,sovereign_state,1948,2026,Asia,South-Eastern Asia,AFC,"Correlates of War Project. 2025. State System Membership, v2024. https://correlatesofwar.org/data-sets/state-system-membership/ | United Nations member states via OWID data page. https://ourworldindata.org/grapher/united-nations-membership-status",Country metadata: countryinfo package / ISO 3166 country names; verify against ISO source for production use.,FIFA Member Associations. https://inside.fifa.com/associations,Current-form start years are simplified for project use; verify exact legal/COW tenure dates for research-grade historical modeling.
Sri Lanka,LK,LKA,current_iso3166_country_or_area,sovereign_state,1948,2026,Asia,Southern Asia,AFC,"Correlates of War Project. 2025. State System Membership, v2024. https://correlatesofwar.org/data-sets/state-system-membership/ | United Nations member states via OWID data page. https://ourworldindata.org/grapher/united-nations-membership-status",Country metadata: countryinfo package / ISO 3166 country names; verify against ISO source for production use.,FIFA Member Associations. https://inside.fifa.com/associations,Current-form start years are simplified for project use; verify exact legal/COW tenure dates for research-grade historical modeling.
East Germany,DD,DDR,historic_state,historic_state,1949,1990,Europe,Western Europe,UEFA,"Correlates of War Project. 2025. State System Membership, v2024. https://correlatesofwar.org/data-sets/state-system-membership/",Manual historical mapping for football dataset; verify for research use.,FIFA Member Associations. https://inside.fifa.com/associations,Manually added because historical football datasets often contain this entity.
Indonesia,ID,IDN,current_iso3166_country_or_area,sovereign_state,1949,2026,Asia,South-Eastern Asia,AFC,"Correlates of War Project. 2025. State System Membership, v2024. https://correlatesofwar.org/data-sets/state-system-membership/ | United Nations member states via OWID data page. https://ourworldindata.org/grapher/united-nations-membership-status",Country metadata: countryinfo package / ISO 3166 country names; verify against ISO source for production use.,FIFA Member Associations. https://inside.fifa.com/associations,Current-form start years are simplified for project use; verify exact legal/COW tenure dates for research-grade historical modeling.
West Germany,DE,DEU_FRG,historic_state,historic_state,1949,1990,Europe,Western Europe,UEFA,"Correlates of War Project. 2025. State System Membership, v2024. https://correlatesofwar.org/data-sets/state-system-membership/",Manual historical mapping for football dataset; verify for research use.,FIFA Member Associations. https://inside.fifa.com/associations,Manually added because historical football datasets often contain this entity.
Saar,SA,SAA,historic_football_entity,historic_football_entity,1950,1956,Europe,Western Europe,UEFA,"Correlates of War Project. 2025. State System Membership, v2024. https://correlatesofwar.org/data-sets/state-system-membership/",Manual historical mapping for football dataset; verify for research use.,FIFA Member Associations. https://inside.fifa.com/associations,Manually added because historical football datasets often contain this entity.
Libya,LY,LBY,current_iso3166_country_or_area,sovereign_state,1951,2026,Africa,Northern Africa,CAF,"Correlates of War Project. 2025. State System Membership, v2024. https://correlatesofwar.org/data-sets/state-system-membership/ | United Nations member states via OWID data page. https://ourworldindata.org/grapher/united-nations-membership-status",Country metadata: countryinfo package / ISO 3166 country names; verify against ISO source for production use.,FIFA Member Associations. https://inside.fifa.com/associations,Current-form start years are simplified for project use; verify exact legal/COW tenure dates for research-grade historical modeling.
Cambodia,KH,KHM,current_iso3166_country_or_area,sovereign_state,1953,2026,Asia,South-Eastern Asia,AFC,"Correlates of War Project. 2025. State System Membership, v2024. https://correlatesofwar.org/data-sets/state-system-membership/ | United Nations member states via OWID data page. https://ourworldindata.org/grapher/united-nations-membership-status",Country metadata: countryinfo package / ISO 3166 country names; verify against ISO source for production use.,FIFA Member Associations. https://inside.fifa.com/associations,Current-form start years are simplified for project use; verify exact legal/COW tenure dates for research-grade historical modeling.
Lao People's Democratic Republic,LA,LAO,current_iso3166_country_or_area,sovereign_state,1953,2026,Asia,South-Eastern Asia,AFC,"Correlates of War Project. 2025. State System Membership, v2024. https://correlatesofwar.org/data-sets/state-system-membership/ | United Nations member states via OWID data page. https://ourworldindata.org/grapher/united-nations-membership-status",Country metadata: countryinfo package / ISO 3166 country names; verify against ISO source for production use.,FIFA Member Associations. https://inside.fifa.com/associations,Current-form start years are simplified for project use; verify exact legal/COW tenure dates for research-grade historical modeling.
North Vietnam,VN,VDR,historic_state,historic_state,1954,1976,Asia,South-Eastern Asia,AFC,"Correlates of War Project. 2025. State System Membership, v2024. https://correlatesofwar.org/data-sets/state-system-membership/",Manual historical mapping for football dataset; verify for research use.,FIFA Member Associations. https://inside.fifa.com/associations,Manually added because historical football datasets often contain this entity.
South Vietnam,VN,VSO,historic_state,historic_state,1955,1975,Asia,South-Eastern Asia,AFC,"Correlates of War Project. 2025. State System Membership, v2024. https://correlatesofwar.org/data-sets/state-system-membership/",Manual historical mapping for football dataset; verify for research use.,FIFA Member Associations. https://inside.fifa.com/associations,Manually added because historical football datasets often contain this entity.
Morocco,MA,MAR,current_iso3166_country_or_area,sovereign_state,1956,2026,Africa,Northern Africa,CAF,"Correlates of War Project. 2025. State System Membership, v2024. https://correlatesofwar.org/data-sets/state-system-membership/ | United Nations member states via OWID data page. https://ourworldindata.org/grapher/united-nations-membership-status",Country metadata: countryinfo package / ISO 3166 country names; verify against ISO source for production use.,FIFA Member Associations. https://inside.fifa.com/associations,Current-form start years are simplified for project use; verify exact legal/COW tenure dates for research-grade historical modeling.
Sudan,SD,SDN,current_iso3166_country_or_area,sovereign_state,1956,2026,Africa,Northern Africa,CAF,"Correlates of War Project. 2025. State System Membership, v2024. https://correlatesofwar.org/data-sets/state-system-membership/ | United Nations member states via OWID data page. https://ourworldindata.org/grapher/united-nations-membership-status",Country metadata: countryinfo package / ISO 3166 country names; verify against ISO source for production use.,FIFA Member Associations. https://inside.fifa.com/associations,Current-form start years are simplified for project use; verify exact legal/COW tenure dates for research-grade historical modeling.
Tunisia,TN,TUN,current_iso3166_country_or_area,sovereign_state,1956,2026,Africa,Northern Africa,CAF,"Correlates of War Project. 2025. State System Membership, v2024. https://correlatesofwar.org/data-sets/state-system-membership/ | United Nations member states via OWID data page. https://ourworldindata.org/grapher/united-nations-membership-status",Country metadata: countryinfo package / ISO 3166 country names; verify against ISO source for production use.,FIFA Member Associations. https://inside.fifa.com/associations,Current-form start years are simplified for project use; verify exact legal/COW tenure dates for research-grade historical modeling.
Ghana,GH,GHA,current_iso3166_country_or_area,sovereign_state,1957,2026,Africa,Western Africa,CAF,"Correlates of War Project. 2025. State System Membership, v2024. https://correlatesofwar.org/data-sets/state-system-membership/ | United Nations member states via OWID data page. https://ourworldindata.org/grapher/united-nations-membership-status",Country metadata: countryinfo package / ISO 3166 country names; verify against ISO source for production use.,FIFA Member Associations. https://inside.fifa.com/associations,Current-form start years are simplified for project use; verify exact legal/COW tenure dates for research-grade historical modeling.
Malaysia,MY,MYS,current_iso3166_country_or_area,sovereign_state,1957,2026,Asia,South-Eastern Asia,AFC,"Correlates of War Project. 2025. State System Membership, v2024. https://correlatesofwar.org/data-sets/state-system-membership/ | United Nations member states via OWID data page. https://ourworldindata.org/grapher/united-nations-membership-status",Country metadata: countryinfo package / ISO 3166 country names; verify against ISO source for production use.,FIFA Member Associations. https://inside.fifa.com/associations,Current-form start years are simplified for project use; verify exact legal/COW tenure dates for research-grade historical modeling.
Guinea,GN,GIN,current_iso3166_country_or_area,sovereign_state,1958,2026,Africa,Western Africa,CAF,"Correlates of War Project. 2025. State System Membership, v2024. https://correlatesofwar.org/data-sets/state-system-membership/ | United Nations member states via OWID data page. https://ourworldindata.org/grapher/united-nations-membership-status",Country metadata: countryinfo package / ISO 3166 country names; verify against ISO source for production use.,FIFA Member Associations. https://inside.fifa.com/associations,Current-form start years are simplified for project use; verify exact legal/COW tenure dates for research-grade historical modeling.
Benin,BJ,BEN,current_iso3166_country_or_area,sovereign_state,1960,2026,Africa,Western Africa,CAF,"Correlates of War Project. 2025. State System Membership, v2024. https://correlatesofwar.org/data-sets/state-system-membership/ | United Nations member states via OWID data page. https://ourworldindata.org/grapher/united-nations-membership-status",Country metadata: countryinfo package / ISO 3166 country names; verify against ISO source for production use.,FIFA Member Associations. https://inside.fifa.com/associations,Current-form start years are simplified for project use; verify exact legal/COW tenure dates for research-grade historical modeling.
Burkina Faso,BF,BFA,current_iso3166_country_or_area,sovereign_state,1960,2026,Africa,Western Africa,CAF,"Correlates of War Project. 2025. State System Membership, v2024. https://correlatesofwar.org/data-sets/state-system-membership/ | United Nations member states via OWID data page. https://ourworldindata.org/grapher/united-nations-membership-status",Country metadata: countryinfo package / ISO 3166 country names; verify against ISO source for production use.,FIFA Member Associations. https://inside.fifa.com/associations,Current-form start years are simplified for project use; verify exact legal/COW tenure dates for research-grade historical modeling.
Cameroon,CM,CMR,current_iso3166_country_or_area,sovereign_state,1960,2026,Africa,Middle Africa,CAF,"Correlates of War Project. 2025. State System Membership, v2024. https://correlatesofwar.org/data-sets/state-system-membership/ | United Nations member states via OWID data page. https://ourworldindata.org/grapher/united-nations-membership-status",Country metadata: countryinfo package / ISO 3166 country names; verify against ISO source for production use.,FIFA Member Associations. https://inside.fifa.com/associations,Current-form start years are simplified for project use; verify exact legal/COW tenure dates for research-grade historical modeling.
Central African Republic,CF,CAF,current_iso3166_country_or_area,sovereign_state,1960,2026,Africa,Middle Africa,CAF,"Correlates of War Project. 2025. State System Membership, v2024. https://correlatesofwar.org/data-sets/state-system-membership/ | United Nations member states via OWID data page. https://ourworldindata.org/grapher/united-nations-membership-status",Country metadata: countryinfo package / ISO 3166 country names; verify against ISO source for production use.,FIFA Member Associations. https://inside.fifa.com/associations,Current-form start years are simplified for project use; verify exact legal/COW tenure dates for research-grade historical modeling.
Chad,TD,TCD,current_iso3166_country_or_area,sovereign_state,1960,2026,Africa,Middle Africa,CAF,"Correlates of War Project. 2025. State System Membership, v2024. https://correlatesofwar.org/data-sets/state-system-membership/ | United Nations member states via OWID data page. https://ourworldindata.org/grapher/united-nations-membership-status",Country metadata: countryinfo package / ISO 3166 country names; verify against ISO source for production use.,FIFA Member Associations. https://inside.fifa.com/associations,Current-form start years are simplified for project use; verify exact legal/COW tenure dates for research-grade historical modeling.
Congo,CG,COG,current_iso3166_country_or_area,sovereign_state,1960,2026,Africa,Middle Africa,CAF,"Correlates of War Project. 2025. State System Membership, v2024. https://correlatesofwar.org/data-sets/state-system-membership/ | United Nations member states via OWID data page. https://ourworldindata.org/grapher/united-nations-membership-status",Country metadata: countryinfo package / ISO 3166 country names; verify against ISO source for production use.,FIFA Member Associations. https://inside.fifa.com/associations,Current-form start years are simplified for project use; verify exact legal/COW tenure dates for research-grade historical modeling.
"Congo, The Democratic Republic of the",CD,COD,current_iso3166_country_or_area,sovereign_state,1960,2026,Africa,Middle Africa,CAF,"Correlates of War Project. 2025. State System Membership, v2024. https://correlatesofwar.org/data-sets/state-system-membership/ | United Nations member states via OWID data page. https://ourworldindata.org/grapher/united-nations-membership-status",Country metadata: countryinfo package / ISO 3166 country names; verify against ISO source for production use.,FIFA Member Associations. https://inside.fifa.com/associations,Current-form start years are simplified for project use; verify exact legal/COW tenure dates for research-grade historical modeling.
Cyprus,CY,CYP,current_iso3166_country_or_area,sovereign_state,1960,2026,Europe,Southern Europe,UEFA,"Correlates of War Project. 2025. State System Membership, v2024. https://correlatesofwar.org/data-sets/state-system-membership/ | United Nations member states via OWID data page. https://ourworldindata.org/grapher/united-nations-membership-status",Country metadata: countryinfo package / ISO 3166 country names; verify against ISO source for production use.,FIFA Member Associations. https://inside.fifa.com/associations,Current-form start years are simplified for project use; verify exact legal/COW tenure dates for research-grade historical modeling.
Côte d'Ivoire,CI,CIV,current_iso3166_country_or_area,sovereign_state,1960,2026,Africa,Western Africa,CAF,"Correlates of War Project. 2025. State System Membership, v2024. https://correlatesofwar.org/data-sets/state-system-membership/ | United Nations member states via OWID data page. https://ourworldindata.org/grapher/united-nations-membership-status",Country metadata: countryinfo package / ISO 3166 country names; verify against ISO source for production use.,FIFA Member Associations. https://inside.fifa.com/associations,Current-form start years are simplified for project use; verify exact legal/COW tenure dates for research-grade historical modeling.
Gabon,GA,GAB,current_iso3166_country_or_area,sovereign_state,1960,2026,Africa,Middle Africa,CAF,"Correlates of War Project. 2025. State System Membership, v2024. https://correlatesofwar.org/data-sets/state-system-membership/ | United Nations member states via OWID data page. https://ourworldindata.org/grapher/united-nations-membership-status",Country metadata: countryinfo package / ISO 3166 country names; verify against ISO source for production use.,FIFA Member Associations. https://inside.fifa.com/associations,Current-form start years are simplified for project use; verify exact legal/COW tenure dates for research-grade historical modeling.
Madagascar,MG,MDG,current_iso3166_country_or_area,sovereign_state,1960,2026,Africa,Eastern Africa,CAF,"Correlates of War Project. 2025. State System Membership, v2024. https://correlatesofwar.org/data-sets/state-system-membership/ | United Nations member states via OWID data page. https://ourworldindata.org/grapher/united-nations-membership-status",Country metadata: countryinfo package / ISO 3166 country names; verify against ISO source for production use.,FIFA Member Associations. https://inside.fifa.com/associations,Current-form start years are simplified for project use; verify exact legal/COW tenure dates for research-grade historical modeling.
Mali,ML,MLI,current_iso3166_country_or_area,sovereign_state,1960,2026,Africa,Western Africa,CAF,"Correlates of War Project. 2025. State System Membership, v2024. https://correlatesofwar.org/data-sets/state-system-membership/ | United Nations member states via OWID data page. https://ourworldindata.org/grapher/united-nations-membership-status",Country metadata: countryinfo package / ISO 3166 country names; verify against ISO source for production use.,FIFA Member Associations. https://inside.fifa.com/associations,Current-form start years are simplified for project use; verify exact legal/COW tenure dates for research-grade historical modeling.
Mauritania,MR,MRT,current_iso3166_country_or_area,sovereign_state,1960,2026,Africa,Western Africa,CAF,"Correlates of War Project. 2025. State System Membership, v2024. https://correlatesofwar.org/data-sets/state-system-membership/ | United Nations member states via OWID data page. https://ourworldindata.org/grapher/united-nations-membership-status",Country metadata: countryinfo package / ISO 3166 country names; verify against ISO source for production use.,FIFA Member Associations. https://inside.fifa.com/associations,Current-form start years are simplified for project use; verify exact legal/COW tenure dates for research-grade historical modeling.
Senegal,SN,SEN,current_iso3166_country_or_area,sovereign_state,1960,2026,Africa,Western Africa,CAF,"Correlates of War Project. 2025. State System Membership, v2024. https://correlatesofwar.org/data-sets/state-system-membership/ | United Nations member states via OWID data page. https://ourworldindata.org/grapher/united-nations-membership-status",Country metadata: countryinfo package / ISO 3166 country names; verify against ISO source for production use.,FIFA Member Associations. https://inside.fifa.com/associations,Current-form start years are simplified for project use; verify exact legal/COW tenure dates for research-grade historical modeling.
Somalia,SO,SOM,current_iso3166_country_or_area,sovereign_state,1960,2026,Africa,Eastern Africa,CAF,"Correlates of War Project. 2025. State System Membership, v2024. https://correlatesofwar.org/data-sets/state-system-membership/ | United Nations member states via OWID data page. https://ourworldindata.org/grapher/united-nations-membership-status",Country metadata: countryinfo package / ISO 3166 country names; verify against ISO source for production use.,FIFA Member Associations. https://inside.fifa.com/associations,Current-form start years are simplified for project use; verify exact legal/COW tenure dates for research-grade historical modeling.
Togo,TG,TGO,current_iso3166_country_or_area,sovereign_state,1960,2026,Africa,Western Africa,CAF,"Correlates of War Project. 2025. State System Membership, v2024. https://correlatesofwar.org/data-sets/state-system-membership/ | United Nations member states via OWID data page. https://ourworldindata.org/grapher/united-nations-membership-status",Country metadata: countryinfo package / ISO 3166 country names; verify against ISO source for production use.,FIFA Member Associations. https://inside.fifa.com/associations,Current-form start years are simplified for project use; verify exact legal/COW tenure dates for research-grade historical modeling.
Kuwait,KW,KWT,current_iso3166_country_or_area,sovereign_state,1961,2026,Asia,Western Asia,AFC,"Correlates of War Project. 2025. State System Membership, v2024. https://correlatesofwar.org/data-sets/state-system-membership/ | United Nations member states via OWID data page. https://ourworldindata.org/grapher/united-nations-membership-status",Country metadata: countryinfo package / ISO 3166 country names; verify against ISO source for production use.,FIFA Member Associations. https://inside.fifa.com/associations,Current-form start years are simplified for project use; verify exact legal/COW tenure dates for research-grade historical modeling.
Sierra Leone,SL,SLE,current_iso3166_country_or_area,sovereign_state,1961,2026,Africa,Western Africa,CAF,"Correlates of War Project. 2025. State System Membership, v2024. https://correlatesofwar.org/data-sets/state-system-membership/ | United Nations member states via OWID data page. https://ourworldindata.org/grapher/united-nations-membership-status",Country metadata: countryinfo package / ISO 3166 country names; verify against ISO source for production use.,FIFA Member Associations. https://inside.fifa.com/associations,Current-form start years are simplified for project use; verify exact legal/COW tenure dates for research-grade historical modeling.
Tanganyika,TZ,TGA,historic_state,historic_state,1961,1964,Africa,Eastern Africa,CAF,"Correlates of War Project. 2025. State System Membership, v2024. https://correlatesofwar.org/data-sets/state-system-membership/",Manual historical mapping for football dataset; verify for research use.,FIFA Member Associations. https://inside.fifa.com/associations,Manually added because historical football datasets often contain this entity.
"Tanzania, United Republic of",TZ,TZA,current_iso3166_country_or_area,sovereign_state,1961,2026,Africa,Eastern Africa,CAF,"Correlates of War Project. 2025. State System Membership, v2024. https://correlatesofwar.org/data-sets/state-system-membership/ | United Nations member states via OWID data page. https://ourworldindata.org/grapher/united-nations-membership-status",Country metadata: countryinfo package / ISO 3166 country names; verify against ISO source for production use.,FIFA Member Associations. https://inside.fifa.com/associations,Current-form start years are simplified for project use; verify exact legal/COW tenure dates for research-grade historical modeling.
Algeria,DZ,DZA,current_iso3166_country_or_area,sovereign_state,1962,2026,Africa,Northern Africa,CAF,"Correlates of War Project. 2025. State System Membership, v2024. https://correlatesofwar.org/data-sets/state-system-membership/ | United Nations member states via OWID data page. https://ourworldindata.org/grapher/united-nations-membership-status",Country metadata: countryinfo package / ISO 3166 country names; verify against ISO source for production use.,FIFA Member Associations. https://inside.fifa.com/associations,Current-form start years are simplified for project use; verify exact legal/COW tenure dates for research-grade historical modeling.
Burundi,BI,BDI,current_iso3166_country_or_area,sovereign_state,1962,2026,Africa,Eastern Africa,CAF,"Correlates of War Project. 2025. State System Membership, v2024. https://correlatesofwar.org/data-sets/state-system-membership/ | United Nations member states via OWID data page. https://ourworldindata.org/grapher/united-nations-membership-status",Country metadata: countryinfo package / ISO 3166 country names; verify against ISO source for production use.,FIFA Member Associations. https://inside.fifa.com/associations,Current-form start years are simplified for project use; verify exact legal/COW tenure dates for research-grade historical modeling.
Jamaica,JM,JAM,current_iso3166_country_or_area,sovereign_state,1962,2026,Americas,Caribbean,CONCACAF,"Correlates of War Project. 2025. State System Membership, v2024. https://correlatesofwar.org/data-sets/state-system-membership/ | United Nations member states via OWID data page. https://ourworldindata.org/grapher/united-nations-membership-status",Country metadata: countryinfo package / ISO 3166 country names; verify against ISO source for production use.,FIFA Member Associations. https://inside.fifa.com/associations,Current-form start years are simplified for project use; verify exact legal/COW tenure dates for research-grade historical modeling.
Rwanda,RW,RWA,current_iso3166_country_or_area,sovereign_state,1962,2026,Africa,Eastern Africa,CAF,"Correlates of War Project. 2025. State System Membership, v2024. https://correlatesofwar.org/data-sets/state-system-membership/ | United Nations member states via OWID data page. https://ourworldindata.org/grapher/united-nations-membership-status",Country metadata: countryinfo package / ISO 3166 country names; verify against ISO source for production use.,FIFA Member Associations. https://inside.fifa.com/associations,Current-form start years are simplified for project use; verify exact legal/COW tenure dates for research-grade historical modeling.
Samoa,WS,WSM,current_iso3166_country_or_area,sovereign_state,1962,2026,Oceania,Polynesia,OFC,"Correlates of War Project. 2025. State System Membership, v2024. https://correlatesofwar.org/data-sets/state-system-membership/ | United Nations member states via OWID data page. https://ourworldindata.org/grapher/united-nations-membership-status",Country metadata: countryinfo package / ISO 3166 country names; verify against ISO source for production use.,FIFA Member Associations. https://inside.fifa.com/associations,Current-form start years are simplified for project use; verify exact legal/COW tenure dates for research-grade historical modeling.
Trinidad and Tobago,TT,TTO,current_iso3166_country_or_area,sovereign_state,1962,2026,Americas,Caribbean,CONCACAF,"Correlates of War Project. 2025. State System Membership, v2024. https://correlatesofwar.org/data-sets/state-system-membership/ | United Nations member states via OWID data page. https://ourworldindata.org/grapher/united-nations-membership-status",Country metadata: countryinfo package / ISO 3166 country names; verify against ISO source for production use.,FIFA Member Associations. https://inside.fifa.com/associations,Current-form start years are simplified for project use; verify exact legal/COW tenure dates for research-grade historical modeling.
Kenya,KE,KEN,current_iso3166_country_or_area,sovereign_state,1963,2026,Africa,Eastern Africa,CAF,"Correlates of War Project. 2025. State System Membership, v2024. https://correlatesofwar.org/data-sets/state-system-membership/ | United Nations member states via OWID data page. https://ourworldindata.org/grapher/united-nations-membership-status",Country metadata: countryinfo package / ISO 3166 country names; verify against ISO source for production use.,FIFA Member Associations. https://inside.fifa.com/associations,Current-form start years are simplified for project use; verify exact legal/COW tenure dates for research-grade historical modeling.
Zanzibar,TZ,ZAN,historic_state,historic_state,1963,1964,Africa,Eastern Africa,CAF,"Correlates of War Project. 2025. State System Membership, v2024. https://correlatesofwar.org/data-sets/state-system-membership/",Manual historical mapping for football dataset; verify for research use.,FIFA Member Associations. https://inside.fifa.com/associations,Manually added because historical football datasets often contain this entity.
Malawi,MW,MWI,current_iso3166_country_or_area,sovereign_state,1964,2026,Africa,Eastern Africa,CAF,"Correlates of War Project. 2025. State System Membership, v2024. https://correlatesofwar.org/data-sets/state-system-membership/ | United Nations member states via OWID data page. https://ourworldindata.org/grapher/united-nations-membership-status",Country metadata: countryinfo package / ISO 3166 country names; verify against ISO source for production use.,FIFA Member Associations. https://inside.fifa.com/associations,Current-form start years are simplified for project use; verify exact legal/COW tenure dates for research-grade historical modeling.
Malta,MT,MLT,current_iso3166_country_or_area,sovereign_state,1964,2026,Europe,Southern Europe,UEFA,"Correlates of War Project. 2025. State System Membership, v2024. https://correlatesofwar.org/data-sets/state-system-membership/ | United Nations member states via OWID data page. https://ourworldindata.org/grapher/united-nations-membership-status",Country metadata: countryinfo package / ISO 3166 country names; verify against ISO source for production use.,FIFA Member Associations. https://inside.fifa.com/associations,Current-form start years are simplified for project use; verify exact legal/COW tenure dates for research-grade historical modeling.
Zambia,ZM,ZMB,current_iso3166_country_or_area,sovereign_state,1964,2026,Africa,Eastern Africa,CAF,"Correlates of War Project. 2025. State System Membership, v2024. https://correlatesofwar.org/data-sets/state-system-membership/ | United Nations member states via OWID data page. https://ourworldindata.org/grapher/united-nations-membership-status",Country metadata: countryinfo package / ISO 3166 country names; verify against ISO source for production use.,FIFA Member Associations. https://inside.fifa.com/associations,Current-form start years are simplified for project use; verify exact legal/COW tenure dates for research-grade historical modeling.
Gambia,GM,GMB,current_iso3166_country_or_area,sovereign_state,1965,2026,Africa,Western Africa,CAF,"Correlates of War Project. 2025. State System Membership, v2024. https://correlatesofwar.org/data-sets/state-system-membership/ | United Nations member states via OWID data page. https://ourworldindata.org/grapher/united-nations-membership-status",Country metadata: countryinfo package / ISO 3166 country names; verify against ISO source for production use.,FIFA Member Associations. https://inside.fifa.com/associations,Current-form start years are simplified for project use; verify exact legal/COW tenure dates for research-grade historical modeling.
Maldives,MV,MDV,current_iso3166_country_or_area,sovereign_state,1965,2026,Asia,Southern Asia,AFC,"Correlates of War Project. 2025. State System Membership, v2024. https://correlatesofwar.org/data-sets/state-system-membership/ | United Nations member states via OWID data page. https://ourworldindata.org/grapher/united-nations-membership-status",Country metadata: countryinfo package / ISO 3166 country names; verify against ISO source for production use.,FIFA Member Associations. https://inside.fifa.com/associations,Current-form start years are simplified for project use; verify exact legal/COW tenure dates for research-grade historical modeling.
Singapore,SG,SGP,current_iso3166_country_or_area,sovereign_state,1965,2026,Asia,South-Eastern Asia,AFC,"Correlates of War Project. 2025. State System Membership, v2024. https://correlatesofwar.org/data-sets/state-system-membership/ | United Nations member states via OWID data page. https://ourworldindata.org/grapher/united-nations-membership-status",Country metadata: countryinfo package / ISO 3166 country names; verify against ISO source for production use.,FIFA Member Associations. https://inside.fifa.com/associations,Current-form start years are simplified for project use; verify exact legal/COW tenure dates for research-grade historical modeling.
Barbados,BB,BRB,current_iso3166_country_or_area,sovereign_state,1966,2026,Americas,Caribbean,CONCACAF,"Correlates of War Project. 2025. State System Membership, v2024. https://correlatesofwar.org/data-sets/state-system-membership/ | United Nations member states via OWID data page. https://ourworldindata.org/grapher/united-nations-membership-status",Country metadata: countryinfo package / ISO 3166 country names; verify against ISO source for production use.,FIFA Member Associations. https://inside.fifa.com/associations,Current-form start years are simplified for project use; verify exact legal/COW tenure dates for research-grade historical modeling.
Botswana,BW,BWA,current_iso3166_country_or_area,sovereign_state,1966,2026,Africa,Southern Africa,CAF,"Correlates of War Project. 2025. State System Membership, v2024. https://correlatesofwar.org/data-sets/state-system-membership/ | United Nations member states via OWID data page. https://ourworldindata.org/grapher/united-nations-membership-status",Country metadata: countryinfo package / ISO 3166 country names; verify against ISO source for production use.,FIFA Member Associations. https://inside.fifa.com/associations,Current-form start years are simplified for project use; verify exact legal/COW tenure dates for research-grade historical modeling.
Guyana,GY,GUY,current_iso3166_country_or_area,sovereign_state,1966,2026,Americas,South America,CONCACAF,"Correlates of War Project. 2025. State System Membership, v2024. https://correlatesofwar.org/data-sets/state-system-membership/ | United Nations member states via OWID data page. https://ourworldindata.org/grapher/united-nations-membership-status",Country metadata: countryinfo package / ISO 3166 country names; verify against ISO source for production use.,FIFA Member Associations. https://inside.fifa.com/associations,Current-form start years are simplified for project use; verify exact legal/COW tenure dates for research-grade historical modeling.
Lesotho,LS,LSO,current_iso3166_country_or_area,sovereign_state,1966,2026,Africa,Southern Africa,CAF,"Correlates of War Project. 2025. State System Membership, v2024. https://correlatesofwar.org/data-sets/state-system-membership/ | United Nations member states via OWID data page. https://ourworldindata.org/grapher/united-nations-membership-status",Country metadata: countryinfo package / ISO 3166 country names; verify against ISO source for production use.,FIFA Member Associations. https://inside.fifa.com/associations,Current-form start years are simplified for project use; verify exact legal/COW tenure dates for research-grade historical modeling.
South Yemen,YD,YMD,historic_state,historic_state,1967,1990,Asia,Western Asia,AFC,"Correlates of War Project. 2025. State System Membership, v2024. https://correlatesofwar.org/data-sets/state-system-membership/",Manual historical mapping for football dataset; verify for research use.,FIFA Member Associations. https://inside.fifa.com/associations,Manually added because historical football datasets often contain this entity.
Equatorial Guinea,GQ,GNQ,current_iso3166_country_or_area,sovereign_state,1968,2026,Africa,Middle Africa,CAF,"Correlates of War Project. 2025. State System Membership, v2024. https://correlatesofwar.org/data-sets/state-system-membership/ | United Nations member states via OWID data page. https://ourworldindata.org/grapher/united-nations-membership-status",Country metadata: countryinfo package / ISO 3166 country names; verify against ISO source for production use.,FIFA Member Associations. https://inside.fifa.com/associations,Current-form start years are simplified for project use; verify exact legal/COW tenure dates for research-grade historical modeling.
Eswatini,SZ,SWZ,current_iso3166_country_or_area,sovereign_state,1968,2026,Africa,Southern Africa,CAF,"Correlates of War Project. 2025. State System Membership, v2024. https://correlatesofwar.org/data-sets/state-system-membership/ | United Nations member states via OWID data page. https://ourworldindata.org/grapher/united-nations-membership-status",Country metadata: countryinfo package / ISO 3166 country names; verify against ISO source for production use.,FIFA Member Associations. https://inside.fifa.com/associations,Current-form start years are simplified for project use; verify exact legal/COW tenure dates for research-grade historical modeling.
Mauritius,MU,MUS,current_iso3166_country_or_area,sovereign_state,1968,2026,Africa,Eastern Africa,CAF,"Correlates of War Project. 2025. State System Membership, v2024. https://correlatesofwar.org/data-sets/state-system-membership/ | United Nations member states via OWID data page. https://ourworldindata.org/grapher/united-nations-membership-status",Country metadata: countryinfo package / ISO 3166 country names; verify against ISO source for production use.,FIFA Member Associations. https://inside.fifa.com/associations,Current-form start years are simplified for project use; verify exact legal/COW tenure dates for research-grade historical modeling.
Nauru,NR,NRU,current_iso3166_country_or_area,sovereign_state,1968,2026,Oceania,Micronesia,OFC,"Correlates of War Project. 2025. State System Membership, v2024. https://correlatesofwar.org/data-sets/state-system-membership/ | United Nations member states via OWID data page. https://ourworldindata.org/grapher/united-nations-membership-status",Country metadata: countryinfo package / ISO 3166 country names; verify against ISO source for production use.,FIFA Member Associations. https://inside.fifa.com/associations,Current-form start years are simplified for project use; verify exact legal/COW tenure dates for research-grade historical modeling.
Fiji,FJ,FJI,current_iso3166_country_or_area,sovereign_state,1970,2026,Oceania,Melanesia,OFC,"Correlates of War Project. 2025. State System Membership, v2024. https://correlatesofwar.org/data-sets/state-system-membership/ | United Nations member states via OWID data page. https://ourworldindata.org/grapher/united-nations-membership-status",Country metadata: countryinfo package / ISO 3166 country names; verify against ISO source for production use.,FIFA Member Associations. https://inside.fifa.com/associations,Current-form start years are simplified for project use; verify exact legal/COW tenure dates for research-grade historical modeling.
Tonga,TO,TON,current_iso3166_country_or_area,sovereign_state,1970,2026,Oceania,Polynesia,OFC,"Correlates of War Project. 2025. State System Membership, v2024. https://correlatesofwar.org/data-sets/state-system-membership/ | United Nations member states via OWID data page. https://ourworldindata.org/grapher/united-nations-membership-status",Country metadata: countryinfo package / ISO 3166 country names; verify against ISO source for production use.,FIFA Member Associations. https://inside.fifa.com/associations,Current-form start years are simplified for project use; verify exact legal/COW tenure dates for research-grade historical modeling.
Bahrain,BH,BHR,current_iso3166_country_or_area,sovereign_state,1971,2026,Asia,Western Asia,AFC,"Correlates of War Project. 2025. State System Membership, v2024. https://correlatesofwar.org/data-sets/state-system-membership/ | United Nations member states via OWID data page. https://ourworldindata.org/grapher/united-nations-membership-status",Country metadata: countryinfo package / ISO 3166 country names; verify against ISO source for production use.,FIFA Member Associations. https://inside.fifa.com/associations,Current-form start years are simplified for project use; verify exact legal/COW tenure dates for research-grade historical modeling.
Bangladesh,BD,BGD,current_iso3166_country_or_area,sovereign_state,1971,2026,Asia,Southern Asia,AFC,"Correlates of War Project. 2025. State System Membership, v2024. https://correlatesofwar.org/data-sets/state-system-membership/ | United Nations member states via OWID data page. https://ourworldindata.org/grapher/united-nations-membership-status",Country metadata: countryinfo package / ISO 3166 country names; verify against ISO source for production use.,FIFA Member Associations. https://inside.fifa.com/associations,Current-form start years are simplified for project use; verify exact legal/COW tenure dates for research-grade historical modeling.
Qatar,QA,QAT,current_iso3166_country_or_area,sovereign_state,1971,2026,Asia,Western Asia,AFC,"Correlates of War Project. 2025. State System Membership, v2024. https://correlatesofwar.org/data-sets/state-system-membership/ | United Nations member states via OWID data page. https://ourworldindata.org/grapher/united-nations-membership-status",Country metadata: countryinfo package / ISO 3166 country names; verify against ISO source for production use.,FIFA Member Associations. https://inside.fifa.com/associations,Current-form start years are simplified for project use; verify exact legal/COW tenure dates for research-grade historical modeling.
United Arab Emirates,AE,ARE,current_iso3166_country_or_area,sovereign_state,1971,2026,Asia,Western Asia,AFC,"Correlates of War Project. 2025. State System Membership, v2024. https://correlatesofwar.org/data-sets/state-system-membership/ | United Nations member states via OWID data page. https://ourworldindata.org/grapher/united-nations-membership-status",Country metadata: countryinfo package / ISO 3166 country names; verify against ISO source for production use.,FIFA Member Associations. https://inside.fifa.com/associations,Current-form start years are simplified for project use; verify exact legal/COW tenure dates for research-grade historical modeling.
Bahamas,BS,BHS,current_iso3166_country_or_area,sovereign_state,1973,2026,Americas,Caribbean,CONCACAF,"Correlates of War Project. 2025. State System Membership, v2024. https://correlatesofwar.org/data-sets/state-system-membership/ | United Nations member states via OWID data page. https://ourworldindata.org/grapher/united-nations-membership-status",Country metadata: countryinfo package / ISO 3166 country names; verify against ISO source for production use.,FIFA Member Associations. https://inside.fifa.com/associations,Current-form start years are simplified for project use; verify exact legal/COW tenure dates for research-grade historical modeling.
Guinea-Bissau,GW,GNB,current_iso3166_country_or_area,sovereign_state,1974,2026,Africa,Western Africa,CAF,"Correlates of War Project. 2025. State System Membership, v2024. https://correlatesofwar.org/data-sets/state-system-membership/ | United Nations member states via OWID data page. https://ourworldindata.org/grapher/united-nations-membership-status",Country metadata: countryinfo package / ISO 3166 country names; verify against ISO source for production use.,FIFA Member Associations. https://inside.fifa.com/associations,Current-form start years are simplified for project use; verify exact legal/COW tenure dates for research-grade historical modeling.
Angola,AO,AGO,current_iso3166_country_or_area,sovereign_state,1975,2026,Africa,Middle Africa,CAF,"Correlates of War Project. 2025. State System Membership, v2024. https://correlatesofwar.org/data-sets/state-system-membership/ | United Nations member states via OWID data page. https://ourworldindata.org/grapher/united-nations-membership-status",Country metadata: countryinfo package / ISO 3166 country names; verify against ISO source for production use.,FIFA Member Associations. https://inside.fifa.com/associations,Current-form start years are simplified for project use; verify exact legal/COW tenure dates for research-grade historical modeling.
Cabo Verde,CV,CPV,current_iso3166_country_or_area,sovereign_state,1975,2026,Africa,Western Africa,CAF,"Correlates of War Project. 2025. State System Membership, v2024. https://correlatesofwar.org/data-sets/state-system-membership/ | United Nations member states via OWID data page. https://ourworldindata.org/grapher/united-nations-membership-status",Country metadata: countryinfo package / ISO 3166 country names; verify against ISO source for production use.,FIFA Member Associations. https://inside.fifa.com/associations,Current-form start years are simplified for project use; verify exact legal/COW tenure dates for research-grade historical modeling.
Comoros,KM,COM,current_iso3166_country_or_area,sovereign_state,1975,2026,Africa,Eastern Africa,CAF,"Correlates of War Project. 2025. State System Membership, v2024. https://correlatesofwar.org/data-sets/state-system-membership/ | United Nations member states via OWID data page. https://ourworldindata.org/grapher/united-nations-membership-status",Country metadata: countryinfo package / ISO 3166 country names; verify against ISO source for production use.,FIFA Member Associations. https://inside.fifa.com/associations,Current-form start years are simplified for project use; verify exact legal/COW tenure dates for research-grade historical modeling.
Mozambique,MZ,MOZ,current_iso3166_country_or_area,sovereign_state,1975,2026,Africa,Eastern Africa,CAF,"Correlates of War Project. 2025. State System Membership, v2024. https://correlatesofwar.org/data-sets/state-system-membership/ | United Nations member states via OWID data page. https://ourworldindata.org/grapher/united-nations-membership-status",Country metadata: countryinfo package / ISO 3166 country names; verify against ISO source for production use.,FIFA Member Associations. https://inside.fifa.com/associations,Current-form start years are simplified for project use; verify exact legal/COW tenure dates for research-grade historical modeling.
Papua New Guinea,PG,PNG,current_iso3166_country_or_area,sovereign_state,1975,2026,Oceania,Melanesia,OFC,"Correlates of War Project. 2025. State System Membership, v2024. https://correlatesofwar.org/data-sets/state-system-membership/ | United Nations member states via OWID data page. https://ourworldindata.org/grapher/united-nations-membership-status",Country metadata: countryinfo package / ISO 3166 country names; verify against ISO source for production use.,FIFA Member Associations. https://inside.fifa.com/associations,Current-form start years are simplified for project use; verify exact legal/COW tenure dates for research-grade historical modeling.
Sao Tome and Principe,ST,STP,current_iso3166_country_or_area,sovereign_state,1975,2026,Africa,Middle Africa,CAF,"Correlates of War Project. 2025. State System Membership, v2024. https://correlatesofwar.org/data-sets/state-system-membership/ | United Nations member states via OWID data page. https://ourworldindata.org/grapher/united-nations-membership-status",Country metadata: countryinfo package / ISO 3166 country names; verify against ISO source for production use.,FIFA Member Associations. https://inside.fifa.com/associations,Current-form start years are simplified for project use; verify exact legal/COW tenure dates for research-grade historical modeling.
Suriname,SR,SUR,current_iso3166_country_or_area,sovereign_state,1975,2026,Americas,South America,CONCACAF,"Correlates of War Project. 2025. State System Membership, v2024. https://correlatesofwar.org/data-sets/state-system-membership/ | United Nations member states via OWID data page. https://ourworldindata.org/grapher/united-nations-membership-status",Country metadata: countryinfo package / ISO 3166 country names; verify against ISO source for production use.,FIFA Member Associations. https://inside.fifa.com/associations,Current-form start years are simplified for project use; verify exact legal/COW tenure dates for research-grade historical modeling.
Seychelles,SC,SYC,current_iso3166_country_or_area,sovereign_state,1976,2026,Africa,Eastern Africa,CAF,"Correlates of War Project. 2025. State System Membership, v2024. https://correlatesofwar.org/data-sets/state-system-membership/ | United Nations member states via OWID data page. https://ourworldindata.org/grapher/united-nations-membership-status",Country metadata: countryinfo package / ISO 3166 country names; verify against ISO source for production use.,FIFA Member Associations. https://inside.fifa.com/associations,Current-form start years are simplified for project use; verify exact legal/COW tenure dates for research-grade historical modeling.
Viet Nam,VN,VNM,current_iso3166_country_or_area,sovereign_state,1976,2026,Asia,South-Eastern Asia,AFC,"Correlates of War Project. 2025. State System Membership, v2024. https://correlatesofwar.org/data-sets/state-system-membership/ | United Nations member states via OWID data page. https://ourworldindata.org/grapher/united-nations-membership-status",Country metadata: countryinfo package / ISO 3166 country names; verify against ISO source for production use.,FIFA Member Associations. https://inside.fifa.com/associations,Current-form start years are simplified for project use; verify exact legal/COW tenure dates for research-grade historical modeling.
Djibouti,DJ,DJI,current_iso3166_country_or_area,sovereign_state,1977,2026,Africa,Eastern Africa,CAF,"Correlates of War Project. 2025. State System Membership, v2024. https://correlatesofwar.org/data-sets/state-system-membership/ | United Nations member states via OWID data page. https://ourworldindata.org/grapher/united-nations-membership-status",Country metadata: countryinfo package / ISO 3166 country names; verify against ISO source for production use.,FIFA Member Associations. https://inside.fifa.com/associations,Current-form start years are simplified for project use; verify exact legal/COW tenure dates for research-grade historical modeling.
Dominica,DM,DMA,current_iso3166_country_or_area,sovereign_state,1978,2026,Americas,Caribbean,CONCACAF,"Correlates of War Project. 2025. State System Membership, v2024. https://correlatesofwar.org/data-sets/state-system-membership/ | United Nations member states via OWID data page. https://ourworldindata.org/grapher/united-nations-membership-status",Country metadata: countryinfo package / ISO 3166 country names; verify against ISO source for production use.,FIFA Member Associations. https://inside.fifa.com/associations,Current-form start years are simplified for project use; verify exact legal/COW tenure dates for research-grade historical modeling.
Solomon Islands,SB,SLB,current_iso3166_country_or_area,sovereign_state,1978,2026,Oceania,Melanesia,OFC,"Correlates of War Project. 2025. State System Membership, v2024. https://correlatesofwar.org/data-sets/state-system-membership/ | United Nations member states via OWID data page. https://ourworldindata.org/grapher/united-nations-membership-status",Country metadata: countryinfo package / ISO 3166 country names; verify against ISO source for production use.,FIFA Member Associations. https://inside.fifa.com/associations,Current-form start years are simplified for project use; verify exact legal/COW tenure dates for research-grade historical modeling.
Tuvalu,TV,TUV,current_iso3166_country_or_area,sovereign_state,1978,2026,Oceania,Polynesia,OFC,"Correlates of War Project. 2025. State System Membership, v2024. https://correlatesofwar.org/data-sets/state-system-membership/ | United Nations member states via OWID data page. https://ourworldindata.org/grapher/united-nations-membership-status",Country metadata: countryinfo package / ISO 3166 country names; verify against ISO source for production use.,FIFA Member Associations. https://inside.fifa.com/associations,Current-form start years are simplified for project use; verify exact legal/COW tenure dates for research-grade historical modeling.
Kiribati,KI,KIR,current_iso3166_country_or_area,sovereign_state,1979,2026,Oceania,Micronesia,OFC,"Correlates of War Project. 2025. State System Membership, v2024. https://correlatesofwar.org/data-sets/state-system-membership/ | United Nations member states via OWID data page. https://ourworldindata.org/grapher/united-nations-membership-status",Country metadata: countryinfo package / ISO 3166 country names; verify against ISO source for production use.,FIFA Member Associations. https://inside.fifa.com/associations,Current-form start years are simplified for project use; verify exact legal/COW tenure dates for research-grade historical modeling.
Saint Lucia,LC,LCA,current_iso3166_country_or_area,sovereign_state,1979,2026,Americas,Caribbean,CONCACAF,"Correlates of War Project. 2025. State System Membership, v2024. https://correlatesofwar.org/data-sets/state-system-membership/ | United Nations member states via OWID data page. https://ourworldindata.org/grapher/united-nations-membership-status",Country metadata: countryinfo package / ISO 3166 country names; verify against ISO source for production use.,FIFA Member Associations. https://inside.fifa.com/associations,Current-form start years are simplified for project use; verify exact legal/COW tenure dates for research-grade historical modeling.
Saint Vincent and the Grenadines,VC,VCT,current_iso3166_country_or_area,sovereign_state,1979,2026,Americas,Caribbean,CONCACAF,"Correlates of War Project. 2025. State System Membership, v2024. https://correlatesofwar.org/data-sets/state-system-membership/ | United Nations member states via OWID data page. https://ourworldindata.org/grapher/united-nations-membership-status",Country metadata: countryinfo package / ISO 3166 country names; verify against ISO source for production use.,FIFA Member Associations. https://inside.fifa.com/associations,Current-form start years are simplified for project use; verify exact legal/COW tenure dates for research-grade historical modeling.
Vanuatu,VU,VUT,current_iso3166_country_or_area,sovereign_state,1980,2026,Oceania,Melanesia,OFC,"Correlates of War Project. 2025. State System Membership, v2024. https://correlatesofwar.org/data-sets/state-system-membership/ | United Nations member states via OWID data page. https://ourworldindata.org/grapher/united-nations-membership-status",Country metadata: countryinfo package / ISO 3166 country names; verify against ISO source for production use.,FIFA Member Associations. https://inside.fifa.com/associations,Current-form start years are simplified for project use; verify exact legal/COW tenure dates for research-grade historical modeling.
Zimbabwe,ZW,ZWE,current_iso3166_country_or_area,sovereign_state,1980,2026,Africa,Eastern Africa,CAF,"Correlates of War Project. 2025. State System Membership, v2024. https://correlatesofwar.org/data-sets/state-system-membership/ | United Nations member states via OWID data page. https://ourworldindata.org/grapher/united-nations-membership-status",Country metadata: countryinfo package / ISO 3166 country names; verify against ISO source for production use.,FIFA Member Associations. https://inside.fifa.com/associations,Current-form start years are simplified for project use; verify exact legal/COW tenure dates for research-grade historical modeling.
Antigua and Barbuda,AG,ATG,current_iso3166_country_or_area,sovereign_state,1981,2026,Americas,Caribbean,CONCACAF,"Correlates of War Project. 2025. State System Membership, v2024. https://correlatesofwar.org/data-sets/state-system-membership/ | United Nations member states via OWID data page. https://ourworldindata.org/grapher/united-nations-membership-status",Country metadata: countryinfo package / ISO 3166 country names; verify against ISO source for production use.,FIFA Member Associations. https://inside.fifa.com/associations,Current-form start years are simplified for project use; verify exact legal/COW tenure dates for research-grade historical modeling.
Belize,BZ,BLZ,current_iso3166_country_or_area,sovereign_state,1981,2026,Americas,Central America,CONCACAF,"Correlates of War Project. 2025. State System Membership, v2024. https://correlatesofwar.org/data-sets/state-system-membership/ | United Nations member states via OWID data page. https://ourworldindata.org/grapher/united-nations-membership-status",Country metadata: countryinfo package / ISO 3166 country names; verify against ISO source for production use.,FIFA Member Associations. https://inside.fifa.com/associations,Current-form start years are simplified for project use; verify exact legal/COW tenure dates for research-grade historical modeling.
Saint Kitts and Nevis,KN,KNA,current_iso3166_country_or_area,sovereign_state,1983,2026,Americas,Caribbean,CONCACAF,"Correlates of War Project. 2025. State System Membership, v2024. https://correlatesofwar.org/data-sets/state-system-membership/ | United Nations member states via OWID data page. https://ourworldindata.org/grapher/united-nations-membership-status",Country metadata: countryinfo package / ISO 3166 country names; verify against ISO source for production use.,FIFA Member Associations. https://inside.fifa.com/associations,Current-form start years are simplified for project use; verify exact legal/COW tenure dates for research-grade historical modeling.
Brunei Darussalam,BN,BRN,current_iso3166_country_or_area,sovereign_state,1984,2026,Asia,South-Eastern Asia,AFC,"Correlates of War Project. 2025. State System Membership, v2024. https://correlatesofwar.org/data-sets/state-system-membership/ | United Nations member states via OWID data page. https://ourworldindata.org/grapher/united-nations-membership-status",Country metadata: countryinfo package / ISO 3166 country names; verify against ISO source for production use.,FIFA Member Associations. https://inside.fifa.com/associations,Current-form start years are simplified for project use; verify exact legal/COW tenure dates for research-grade historical modeling.
Marshall Islands,MH,MHL,current_iso3166_country_or_area,sovereign_state,1986,2026,Oceania,Micronesia,OFC,"Correlates of War Project. 2025. State System Membership, v2024. https://correlatesofwar.org/data-sets/state-system-membership/ | United Nations member states via OWID data page. https://ourworldindata.org/grapher/united-nations-membership-status",Country metadata: countryinfo package / ISO 3166 country names; verify against ISO source for production use.,FIFA Member Associations. https://inside.fifa.com/associations,Current-form start years are simplified for project use; verify exact legal/COW tenure dates for research-grade historical modeling.
"Micronesia, Federated States of",FM,FSM,current_iso3166_country_or_area,sovereign_state,1986,2026,Oceania,Micronesia,OFC,"Correlates of War Project. 2025. State System Membership, v2024. https://correlatesofwar.org/data-sets/state-system-membership/ | United Nations member states via OWID data page. https://ourworldindata.org/grapher/united-nations-membership-status",Country metadata: countryinfo package / ISO 3166 country names; verify against ISO source for production use.,FIFA Member Associations. https://inside.fifa.com/associations,Current-form start years are simplified for project use; verify exact legal/COW tenure dates for research-grade historical modeling.
"Palestine, State of",PS,PSE,current_iso3166_country_or_area,un_observer_state,1988,2026,Asia,Western Asia,AFC,"Correlates of War Project. 2025. State System Membership, v2024. https://correlatesofwar.org/data-sets/state-system-membership/ | United Nations member states via OWID data page. https://ourworldindata.org/grapher/united-nations-membership-status",Country metadata: countryinfo package / ISO 3166 country names; verify against ISO source for production use.,FIFA Member Associations. https://inside.fifa.com/associations,Current-form start years are simplified for project use; verify exact legal/COW tenure dates for research-grade historical modeling.
Germany,DE,DEU,current_iso3166_country_or_area,sovereign_state,1990,2026,Europe,Western Europe,UEFA,"Correlates of War Project. 2025. State System Membership, v2024. https://correlatesofwar.org/data-sets/state-system-membership/ | United Nations member states via OWID data page. https://ourworldindata.org/grapher/united-nations-membership-status",Country metadata: countryinfo package / ISO 3166 country names; verify against ISO source for production use.,FIFA Member Associations. https://inside.fifa.com/associations,Current-form start years are simplified for project use; verify exact legal/COW tenure dates for research-grade historical modeling.
Namibia,NA,NAM,current_iso3166_country_or_area,sovereign_state,1990,2026,Africa,Southern Africa,CAF,"Correlates of War Project. 2025. State System Membership, v2024. https://correlatesofwar.org/data-sets/state-system-membership/ | United Nations member states via OWID data page. https://ourworldindata.org/grapher/united-nations-membership-status",Country metadata: countryinfo package / ISO 3166 country names; verify against ISO source for production use.,FIFA Member Associations. https://inside.fifa.com/associations,Current-form start years are simplified for project use; verify exact legal/COW tenure dates for research-grade historical modeling.
Yemen,YE,YEM,current_iso3166_country_or_area,sovereign_state,1990,2026,Asia,Western Asia,AFC,"Correlates of War Project. 2025. State System Membership, v2024. https://correlatesofwar.org/data-sets/state-system-membership/ | United Nations member states via OWID data page. https://ourworldindata.org/grapher/united-nations-membership-status",Country metadata: countryinfo package / ISO 3166 country names; verify against ISO source for production use.,FIFA Member Associations. https://inside.fifa.com/associations,Current-form start years are simplified for project use; verify exact legal/COW tenure dates for research-grade historical modeling.
Armenia,AM,ARM,current_iso3166_country_or_area,sovereign_state,1991,2026,Asia,Western Asia,UEFA,"Correlates of War Project. 2025. State System Membership, v2024. https://correlatesofwar.org/data-sets/state-system-membership/ | United Nations member states via OWID data page. https://ourworldindata.org/grapher/united-nations-membership-status",Country metadata: countryinfo package / ISO 3166 country names; verify against ISO source for production use.,FIFA Member Associations. https://inside.fifa.com/associations,Current-form start years are simplified for project use; verify exact legal/COW tenure dates for research-grade historical modeling.
Azerbaijan,AZ,AZE,current_iso3166_country_or_area,sovereign_state,1991,2026,Asia,Western Asia,UEFA,"Correlates of War Project. 2025. State System Membership, v2024. https://correlatesofwar.org/data-sets/state-system-membership/ | United Nations member states via OWID data page. https://ourworldindata.org/grapher/united-nations-membership-status",Country metadata: countryinfo package / ISO 3166 country names; verify against ISO source for production use.,FIFA Member Associations. https://inside.fifa.com/associations,Current-form start years are simplified for project use; verify exact legal/COW tenure dates for research-grade historical modeling.
Belarus,BY,BLR,current_iso3166_country_or_area,sovereign_state,1991,2026,Europe,Eastern Europe,UEFA,"Correlates of War Project. 2025. State System Membership, v2024. https://correlatesofwar.org/data-sets/state-system-membership/ | United Nations member states via OWID data page. https://ourworldindata.org/grapher/united-nations-membership-status",Country metadata: countryinfo package / ISO 3166 country names; verify against ISO source for production use.,FIFA Member Associations. https://inside.fifa.com/associations,Current-form start years are simplified for project use; verify exact legal/COW tenure dates for research-grade historical modeling.
Croatia,HR,HRV,current_iso3166_country_or_area,sovereign_state,1991,2026,Europe,Southern Europe,UEFA,"Correlates of War Project. 2025. State System Membership, v2024. https://correlatesofwar.org/data-sets/state-system-membership/ | United Nations member states via OWID data page. https://ourworldindata.org/grapher/united-nations-membership-status",Country metadata: countryinfo package / ISO 3166 country names; verify against ISO source for production use.,FIFA Member Associations. https://inside.fifa.com/associations,Current-form start years are simplified for project use; verify exact legal/COW tenure dates for research-grade historical modeling.
Estonia,EE,EST,current_iso3166_country_or_area,sovereign_state,1991,2026,Europe,Northern Europe,UEFA,"Correlates of War Project. 2025. State System Membership, v2024. https://correlatesofwar.org/data-sets/state-system-membership/ | United Nations member states via OWID data page. https://ourworldindata.org/grapher/united-nations-membership-status",Country metadata: countryinfo package / ISO 3166 country names; verify against ISO source for production use.,FIFA Member Associations. https://inside.fifa.com/associations,Current-form start years are simplified for project use; verify exact legal/COW tenure dates for research-grade historical modeling.
Georgia,GE,GEO,current_iso3166_country_or_area,sovereign_state,1991,2026,Asia,Western Asia,UEFA,"Correlates of War Project. 2025. State System Membership, v2024. https://correlatesofwar.org/data-sets/state-system-membership/ | United Nations member states via OWID data page. https://ourworldindata.org/grapher/united-nations-membership-status",Country metadata: countryinfo package / ISO 3166 country names; verify against ISO source for production use.,FIFA Member Associations. https://inside.fifa.com/associations,Current-form start years are simplified for project use; verify exact legal/COW tenure dates for research-grade historical modeling.
Kazakhstan,KZ,KAZ,current_iso3166_country_or_area,sovereign_state,1991,2026,Asia,Central Asia,UEFA,"Correlates of War Project. 2025. State System Membership, v2024. https://correlatesofwar.org/data-sets/state-system-membership/ | United Nations member states via OWID data page. https://ourworldindata.org/grapher/united-nations-membership-status",Country metadata: countryinfo package / ISO 3166 country names; verify against ISO source for production use.,FIFA Member Associations. https://inside.fifa.com/associations,Current-form start years are simplified for project use; verify exact legal/COW tenure dates for research-grade historical modeling.
Kyrgyzstan,KG,KGZ,current_iso3166_country_or_area,sovereign_state,1991,2026,Asia,Central Asia,AFC,"Correlates of War Project. 2025. State System Membership, v2024. https://correlatesofwar.org/data-sets/state-system-membership/ | United Nations member states via OWID data page. https://ourworldindata.org/grapher/united-nations-membership-status",Country metadata: countryinfo package / ISO 3166 country names; verify against ISO source for production use.,FIFA Member Associations. https://inside.fifa.com/associations,Current-form start years are simplified for project use; verify exact legal/COW tenure dates for research-grade historical modeling.
Latvia,LV,LVA,current_iso3166_country_or_area,sovereign_state,1991,2026,Europe,Northern Europe,UEFA,"Correlates of War Project. 2025. State System Membership, v2024. https://correlatesofwar.org/data-sets/state-system-membership/ | United Nations member states via OWID data page. https://ourworldindata.org/grapher/united-nations-membership-status",Country metadata: countryinfo package / ISO 3166 country names; verify against ISO source for production use.,FIFA Member Associations. https://inside.fifa.com/associations,Current-form start years are simplified for project use; verify exact legal/COW tenure dates for research-grade historical modeling.
Lithuania,LT,LTU,current_iso3166_country_or_area,sovereign_state,1991,2026,Europe,Northern Europe,UEFA,"Correlates of War Project. 2025. State System Membership, v2024. https://correlatesofwar.org/data-sets/state-system-membership/ | United Nations member states via OWID data page. https://ourworldindata.org/grapher/united-nations-membership-status",Country metadata: countryinfo package / ISO 3166 country names; verify against ISO source for production use.,FIFA Member Associations. https://inside.fifa.com/associations,Current-form start years are simplified for project use; verify exact legal/COW tenure dates for research-grade historical modeling.
"Moldova, Republic of",MD,MDA,current_iso3166_country_or_area,sovereign_state,1991,2026,Europe,Eastern Europe,UEFA,"Correlates of War Project. 2025. State System Membership, v2024. https://correlatesofwar.org/data-sets/state-system-membership/ | United Nations member states via OWID data page. https://ourworldindata.org/grapher/united-nations-membership-status",Country metadata: countryinfo package / ISO 3166 country names; verify against ISO source for production use.,FIFA Member Associations. https://inside.fifa.com/associations,Current-form start years are simplified for project use; verify exact legal/COW tenure dates for research-grade historical modeling.
North Macedonia,MK,MKD,current_iso3166_country_or_area,sovereign_state,1991,2026,Europe,Southern Europe,UEFA,"Correlates of War Project. 2025. State System Membership, v2024. https://correlatesofwar.org/data-sets/state-system-membership/ | United Nations member states via OWID data page. https://ourworldindata.org/grapher/united-nations-membership-status",Country metadata: countryinfo package / ISO 3166 country names; verify against ISO source for production use.,FIFA Member Associations. https://inside.fifa.com/associations,Current-form start years are simplified for project use; verify exact legal/COW tenure dates for research-grade historical modeling.
Russian Federation,RU,RUS,current_iso3166_country_or_area,sovereign_state,1991,2026,Europe,Eastern Europe,UEFA,"Correlates of War Project. 2025. State System Membership, v2024. https://correlatesofwar.org/data-sets/state-system-membership/ | United Nations member states via OWID data page. https://ourworldindata.org/grapher/united-nations-membership-status",Country metadata: countryinfo package / ISO 3166 country names; verify against ISO source for production use.,FIFA Member Associations. https://inside.fifa.com/associations,Current-form start years are simplified for project use; verify exact legal/COW tenure dates for research-grade historical modeling.
Slovenia,SI,SVN,current_iso3166_country_or_area,sovereign_state,1991,2026,Europe,Southern Europe,UEFA,"Correlates of War Project. 2025. State System Membership, v2024. https://correlatesofwar.org/data-sets/state-system-membership/ | United Nations member states via OWID data page. https://ourworldindata.org/grapher/united-nations-membership-status",Country metadata: countryinfo package / ISO 3166 country names; verify against ISO source for production use.,FIFA Member Associations. https://inside.fifa.com/associations,Current-form start years are simplified for project use; verify exact legal/COW tenure dates for research-grade historical modeling.
Tajikistan,TJ,TJK,current_iso3166_country_or_area,sovereign_state,1991,2026,Asia,Central Asia,AFC,"Correlates of War Project. 2025. State System Membership, v2024. https://correlatesofwar.org/data-sets/state-system-membership/ | United Nations member states via OWID data page. https://ourworldindata.org/grapher/united-nations-membership-status",Country metadata: countryinfo package / ISO 3166 country names; verify against ISO source for production use.,FIFA Member Associations. https://inside.fifa.com/associations,Current-form start years are simplified for project use; verify exact legal/COW tenure dates for research-grade historical modeling.
Turkmenistan,TM,TKM,current_iso3166_country_or_area,sovereign_state,1991,2026,Asia,Central Asia,AFC,"Correlates of War Project. 2025. State System Membership, v2024. https://correlatesofwar.org/data-sets/state-system-membership/ | United Nations member states via OWID data page. https://ourworldindata.org/grapher/united-nations-membership-status",Country metadata: countryinfo package / ISO 3166 country names; verify against ISO source for production use.,FIFA Member Associations. https://inside.fifa.com/associations,Current-form start years are simplified for project use; verify exact legal/COW tenure dates for research-grade historical modeling.
Ukraine,UA,UKR,current_iso3166_country_or_area,sovereign_state,1991,2026,Europe,Eastern Europe,UEFA,"Correlates of War Project. 2025. State System Membership, v2024. https://correlatesofwar.org/data-sets/state-system-membership/ | United Nations member states via OWID data page. https://ourworldindata.org/grapher/united-nations-membership-status",Country metadata: countryinfo package / ISO 3166 country names; verify against ISO source for production use.,FIFA Member Associations. https://inside.fifa.com/associations,Current-form start years are simplified for project use; verify exact legal/COW tenure dates for research-grade historical modeling.
Uzbekistan,UZ,UZB,current_iso3166_country_or_area,sovereign_state,1991,2026,Asia,Central Asia,AFC,"Correlates of War Project. 2025. State System Membership, v2024. https://correlatesofwar.org/data-sets/state-system-membership/ | United Nations member states via OWID data page. https://ourworldindata.org/grapher/united-nations-membership-status",Country metadata: countryinfo package / ISO 3166 country names; verify against ISO source for production use.,FIFA Member Associations. https://inside.fifa.com/associations,Current-form start years are simplified for project use; verify exact legal/COW tenure dates for research-grade historical modeling.
Bosnia and Herzegovina,BA,BIH,current_iso3166_country_or_area,sovereign_state,1992,2026,Europe,Southern Europe,UEFA,"Correlates of War Project. 2025. State System Membership, v2024. https://correlatesofwar.org/data-sets/state-system-membership/ | United Nations member states via OWID data page. https://ourworldindata.org/grapher/united-nations-membership-status",Country metadata: countryinfo package / ISO 3166 country names; verify against ISO source for production use.,FIFA Member Associations. https://inside.fifa.com/associations,Current-form start years are simplified for project use; verify exact legal/COW tenure dates for research-grade historical modeling.
Serbia and Montenegro,CS,SCG,historic_state,historic_state,1992,2006,Europe,Southern Europe,UEFA,"Correlates of War Project. 2025. State System Membership, v2024. https://correlatesofwar.org/data-sets/state-system-membership/",Manual historical mapping for football dataset; verify for research use.,FIFA Member Associations. https://inside.fifa.com/associations,Manually added because historical football datasets often contain this entity.
Czechia,CZ,CZE,current_iso3166_country_or_area,sovereign_state,1993,2026,Europe,Eastern Europe,UEFA,"Correlates of War Project. 2025. State System Membership, v2024. https://correlatesofwar.org/data-sets/state-system-membership/ | United Nations member states via OWID data page. https://ourworldindata.org/grapher/united-nations-membership-status",Country metadata: countryinfo package / ISO 3166 country names; verify against ISO source for production use.,FIFA Member Associations. https://inside.fifa.com/associations,Current-form start years are simplified for project use; verify exact legal/COW tenure dates for research-grade historical modeling.
Eritrea,ER,ERI,current_iso3166_country_or_area,sovereign_state,1993,2026,Africa,Eastern Africa,CAF,"Correlates of War Project. 2025. State System Membership, v2024. https://correlatesofwar.org/data-sets/state-system-membership/ | United Nations member states via OWID data page. https://ourworldindata.org/grapher/united-nations-membership-status",Country metadata: countryinfo package / ISO 3166 country names; verify against ISO source for production use.,FIFA Member Associations. https://inside.fifa.com/associations,Current-form start years are simplified for project use; verify exact legal/COW tenure dates for research-grade historical modeling.
Slovakia,SK,SVK,current_iso3166_country_or_area,sovereign_state,1993,2026,Europe,Eastern Europe,UEFA,"Correlates of War Project. 2025. State System Membership, v2024. https://correlatesofwar.org/data-sets/state-system-membership/ | United Nations member states via OWID data page. https://ourworldindata.org/grapher/united-nations-membership-status",Country metadata: countryinfo package / ISO 3166 country names; verify against ISO source for production use.,FIFA Member Associations. https://inside.fifa.com/associations,Current-form start years are simplified for project use; verify exact legal/COW tenure dates for research-grade historical modeling.
Palau,PW,PLW,current_iso3166_country_or_area,sovereign_state,1994,2026,Oceania,Micronesia,OFC,"Correlates of War Project. 2025. State System Membership, v2024. https://correlatesofwar.org/data-sets/state-system-membership/ | United Nations member states via OWID data page. https://ourworldindata.org/grapher/united-nations-membership-status",Country metadata: countryinfo package / ISO 3166 country names; verify against ISO source for production use.,FIFA Member Associations. https://inside.fifa.com/associations,Current-form start years are simplified for project use; verify exact legal/COW tenure dates for research-grade historical modeling.
Timor-Leste,TL,TLS,current_iso3166_country_or_area,sovereign_state,2002,2026,Asia,South-Eastern Asia,AFC,"Correlates of War Project. 2025. State System Membership, v2024. https://correlatesofwar.org/data-sets/state-system-membership/ | United Nations member states via OWID data page. https://ourworldindata.org/grapher/united-nations-membership-status",Country metadata: countryinfo package / ISO 3166 country names; verify against ISO source for production use.,FIFA Member Associations. https://inside.fifa.com/associations,Current-form start years are simplified for project use; verify exact legal/COW tenure dates for research-grade historical modeling.
Montenegro,ME,MNE,current_iso3166_country_or_area,sovereign_state,2006,2026,Europe,Southern Europe,UEFA,"Correlates of War Project. 2025. State System Membership, v2024. https://correlatesofwar.org/data-sets/state-system-membership/ | United Nations member states via OWID data page. https://ourworldindata.org/grapher/united-nations-membership-status",Country metadata: countryinfo package / ISO 3166 country names; verify against ISO source for production use.,FIFA Member Associations. https://inside.fifa.com/associations,Current-form start years are simplified for project use; verify exact legal/COW tenure dates for research-grade historical modeling.
Serbia,RS,SRB,current_iso3166_country_or_area,sovereign_state,2006,2026,Europe,Eastern Europe,UEFA,"Correlates of War Project. 2025. State System Membership, v2024. https://correlatesofwar.org/data-sets/state-system-membership/ | United Nations member states via OWID data page. https://ourworldindata.org/grapher/united-nations-membership-status",Country metadata: countryinfo package / ISO 3166 country names; verify against ISO source for production use.,FIFA Member Associations. https://inside.fifa.com/associations,Current-form start years are simplified for project use; verify exact legal/COW tenure dates for research-grade historical modeling.
South Sudan,SS,SSD,current_iso3166_country_or_area,sovereign_state,2011,2026,Africa,Middle Africa,CAF,"Correlates of War Project. 2025. State System Membership, v2024. https://correlatesofwar.org/data-sets/state-system-membership/ | United Nations member states via OWID data page. https://ourworldindata.org/grapher/united-nations-membership-status",Country metadata: countryinfo package / ISO 3166 country names; verify against ISO source for production use.,FIFA Member Associations. https://inside.fifa.com/associations,Current-form start years are simplified for project use; verify exact legal/COW tenure dates for research-grade historical modeling.
